{
    "id": "2afd4f5a-7f0b-4d43-9574-69d3e8b87540",
    "title": "About_S2M_Center",
    "content": [
        {
            "type": "text",
            "data": "About S2M CENTER"
        },
        {
            "type": "image",
            "data": "image60.png",
            "description": "[Placeholder for AI-generated description]"
        },
        {
            "type": "image",
            "data": "image625.png",
            "description": "[Placeholder for AI-generated description]"
        },
        {
            "type": "text",
            "data": "At anytime inside the S2M CENTER you have access to the About S2M CENTER information by clicking the small ? option at the top right of the screen. This informational window let's you know the exact Version, Revision, and Build of the S2M CENTER you are running. It also has information about how to contact Technical Support."
        }
    ],
    "source_file": "NCEnglish\\Introduction\\Getting_Started\\About_S2M_Center.htm",
    "version": "2024",
    "source_type": "help_file"
}