{
    "id": "64b8edc7-0bbe-453e-8bac-7528443b02e7",
    "title": "Accu-Systems_HPMTH",
    "content": [
        {
            "type": "text",
            "data": "Accu-Systems HPMTH"
        },
        {
            "type": "text",
            "data": "Accu-Systems HPMTH. This machine can haunch, mortise, and tenon. Each program will represent one part. Tools should be assigned to this Machine then linked to an operation."
        }
    ],
    "source_file": "NCEnglish\\Ribbonbar\\Main_Tab\\Machine\\NC_Links\\Drill_and_Dowel_Links\\Accu-Systems_HPMTH.htm",
    "version": "2024",
    "source_type": "help_file"
}