{
    "id": "290c2ed2-3a8d-40d0-9c00-a9254f5f396c",
    "title": "Accu-Systems_Universal",
    "content": [
        {
            "type": "text",
            "data": "Accu-Systems Universal"
        },
        {
            "type": "text",
            "data": "Universal output for various Accu-Systems Drill/Dowel/Mortise/Tenon/Haunching machines. Output is one program per job. Tools should be assigned to this machine then linked to an operation."
        }
    ],
    "source_file": "NCEnglish\\Ribbonbar\\Main_Tab\\Machine\\NC_Links\\Other\\Accu-Systems_Universal.htm",
    "version": "2024",
    "source_type": "help_file"
}