{
    "id": "05ed745b-a36a-400b-b3d7-9bd47d0a4fbe",
    "title": "Accu-Systems_HVVP",
    "content": [
        {
            "type": "text",
            "data": "Accu-Systems HVVP"
        },
        {
            "type": "text",
            "data": "This is a Drill and Dowel Machine Link."
        },
        {
            "type": "text",
            "data": "This machine has 2 horizontal drills, 1 vertical drill and can insert either a 6mm or 8mm dowel. In addition it can create a horizontal slot with a 6mm router bit."
        }
    ],
    "source_file": "NCEnglish\\Ribbonbar\\Main_Tab\\Machine\\NC_Links\\Drill_and_Dowel_Links\\Accu-Systems_HVVP.htm",
    "version": "2024",
    "source_type": "help_file"
}