{
    "id": "01da6d8e-0c0f-42ba-bdea-d94f2373431a",
    "title": "Accu-Systems_MTH",
    "content": [
        {
            "type": "text",
            "data": "Accu-Systems MTH"
        },
        {
            "type": "text",
            "data": "Output for the Accu-Systems MTH."
        },
        {
            "type": "text",
            "data": "Output for Accu-Systems MTH frame Mortise/Tenon/Haunching machine thru AccuCom. This machine can haunch stiles and rails. Output is one program per job. Tools should be assigned to this machine then linked to an operation."
        },
        {
            "type": "text",
            "data": "Specifications for Accu-Systems MTH variable"
        },
        {
            "type": "text",
            "data": "The MTH machine manufactures face frame and door components. These components are relational in their intersections, and units. This relational information is usually not provided in the standard CSV exports provided by design software. This document is designed to outline the data, and format that is needed from the design software in order to process the data for proper machining on the MTH machine."
        },
        {
            "type": "text",
            "data": "A normal record from a CSV file would appear as follows:"
        },
        {
            "type": "text",
            "data": "Description,Width,Thickness,Length,Qunatity,Job,Material,Assembly,Comment1,2,3"
        },
        {
            "type": "text",
            "data": "Stile,2.5,0.75,29.5,4,JOB,Red Oak,Unit1,1,0,Profile1"
        },
        {
            "type": "text",
            "data": "The record provides items such as width, length, and other component specific data used for cutting and labeling. What is missing is any data related to an intersecting part like you would find in a door, or a face frame. Also profiling data for the sides of each part is required to detail the component. For design software to coordinate this data, additional information is needed. A new variable that breaks down all relating intersecting parts, and profiling can be added to provide this data. It requires several things:"
        },
        {
            "type": "text",
            "data": "Unique Unit names for assemblies per job \n Unique part names per unit \n Center point intersection \n Side distinct referencing \n Profile name for Side 0 \n Profile name for Side 1 \n Profile name for End 0 \n Profile name for End 1"
        },
        {
            "type": "text",
            "data": "Unique Unit names for assemblies per job"
        },
        {
            "type": "text",
            "data": "Unique part names per unit"
        },
        {
            "type": "text",
            "data": "Center point intersection"
        },
        {
            "type": "text",
            "data": "Side distinct referencing"
        },
        {
            "type": "text",
            "data": "Profile name for Side 0"
        },
        {
            "type": "text",
            "data": "Profile name for Side 1"
        },
        {
            "type": "text",
            "data": "Profile name for End 0"
        },
        {
            "type": "text",
            "data": "Profile name for End 1"
        },
        {
            "type": "text",
            "data": "An example of this would be:"
        },
        {
            "type": "text",
            "data": "Stile-1,2.5,0.75,29.5,4,JOB,Red Oak,Unit1,1,0, Profile1,(1~2~Rail-1|1~28.375~Rail-2),ProfS0,ProfS1,ProfE0,ProfE1"
        },
        {
            "type": "text",
            "data": "Stile-2,2.5,0.75,29.5,4, JOB,Red Oak, Unit1,1,0, Profile15,(0~2~Rail-1|0~28.375~Rail-2),ProfS0,ProfS1,ProfE0,ProfE1"
        },
        {
            "type": "text",
            "data": "Rail-1,4,0.75,52.875,2, JOB,Red Oak, Unit1,1,1, Profile1,,ProfS0,ProfS1,ProfE0,ProfE1"
        },
        {
            "type": "text",
            "data": "Rail-2,2.5,0.75,52.875,2, JOB,Red Oak, Unit1,1,1, Profile1,,ProfS0,ProfS1,ProfE0,ProfE1"
        },
        {
            "type": "text",
            "data": "In this example, each part within the unit is defined as Stile-1 or Stile-2 etc. within Unit1. The last field  (0~2~Rail-1|0~28.375~Rail-2)  references:"
        },
        {
            "type": "text",
            "data": "The side of the part where the intersection occurs\n \n 0 references the left side of a vertical part \n 0 references the top of a horizontal part \n 1 references the right side of a vertical part \n 1 references the bottom side of a horizontal part \n \n \n The center point of the intersection \n The part name of the intersecting part \n |  separates the intersections within the field"
        },
        {
            "type": "text",
            "data": "The side of the part where the intersection occurs\n \n 0 references the left side of a vertical part \n 0 references the top of a horizontal part \n 1 references the right side of a vertical part \n 1 references the bottom side of a horizontal part"
        },
        {
            "type": "text",
            "data": "0 references the left side of a vertical part \n 0 references the top of a horizontal part \n 1 references the right side of a vertical part \n 1 references the bottom side of a horizontal part"
        },
        {
            "type": "text",
            "data": "0 references the left side of a vertical part"
        },
        {
            "type": "text",
            "data": "0 references the top of a horizontal part"
        },
        {
            "type": "text",
            "data": "1 references the right side of a vertical part"
        },
        {
            "type": "text",
            "data": "1 references the bottom side of a horizontal part"
        },
        {
            "type": "text",
            "data": "The center point of the intersection"
        },
        {
            "type": "text",
            "data": "The part name of the intersecting part"
        },
        {
            "type": "text",
            "data": "|  separates the intersections within the field"
        },
        {
            "type": "text",
            "data": "In this way complex face frames can be manufactured quickly and easily. The following section demonstrates in detail."
        },
        {
            "type": "image",
            "data": "image561.gif",
            "description": "[Placeholder for AI-generated description]"
        },
        {
            "type": "text",
            "data": "With this example there are two stiles, rails, mid-rails, and one mullion. The naming nomenclature to make the two parts unique is unimportant as long as the names are different. In this example they will be specified with a -1 or -2."
        },
        {
            "type": "text",
            "data": "The left stile would be detailed in the CSV as follows:"
        },
        {
            "type": "text",
            "data": "Stile-1,2.5,0.75,29.5,1,JOB,Red Oak,Unit1,1,0, Profile1,"
        },
        {
            "type": "text",
            "data": "(1~1.25~Rail-1|1~28.25~Rail-2|1~13~MidRail-1|1~18~MidRail-2),ProfS0,ProfS1,ProfE0,ProfE1"
        },
        {
            "type": "text",
            "data": "Since all of the intersections of Stile-1 are on the right side, all references are 1. The rails (Rail-1-Rail-2) in this instance are 2.5 inches wide causing the intersection to be centered at 1.25 inches and 28.25 respectively."
        },
        {
            "type": "text",
            "data": "The right stile would be detailed in the CSV as follows:"
        },
        {
            "type": "text",
            "data": "Stile-2,2.5,0.75,29.5,1,JOB,Red Oak,Unit1,1,0, Profile1,"
        },
        {
            "type": "text",
            "data": "(0~1.25~Rail-1|0~28.375~Rail-2),ProfS0,ProfS1,ProfE0,ProfE1"
        },
        {
            "type": "text",
            "data": "The Mid-Rail has no intersections so its record would simple be void of the variable:"
        },
        {
            "type": "text",
            "data": "MidRail-1,2.5,0.75,17.875,1,JOB,Red Oak,Unit1,1,0, Profile1, ,ProfS0,ProfS1,ProfE0,ProfE1"
        },
        {
            "type": "text",
            "data": "The Mullion would be defined much like the Right Stile:"
        },
        {
            "type": "text",
            "data": "Mullion-1,2.5,0.75,24.5,1,JOB,Red Oak,Unit1,1,0, Profile1,"
        },
        {
            "type": "text",
            "data": "(0~10.5~ MidRail -1|0~15.5~ MidRail -2) ,ProfS0,ProfS1,ProfE0,ProfE1"
        },
        {
            "type": "text",
            "data": "The Top and Bottom Rails in this case would be identical with the exception of machining side orientation:"
        },
        {
            "type": "text",
            "data": "Rail-1,2.5,0.75,52.5,1, JOB,Red Oak,Unit1,1,0, Profile1,( 1~20.375~Mullion-1),ProfS0,ProfS1,ProfE0,ProfE1"
        },
        {
            "type": "text",
            "data": "Rail-2,2.5,0.75,52.5,1, JOB,Red Oak,Unit1,1,0, Profile1,( 0~20.375~Mullion-1),ProfS0,ProfS1,ProfE0,ProfE1"
        }
    ],
    "source_file": "NCEnglish\\Ribbonbar\\Main_Tab\\Machine\\NC_Links\\Other\\Accu-Systems_MTH.htm",
    "version": "2024",
    "source_type": "help_file"
}