{
    "id": "2390d3de-a377-44ed-8ccb-6217a64a6ee5",
    "title": "Add_Offcuts",
    "content": [
        {
            "type": "text",
            "data": "Add Offcuts"
        },
        {
            "type": "image",
            "data": "image423.png",
            "description": "[Placeholder for AI-generated description]"
        },
        {
            "type": "text",
            "data": "This button will add all Offcuts, utilizing Materials currently in the Job, from the Offcut Manager for use in your Optimization."
        }
    ],
    "source_file": "NCEnglish\\Sidebar\\Add_Offcuts.htm",
    "version": "2024",
    "source_type": "help_file"
}