{
    "id": "a8a4679f-9f0a-4e1e-8491-7fb977f1d136",
    "title": "ANC_Sheet_Display_Area",
    "content": [
        {
            "type": "text",
            "data": "Sheet Display Area"
        },
        {
            "type": "text",
            "data": "Allows Viewing and Modification, via any ALPHACAMTools, of your Nested Output. Along with other NC Specific Information."
        },
        {
            "type": "image",
            "data": "image162.gif",
            "description": "[Placeholder for AI-generated description]"
        },
        {
            "type": "image",
            "data": "image163.gif",
            "description": "[Placeholder for AI-generated description]"
        }
    ],
    "source_file": "NCEnglish\\Ribbonbar\\Main_Tab\\S2M_for_Alphacam\\Sidebar\\Optimize\\Patterns_View\\ANC_Sheet_Display_Area.htm",
    "version": "2024",
    "source_type": "help_file"
}