{
    "id": "6eb61b82-cd7f-4fd9-bd09-7ceddc6ea5dc",
    "title": "ANC_PS_SIde_Bar_Menu",
    "content": [
        {
            "type": "text",
            "data": "Sidebar"
        },
        {
            "type": "text",
            "data": "Cut Patterns View"
        },
        {
            "type": "image",
            "data": "image600.png",
            "description": "[Placeholder for AI-generated description]"
        },
        {
            "type": "text",
            "data": "There are three Primary Areas in the sidebar:"
        },
        {
            "type": "text",
            "data": "Toolbar"
        },
        {
            "type": "text",
            "data": "There are 11 tools available in the main toolbar:"
        },
        {
            "type": "image",
            "data": "image601.png",
            "description": "[Placeholder for AI-generated description]"
        },
        {
            "type": "text",
            "data": "Return  - Will return you to the previous sidebar. \n \n \n   Save Job State -  Allows you to Save a Job State (SNC) File. \n \n \n  Print  - Allows you to Print the Pattern Layouts. \n \n \n  Sheet View  - Shows the Sheet stacks below. \n \n \n  Part View  - Shows the Parts programs below. \n \n \n  Rebuild Sheet  - Rebuilds the active Sheet Pattern. \n \n \n  First  - Goes to the first Sheet in the selected stack. \n \n \n  Previous  - Goes to the Previous Sheet in the selected stack. \n \n \n  Next  - Goes to the Next Sheet in the selected stack. \n \n \n  Last  - Goes to the Last Sheet in the selected stack. \n \n \n   Show 6th Face -  Will show the 6th Face of your sheet if 6th Face Nesting is active and 6th Face operations exist."
        },
        {
            "type": "text",
            "data": "Return  - Will return you to the previous sidebar."
        },
        {
            "type": "text",
            "data": "Return  - Will return you to the previous sidebar."
        },
        {
            "type": "image",
            "data": "image602.png",
            "description": "[Placeholder for AI-generated description]"
        },
        {
            "type": "text",
            "data": "Save Job State -  Allows you to Save a Job State (SNC) File."
        },
        {
            "type": "text",
            "data": "Save Job State -  Allows you to Save a Job State (SNC) File."
        },
        {
            "type": "image",
            "data": "image603.png",
            "description": "[Placeholder for AI-generated description]"
        },
        {
            "type": "text",
            "data": "Print  - Allows you to Print the Pattern Layouts."
        },
        {
            "type": "text",
            "data": "Print  - Allows you to Print the Pattern Layouts."
        },
        {
            "type": "image",
            "data": "image604.png",
            "description": "[Placeholder for AI-generated description]"
        },
        {
            "type": "text",
            "data": "Sheet View  - Shows the Sheet stacks below."
        },
        {
            "type": "text",
            "data": "Sheet View  - Shows the Sheet stacks below."
        },
        {
            "type": "image",
            "data": "image605.png",
            "description": "[Placeholder for AI-generated description]"
        },
        {
            "type": "text",
            "data": "Part View  - Shows the Parts programs below."
        },
        {
            "type": "text",
            "data": "Part View  - Shows the Parts programs below."
        },
        {
            "type": "image",
            "data": "image606.png",
            "description": "[Placeholder for AI-generated description]"
        },
        {
            "type": "text",
            "data": "Rebuild Sheet  - Rebuilds the active Sheet Pattern."
        },
        {
            "type": "text",
            "data": "Rebuild Sheet  - Rebuilds the active Sheet Pattern."
        },
        {
            "type": "image",
            "data": "image607.png",
            "description": "[Placeholder for AI-generated description]"
        },
        {
            "type": "text",
            "data": "First  - Goes to the first Sheet in the selected stack."
        },
        {
            "type": "text",
            "data": "First  - Goes to the first Sheet in the selected stack."
        },
        {
            "type": "image",
            "data": "image608.png",
            "description": "[Placeholder for AI-generated description]"
        },
        {
            "type": "text",
            "data": "Previous  - Goes to the Previous Sheet in the selected stack."
        },
        {
            "type": "text",
            "data": "Previous  - Goes to the Previous Sheet in the selected stack."
        },
        {
            "type": "image",
            "data": "image609.png",
            "description": "[Placeholder for AI-generated description]"
        },
        {
            "type": "text",
            "data": "Next  - Goes to the Next Sheet in the selected stack."
        },
        {
            "type": "text",
            "data": "Next  - Goes to the Next Sheet in the selected stack."
        },
        {
            "type": "image",
            "data": "image610.png",
            "description": "[Placeholder for AI-generated description]"
        },
        {
            "type": "text",
            "data": "Last  - Goes to the Last Sheet in the selected stack."
        },
        {
            "type": "text",
            "data": "Last  - Goes to the Last Sheet in the selected stack."
        },
        {
            "type": "image",
            "data": "image611.png",
            "description": "[Placeholder for AI-generated description]"
        },
        {
            "type": "text",
            "data": "Show 6th Face -  Will show the 6th Face of your sheet if 6th Face Nesting is active and 6th Face operations exist."
        },
        {
            "type": "text",
            "data": "Show 6th Face -  Will show the 6th Face of your sheet if 6th Face Nesting is active and 6th Face operations exist."
        },
        {
            "type": "image",
            "data": "image612.png",
            "description": "[Placeholder for AI-generated description]"
        },
        {
            "type": "text",
            "data": "Cut Patterns Area"
        },
        {
            "type": "text",
            "data": "Select the stacks in the list to view."
        },
        {
            "type": "image",
            "data": "image397.gif",
            "description": "[Placeholder for AI-generated description]"
        },
        {
            "type": "text",
            "data": "There are seven tools available in the Cut Patterns View toolbar:"
        },
        {
            "type": "image",
            "data": "image613.png",
            "description": "[Placeholder for AI-generated description]"
        },
        {
            "type": "text",
            "data": "Select A Part On The Current Sheet  - This tool allows you to select a Part on the active Pattern in the Drawing Area. \n \n \n  Add Part (s) from Library  - This tool allows you to add a Part from the Part Library to the active Pattern in the Drawing Area."
        },
        {
            "type": "text",
            "data": "Select A Part On The Current Sheet  - This tool allows you to select a Part on the active Pattern in the Drawing Area."
        },
        {
            "type": "text",
            "data": "Select A Part On The Current Sheet  - This tool allows you to select a Part on the active Pattern in the Drawing Area."
        },
        {
            "type": "image",
            "data": "image614.png",
            "description": "[Placeholder for AI-generated description]"
        },
        {
            "type": "text",
            "data": "Add Part (s) from Library  - This tool allows you to add a Part from the Part Library to the active Pattern in the Drawing Area."
        },
        {
            "type": "text",
            "data": "Add Part (s) from Library  - This tool allows you to add a Part from the Part Library to the active Pattern in the Drawing Area."
        },
        {
            "type": "image",
            "data": "image615.png",
            "description": "[Placeholder for AI-generated description]"
        },
        {
            "type": "image",
            "data": "image621.png",
            "description": "[Placeholder for AI-generated description]"
        },
        {
            "type": "text",
            "data": "Cut Selected Part  - Allows you to Cut the selected Part to the Clipboard for pasting on the active sheet or an alternate sheet. \n \n \n  Copy Selected Part  - Allows you to Copy the selected Part to the Clipboard for pasting on the active sheet or an alternate sheet. \n \n \n  Paste Part  - Paste the Part stored on the Clipboard to the active sheet. \n \n \n  Show Part List  - Shows a Part List of all Parts on the active sheet. \n \n \n  Automatically Rebuild after Cut or Paste  - When active this tool will automatically rebuild a sheet when a Part is Cut from or Pasted to the active sheet."
        },
        {
            "type": "text",
            "data": "Cut Selected Part  - Allows you to Cut the selected Part to the Clipboard for pasting on the active sheet or an alternate sheet."
        },
        {
            "type": "text",
            "data": "Cut Selected Part  - Allows you to Cut the selected Part to the Clipboard for pasting on the active sheet or an alternate sheet."
        },
        {
            "type": "image",
            "data": "image616.png",
            "description": "[Placeholder for AI-generated description]"
        },
        {
            "type": "text",
            "data": "Copy Selected Part  - Allows you to Copy the selected Part to the Clipboard for pasting on the active sheet or an alternate sheet."
        },
        {
            "type": "text",
            "data": "Copy Selected Part  - Allows you to Copy the selected Part to the Clipboard for pasting on the active sheet or an alternate sheet."
        },
        {
            "type": "image",
            "data": "image617.png",
            "description": "[Placeholder for AI-generated description]"
        },
        {
            "type": "text",
            "data": "Paste Part  - Paste the Part stored on the Clipboard to the active sheet."
        },
        {
            "type": "text",
            "data": "Paste Part  - Paste the Part stored on the Clipboard to the active sheet."
        },
        {
            "type": "image",
            "data": "image618.png",
            "description": "[Placeholder for AI-generated description]"
        },
        {
            "type": "text",
            "data": "Show Part List  - Shows a Part List of all Parts on the active sheet."
        },
        {
            "type": "text",
            "data": "Show Part List  - Shows a Part List of all Parts on the active sheet."
        },
        {
            "type": "image",
            "data": "image619.png",
            "description": "[Placeholder for AI-generated description]"
        },
        {
            "type": "text",
            "data": "Automatically Rebuild after Cut or Paste  - When active this tool will automatically rebuild a sheet when a Part is Cut from or Pasted to the active sheet."
        },
        {
            "type": "text",
            "data": "Automatically Rebuild after Cut or Paste  - When active this tool will automatically rebuild a sheet when a Part is Cut from or Pasted to the active sheet."
        },
        {
            "type": "image",
            "data": "image620.png",
            "description": "[Placeholder for AI-generated description]"
        },
        {
            "type": "text",
            "data": "Sidebar Buttons"
        },
        {
            "type": "text",
            "data": "There is one sidebar button available here, click the button below for more information."
        },
        {
            "type": "image",
            "data": "image1140.gif",
            "description": "[Placeholder for AI-generated description]"
        }
    ],
    "source_file": "NCEnglish\\Ribbonbar\\Main_Tab\\S2M_for_Alphacam\\Sidebar\\Optimize\\Patterns_View\\ANC_PS_SIde_Bar_Menu.htm",
    "version": "2024",
    "source_type": "help_file"
}