{
    "id": "8a2eb37b-3c9a-4fac-ba2c-bb1f363c6074",
    "title": "ANC_Part_Edit_Screen",
    "content": [
        {
            "type": "text",
            "data": "Part Edit Screen"
        },
        {
            "type": "text",
            "data": "This area allows modification of Parts created by your Design/Manufacturing software. You have full ALPHACAM modification capability in this area. The Documentation in this Help file assumes a working knowledge of ALPHACAM. Make sure to use the  S2M Edit Tools ..."
        },
        {
            "type": "image",
            "data": "image1111.gif",
            "description": "[Placeholder for AI-generated description]"
        }
    ],
    "source_file": "NCEnglish\\Ribbonbar\\Main_Tab\\S2M_for_Alphacam\\ANC_Part_Edit_Screen.htm",
    "version": "2024",
    "source_type": "help_file"
}