{
    "id": "9ab5a87d-a15d-4bd5-bd95-3941194fa3e5",
    "title": "ANC_Side_Bar_Menu",
    "content": [
        {
            "type": "text",
            "data": "Sidebar"
        },
        {
            "type": "text",
            "data": "There are three Primary Areas in the S2M for ALPHACAM sidebar:"
        },
        {
            "type": "image",
            "data": "image575.png",
            "description": "[Placeholder for AI-generated description]"
        },
        {
            "type": "text",
            "data": "Toolbar"
        },
        {
            "type": "text",
            "data": "There are 8 options in the toolbar:"
        },
        {
            "type": "image",
            "data": "image576.png",
            "description": "[Placeholder for AI-generated description]"
        },
        {
            "type": "text",
            "data": "Open a New PNC File - Allows you to open a previously exported PNC file. This will overwrite the currently open Job. \n \n \n  Import a PNC File into Current Job - Allows you to add the contents of a previously exported PNC file into the current Job. \n \n \n  Save Current Job as a PNC File - Allows you to Save the current Job as a PNC file for later use. \n \n \n  Print - Allows printing of the Parts List. \n \n \n   Edit Part Library  - Allows you to manage your S2M CENTER Part Library. \n \n \n  Show Par/Material List - Allows you to toggle on/off the Part List/Material List. \n \n \n   Materials List  - Displays the Material List for the Current Job. \n \n \n   Parts List  - Displays the Part List for the Current Job."
        },
        {
            "type": "text",
            "data": "Open a New PNC File - Allows you to open a previously exported PNC file. This will overwrite the currently open Job."
        },
        {
            "type": "text",
            "data": "Open a New PNC File - Allows you to open a previously exported PNC file. This will overwrite the currently open Job."
        },
        {
            "type": "image",
            "data": "image577.png",
            "description": "[Placeholder for AI-generated description]"
        },
        {
            "type": "text",
            "data": "Import a PNC File into Current Job - Allows you to add the contents of a previously exported PNC file into the current Job."
        },
        {
            "type": "text",
            "data": "Import a PNC File into Current Job - Allows you to add the contents of a previously exported PNC file into the current Job."
        },
        {
            "type": "image",
            "data": "image578.png",
            "description": "[Placeholder for AI-generated description]"
        },
        {
            "type": "text",
            "data": "Save Current Job as a PNC File - Allows you to Save the current Job as a PNC file for later use."
        },
        {
            "type": "text",
            "data": "Save Current Job as a PNC File - Allows you to Save the current Job as a PNC file for later use."
        },
        {
            "type": "image",
            "data": "image579.png",
            "description": "[Placeholder for AI-generated description]"
        },
        {
            "type": "text",
            "data": "Print - Allows printing of the Parts List."
        },
        {
            "type": "text",
            "data": "Print - Allows printing of the Parts List."
        },
        {
            "type": "image",
            "data": "image580.png",
            "description": "[Placeholder for AI-generated description]"
        },
        {
            "type": "text",
            "data": "Edit Part Library  - Allows you to manage your S2M CENTER Part Library."
        },
        {
            "type": "text",
            "data": "Edit Part Library  - Allows you to manage your S2M CENTER Part Library."
        },
        {
            "type": "image",
            "data": "image581.png",
            "description": "[Placeholder for AI-generated description]"
        },
        {
            "type": "text",
            "data": "Show Par/Material List - Allows you to toggle on/off the Part List/Material List."
        },
        {
            "type": "text",
            "data": "Show Par/Material List - Allows you to toggle on/off the Part List/Material List."
        },
        {
            "type": "image",
            "data": "image582.png",
            "description": "[Placeholder for AI-generated description]"
        },
        {
            "type": "text",
            "data": "Materials List  - Displays the Material List for the Current Job."
        },
        {
            "type": "text",
            "data": "Materials List  - Displays the Material List for the Current Job."
        },
        {
            "type": "image",
            "data": "image583.png",
            "description": "[Placeholder for AI-generated description]"
        },
        {
            "type": "text",
            "data": "Parts List  - Displays the Part List for the Current Job."
        },
        {
            "type": "text",
            "data": "Parts List  - Displays the Part List for the Current Job."
        },
        {
            "type": "image",
            "data": "image584.png",
            "description": "[Placeholder for AI-generated description]"
        },
        {
            "type": "link",
            "data": {
                "text": "Parts List",
                "uuid": "cf662647-6caf-4ab5-acc8-1e7963a85b9f",
                "description": "[Placeholder for AI-generated description]"
            }
        },
        {
            "type": "text",
            "data": "Main Buttons"
        },
        {
            "type": "text",
            "data": "There are 4 Main Buttons:"
        },
        {
            "type": "text",
            "data": "Optimizer Parameters  - Same as in the Standard S2M CENTER."
        },
        {
            "type": "text",
            "data": "Optimizer Parameters  - Same as in the Standard S2M CENTER."
        },
        {
            "type": "text",
            "data": "Optimizer Parameters  - Same as in the Standard S2M CENTER."
        },
        {
            "type": "image",
            "data": "image1122.gif",
            "description": "[Placeholder for AI-generated description]"
        },
        {
            "type": "text",
            "data": "Add Offcuts  - Same as in the Standard S2M CENTER."
        },
        {
            "type": "text",
            "data": "Add Offcuts  - Same as in the Standard S2M CENTER."
        },
        {
            "type": "text",
            "data": "Add Offcuts  - Same as in the Standard S2M CENTER."
        },
        {
            "type": "image",
            "data": "image1123.gif",
            "description": "[Placeholder for AI-generated description]"
        },
        {
            "type": "text",
            "data": "Filter Parts  - Same as in the Standard S2M CENTER."
        },
        {
            "type": "text",
            "data": "Filter Parts  - Same as in the Standard S2M CENTER."
        },
        {
            "type": "text",
            "data": "Filter Parts  - Same as in the Standard S2M CENTER."
        },
        {
            "type": "image",
            "data": "image41.gif",
            "description": "[Placeholder for AI-generated description]"
        },
        {
            "type": "text",
            "data": "Optimize  - Similar to the Standard S2M CENTER."
        },
        {
            "type": "text",
            "data": "Optimize  - Similar to the Standard S2M CENTER."
        },
        {
            "type": "text",
            "data": "Optimize  - Similar to the Standard S2M CENTER."
        },
        {
            "type": "image",
            "data": "image1125.gif",
            "description": "[Placeholder for AI-generated description]"
        },
        {
            "type": "text",
            "data": "Machines"
        },
        {
            "type": "text",
            "data": "There 4 main Machine Types that are selectable in this area."
        },
        {
            "type": "image",
            "data": "image657.gif",
            "description": "[Placeholder for AI-generated description]"
        },
        {
            "type": "text",
            "data": "Primary Machine \n \n \n Secondary Machine \n \n \n Drill and Dowel Machine \n \n \n Chop Saw"
        },
        {
            "type": "text",
            "data": "Primary Machine"
        },
        {
            "type": "text",
            "data": "Primary Machine"
        },
        {
            "type": "text",
            "data": "Secondary Machine"
        },
        {
            "type": "text",
            "data": "Secondary Machine"
        },
        {
            "type": "text",
            "data": "Drill and Dowel Machine"
        },
        {
            "type": "text",
            "data": "Drill and Dowel Machine"
        },
        {
            "type": "text",
            "data": "Chop Saw"
        },
        {
            "type": "text",
            "data": "Chop Saw"
        }
    ],
    "source_file": "NCEnglish\\Ribbonbar\\Main_Tab\\S2M_for_Alphacam\\Sidebar\\ANC_Side_Bar_Menu.htm",
    "version": "2024",
    "source_type": "help_file"
}