{
    "id": "6d44a145-1779-4478-b4f2-12fc971aadda",
    "title": "AW_Bottom_Rail",
    "content": [
        {
            "type": "text",
            "data": "Bottom Rail"
        },
        {
            "type": "text",
            "data": "This branch configures the\u00a0 Bottom Rail options."
        },
        {
            "type": "image",
            "data": "image175.png",
            "description": "[Placeholder for AI-generated description]"
        },
        {
            "type": "text",
            "data": "The following diagram shows the options available in the Bottom Rail Branch. Click a specific option in the diagram for more information or continue through this topic for information on all the options."
        },
        {
            "type": "image",
            "data": "image173.png",
            "description": "[Placeholder for AI-generated description]"
        },
        {
            "type": "text",
            "data": "Bottom Rail Width (Standard #7)"
        },
        {
            "type": "image",
            "data": "image174.png",
            "description": "[Placeholder for AI-generated description]"
        }
    ],
    "source_file": "CVEnglish_Essential\\System_Level\\Ribbonbar\\Main_Tab\\Construction_Group\\Assembly_Manager\\Assembly\\Branches\\Face_Frame\\AW_Bottom_Rail.htm",
    "version": "2024",
    "source_type": "help_file"
}