{
    "id": "2a3e8318-dae2-4522-9814-f7b1bde65ca3",
    "title": "AW_Exterior_Case",
    "content": [
        {
            "type": "text",
            "data": "Exterior Case Branch"
        },
        {
            "type": "text",
            "data": "These Parts are part of the Exterior Case branch. Typically, these are visible Parts, yet visibility is not a requirement for inclusion in this group. When answering the questions for Tops, you must choose between a Stretcher, no Top, or a solid Top. It may be that you desire Stretchers on your Base Cabinet, yet you need a solid Top for your Wall and Tall Cabinets. This is a classic example of the need to add a  break out  for the different Cabinet Classes."
        },
        {
            "type": "link",
            "data": {
                "text": "break out",
                "uuid": "8b8eb538-238e-4e6c-a59e-e983c45e0d0f",
                "description": "[Placeholder for AI-generated description]"
            }
        },
        {
            "type": "image",
            "data": "image1351.png",
            "description": "[Placeholder for AI-generated description]"
        },
        {
            "type": "text",
            "data": "Deck"
        },
        {
            "type": "link",
            "data": {
                "text": "Deck",
                "uuid": "e77723fc-c176-4e92-b2c2-9283b999204e",
                "description": "[Placeholder for AI-generated description]"
            }
        },
        {
            "type": "text",
            "data": "Finished Back"
        },
        {
            "type": "link",
            "data": {
                "text": "Finished Back",
                "uuid": "d7098ad5-947c-4ac6-90c1-6aefd33e2535",
                "description": "[Placeholder for AI-generated description]"
            }
        },
        {
            "type": "text",
            "data": "Finished End"
        },
        {
            "type": "link",
            "data": {
                "text": "Finished End",
                "uuid": "7cd4e669-7236-4491-bb99-671b0b7bc38c",
                "description": "[Placeholder for AI-generated description]"
            }
        },
        {
            "type": "text",
            "data": "Reveals"
        },
        {
            "type": "link",
            "data": {
                "text": "Reveals",
                "uuid": "3a33e00e-182e-449d-8fa0-b3e602a017ef",
                "description": "[Placeholder for AI-generated description]"
            }
        },
        {
            "type": "text",
            "data": "Sink Skirt"
        },
        {
            "type": "link",
            "data": {
                "text": "Sink Skirt",
                "uuid": "9c20beb3-8acd-4f51-b02b-add016bc1494",
                "description": "[Placeholder for AI-generated description]"
            }
        },
        {
            "type": "text",
            "data": "Toe Kick"
        },
        {
            "type": "link",
            "data": {
                "text": "Toe Kick",
                "uuid": "f4fc27c3-be51-4293-8b6f-1b8a6671bbc6",
                "description": "[Placeholder for AI-generated description]"
            }
        },
        {
            "type": "text",
            "data": "Top"
        },
        {
            "type": "link",
            "data": {
                "text": "Top",
                "uuid": "5f65354d-b419-4033-8ad0-837ffa76d81d",
                "description": "[Placeholder for AI-generated description]"
            }
        }
    ],
    "source_file": "CVEnglish_Essential\\System_Level\\Ribbonbar\\Main_Tab\\Construction_Group\\Assembly_Manager\\Assembly\\Branches\\Exterior_Case\\AW_Exterior_Case.htm",
    "version": "2024",
    "source_type": "help_file"
}