{
    "id": "b186dfdb-79a5-429c-a580-46dd253c7b23",
    "title": "AW_Fixed_Shelf",
    "content": [
        {
            "type": "text",
            "data": "Fixed Shelf Branch"
        },
        {
            "type": "text",
            "data": "A Fixed Shelf is yet another horizontal part that is permanently mounted within a Cabinet. A Fixed Shelf is sometimes called a Horizontal Partition. There is no option to adjust the setback of the Fixed Shelf front, as it is flush with either the back of the Face Frame or the Case, depending on the Construction Style. Typically, a Fixed Shelf divides a Tall Cabinet. \u00a0Face Frame Cabinets typically have Mid Rails in front of Fixed Shelves, while Frameless Cabinets split Doors or Doors and Drawers at the Fixed Shelf."
        },
        {
            "type": "image",
            "data": "image229.png",
            "description": "[Placeholder for AI-generated description]"
        },
        {
            "type": "text",
            "data": "The following diagrams show the options available in the Fixed Shelf Branch. Click a specific option in the diagram for more information or continue through this topic for information on all the options."
        },
        {
            "type": "image",
            "data": "image231.png",
            "description": "[Placeholder for AI-generated description]"
        },
        {
            "type": "text",
            "data": "Fixed Shelf Banding Definition (Standard #668)"
        },
        {
            "type": "image",
            "data": "image232.png",
            "description": "[Placeholder for AI-generated description]"
        },
        {
            "type": "text",
            "data": "Fixed Shelf - Shelf Bull Nose Banding Definition (Standard #671)"
        },
        {
            "type": "image",
            "data": "image233.png",
            "description": "[Placeholder for AI-generated description]"
        },
        {
            "type": "text",
            "data": "Fixed Shelf Grain Alignment (Standard #608)"
        },
        {
            "type": "image",
            "data": "image234.png",
            "description": "[Placeholder for AI-generated description]"
        },
        {
            "type": "text",
            "data": "Corner Fixed Shelf Grain Alignment (Standard #297)"
        },
        {
            "type": "text",
            "data": "For Fixed Shelves in a Corner sub-branch, you have the option of setting the grain direction to run across the opening or to run left to right based on the right unfinished back (see the arrow in the picture below) in 45 Corner Cabinets."
        },
        {
            "type": "image",
            "data": "image236.png",
            "description": "[Placeholder for AI-generated description]"
        },
        {
            "type": "text",
            "data": "Pictured below is the setup for running grain direction across the opening."
        },
        {
            "type": "image",
            "data": "image237.png",
            "description": "[Placeholder for AI-generated description]"
        },
        {
            "type": "text",
            "data": "Shelf Nosing (Standard #592)"
        },
        {
            "type": "image",
            "data": "image238.png",
            "description": "[Placeholder for AI-generated description]"
        },
        {
            "type": "text",
            "data": "Shelf Nosing Options (Standard #551)"
        },
        {
            "type": "image",
            "data": "image239.png",
            "description": "[Placeholder for AI-generated description]"
        },
        {
            "type": "text",
            "data": "Fixed Shelf Machining Face (Standard #582)"
        },
        {
            "type": "image",
            "data": "image240.png",
            "description": "[Placeholder for AI-generated description]"
        }
    ],
    "source_file": "CVEnglish_Essential\\System_Level\\Ribbonbar\\Main_Tab\\Construction_Group\\Assembly_Manager\\Assembly\\Branches\\Interior_Case\\AW_Fixed_Shelf.htm",
    "version": "2024",
    "source_type": "help_file"
}