{
    "id": "d7098ad5-947c-4ac6-90c1-6aefd33e2535",
    "title": "AW_Finished_Back",
    "content": [
        {
            "type": "text",
            "data": "Finished Back"
        },
        {
            "type": "text",
            "data": "This Part is not the back that is typical to an open Cabinet. A Finished Back references a back, with the back of that back exposed, as in a Peninsula Cabinet."
        },
        {
            "type": "image",
            "data": "image364.png",
            "description": "[Placeholder for AI-generated description]"
        },
        {
            "type": "text",
            "data": "The following diagram shows the options available in the Finished Back Branch. Click a specific option in the diagram for more information or continue through this topic for information on all the options."
        },
        {
            "type": "image",
            "data": "image365.png",
            "description": "[Placeholder for AI-generated description]"
        },
        {
            "type": "text",
            "data": "Finished Back Banding Definition (Standard #663)"
        },
        {
            "type": "image",
            "data": "image366.png",
            "description": "[Placeholder for AI-generated description]"
        },
        {
            "type": "text",
            "data": "Finished Back Grain (Standard #232)"
        },
        {
            "type": "image",
            "data": "1AUALL.png",
            "description": "[Placeholder for AI-generated description]"
        },
        {
            "type": "image",
            "data": "image367.png",
            "description": "[Placeholder for AI-generated description]"
        },
        {
            "type": "text",
            "data": "Finished Back - Maintain Constant Overall Depth (Standard #233)"
        },
        {
            "type": "image",
            "data": "image368.png",
            "description": "[Placeholder for AI-generated description]"
        }
    ],
    "source_file": "CVEnglish_Essential\\System_Level\\Ribbonbar\\Main_Tab\\Construction_Group\\Assembly_Manager\\Assembly\\Branches\\Exterior_Case\\AW_Finished_Back.htm",
    "version": "2024",
    "source_type": "help_file"
}