{
    "id": "8832c152-2de5-4efa-b033-c43cc57f0475",
    "title": "AW_Frame",
    "content": [
        {
            "type": "text",
            "data": "Frame"
        },
        {
            "type": "text",
            "data": "This branch configures the general Frame options."
        },
        {
            "type": "image",
            "data": "image189.png",
            "description": "[Placeholder for AI-generated description]"
        },
        {
            "type": "text",
            "data": "The following diagram shows the options available in the Frame Branch.\u00a0Click a specific option in the diagram for more information or continue through this topic for information on all the options."
        },
        {
            "type": "image",
            "data": "image191.png",
            "description": "[Placeholder for AI-generated description]"
        },
        {
            "type": "text",
            "data": "Frame Placement (Standard #622)"
        },
        {
            "type": "text",
            "data": "This option allows you to determine if the Frame thickness is included in the overall dimension of your Assembly or not."
        },
        {
            "type": "image",
            "data": "image190.png",
            "description": "[Placeholder for AI-generated description]"
        }
    ],
    "source_file": "CVEnglish_Essential\\System_Level\\Ribbonbar\\Main_Tab\\Construction_Group\\Assembly_Manager\\Assembly\\Branches\\Face_Frame\\AW_Frame.htm",
    "version": "2024",
    "source_type": "help_file"
}