{
    "id": "53c6e181-a84f-4239-b5ed-656d7a312776",
    "title": "AW_Interior_Case",
    "content": [
        {
            "type": "text",
            "data": "Interior Case Branch"
        },
        {
            "type": "text",
            "data": "The Interior Case Branch contains all of the internal Assembly Parts. This branch is important for all  Construction Styles ."
        },
        {
            "type": "link",
            "data": {
                "text": "Construction Styles",
                "uuid": "8b8eb538-238e-4e6c-a59e-e983c45e0d0f",
                "description": "[Placeholder for AI-generated description]"
            }
        },
        {
            "type": "image",
            "data": "image1350.png",
            "description": "[Placeholder for AI-generated description]"
        },
        {
            "type": "text",
            "data": "Notice that these Parts are typically within a Cabinet or Closet, but not always. For example if a Cabinet is Saved to a Catalog without Drawer Stretchers they will not be placed in the Cabinet when it is pulled out of the Catalog even though the active Construction Method includes them."
        },
        {
            "type": "text",
            "data": "Depending on the  Construction Style  selected the following\u00a0Branches\u00a0can be in the Interior Case Section."
        },
        {
            "type": "link",
            "data": {
                "text": "Construction Style",
                "uuid": "8b8eb538-238e-4e6c-a59e-e983c45e0d0f",
                "description": "[Placeholder for AI-generated description]"
            }
        },
        {
            "type": "text",
            "data": "Adjustable Shelf"
        },
        {
            "type": "link",
            "data": {
                "text": "Adjustable Shelf",
                "uuid": "9d870f4e-b767-4baa-a1dc-012dff55d89e",
                "description": "[Placeholder for AI-generated description]"
            }
        },
        {
            "type": "text",
            "data": "Divider"
        },
        {
            "type": "link",
            "data": {
                "text": "Divider",
                "uuid": "39b57457-66a1-4ea3-9e95-831748c63f90",
                "description": "[Placeholder for AI-generated description]"
            }
        },
        {
            "type": "text",
            "data": "Drawer Stretcher"
        },
        {
            "type": "link",
            "data": {
                "text": "Drawer Stretcher",
                "uuid": "68f6d70f-1f07-4c56-be86-4afa27527966",
                "description": "[Placeholder for AI-generated description]"
            }
        },
        {
            "type": "text",
            "data": "Fixed Shelf"
        },
        {
            "type": "link",
            "data": {
                "text": "Fixed Shelf",
                "uuid": "b186dfdb-79a5-429c-a580-46dd253c7b23",
                "description": "[Placeholder for AI-generated description]"
            }
        },
        {
            "type": "text",
            "data": "Nailer"
        },
        {
            "type": "link",
            "data": {
                "text": "Nailer",
                "uuid": "be586238-0238-469f-abb3-516cd1942fcc",
                "description": "[Placeholder for AI-generated description]"
            }
        },
        {
            "type": "text",
            "data": "Partition"
        },
        {
            "type": "link",
            "data": {
                "text": "Partition",
                "uuid": "a87a96aa-3710-48d0-86ee-793c6f4bcf08",
                "description": "[Placeholder for AI-generated description]"
            }
        },
        {
            "type": "text",
            "data": "Shelf"
        },
        {
            "type": "link",
            "data": {
                "text": "Shelf",
                "uuid": "48000247-fe09-48fd-9815-1e2532c9580c",
                "description": "[Placeholder for AI-generated description]"
            }
        },
        {
            "type": "text",
            "data": "Shelf Nailer"
        },
        {
            "type": "link",
            "data": {
                "text": "Shelf Nailer",
                "uuid": "a5752fb5-2088-4c1c-9064-77f0cbe810b4",
                "description": "[Placeholder for AI-generated description]"
            }
        },
        {
            "type": "text",
            "data": "Shoe Section"
        },
        {
            "type": "link",
            "data": {
                "text": "Shoe Section",
                "uuid": "e9645e6b-d087-45b3-89e4-93569ffaef00",
                "description": "[Placeholder for AI-generated description]"
            }
        },
        {
            "type": "text",
            "data": "Sub End"
        },
        {
            "type": "link",
            "data": {
                "text": "Sub End",
                "uuid": "09da938d-ecb7-4099-ba9b-2b5b871ba92f",
                "description": "[Placeholder for AI-generated description]"
            }
        },
        {
            "type": "text",
            "data": "Unfinished Back"
        },
        {
            "type": "link",
            "data": {
                "text": "Unfinished Back",
                "uuid": "1159815f-061a-42f3-991c-4c218d3952df",
                "description": "[Placeholder for AI-generated description]"
            }
        },
        {
            "type": "text",
            "data": "Unfinished End"
        },
        {
            "type": "link",
            "data": {
                "text": "Unfinished End",
                "uuid": "39aa51f5-7d26-46a0-b69b-6aab562164fb",
                "description": "[Placeholder for AI-generated description]"
            }
        },
        {
            "type": "link",
            "data": {
                "text": "",
                "uuid": "39aa51f5-7d26-46a0-b69b-6aab562164fb",
                "description": "[Placeholder for AI-generated description]"
            }
        }
    ],
    "source_file": "CVEnglish_Essential\\System_Level\\Ribbonbar\\Main_Tab\\Construction_Group\\Assembly_Manager\\Assembly\\Branches\\Interior_Case\\AW_Interior_Case.htm",
    "version": "2024",
    "source_type": "help_file"
}