{
    "id": "1342ab7f-e63f-498c-824a-31bb75bd3e51",
    "title": "AW_Mid_Stile",
    "content": [
        {
            "type": "text",
            "data": "Mid Stile"
        },
        {
            "type": "text",
            "data": "This branch configures the\u00a0Mid Rail options, it sets the standard dimension (Width) as well as special width conditions in unique Hinge conditions."
        },
        {
            "type": "image",
            "data": "image197.png",
            "description": "[Placeholder for AI-generated description]"
        },
        {
            "type": "text",
            "data": "The following diagram shows the options available in the Mid Stile Branch. Click a specific option in the diagram for more information or continue through this topic for information on all the options."
        },
        {
            "type": "image",
            "data": "image198.png",
            "description": "[Placeholder for AI-generated description]"
        },
        {
            "type": "text",
            "data": "Mid Stile Width (Standard #35)"
        },
        {
            "type": "image",
            "data": "image199.png",
            "description": "[Placeholder for AI-generated description]"
        },
        {
            "type": "text",
            "data": "Mid Stile Width @ One Hinge (Standard #36)"
        },
        {
            "type": "image",
            "data": "image200.png",
            "description": "[Placeholder for AI-generated description]"
        },
        {
            "type": "text",
            "data": "Mid Stile Width @ Two Hinges (Standard #37)"
        },
        {
            "type": "image",
            "data": "image201.png",
            "description": "[Placeholder for AI-generated description]"
        }
    ],
    "source_file": "CVEnglish_Essential\\System_Level\\Ribbonbar\\Main_Tab\\Construction_Group\\Assembly_Manager\\Assembly\\Branches\\Face_Frame\\AW_Mid_Stile.htm",
    "version": "2024",
    "source_type": "help_file"
}