{
    "id": "2c27cf9e-022c-4d53-9ab0-67a56a7c9b71",
    "title": "AW_Mid_Rail",
    "content": [
        {
            "type": "text",
            "data": "Mid Rail"
        },
        {
            "type": "text",
            "data": "This branch configures the\u00a0Mid Rail options."
        },
        {
            "type": "image",
            "data": "image192.png",
            "description": "[Placeholder for AI-generated description]"
        },
        {
            "type": "text",
            "data": "The following diagram shows the options available in the Mid Rail Branch. Click a specific option in the diagram for more information or continue through this topic for information on all the options."
        },
        {
            "type": "image",
            "data": "image193.png",
            "description": "[Placeholder for AI-generated description]"
        },
        {
            "type": "text",
            "data": "Mid Rail Width (Standard #14)"
        },
        {
            "type": "image",
            "data": "image194.png",
            "description": "[Placeholder for AI-generated description]"
        },
        {
            "type": "text",
            "data": "Short or Long Mid Rail Construction (Standard #17)"
        },
        {
            "type": "image",
            "data": "image195.png",
            "description": "[Placeholder for AI-generated description]"
        },
        {
            "type": "text",
            "data": "Mid Rail Placement (Standard #19)"
        },
        {
            "type": "text",
            "data": "This Branch also allows you to establish the Top opening Height for Top Drawers for a Face Frame Style Construction Method. To set this value for a Frameless Style see the  Reveals Branch ."
        },
        {
            "type": "link",
            "data": {
                "text": "Reveals Branch",
                "uuid": "3a33e00e-182e-449d-8fa0-b3e602a017ef",
                "description": "[Placeholder for AI-generated description]"
            }
        },
        {
            "type": "image",
            "data": "image196.png",
            "description": "[Placeholder for AI-generated description]"
        }
    ],
    "source_file": "CVEnglish_Essential\\System_Level\\Ribbonbar\\Main_Tab\\Construction_Group\\Assembly_Manager\\Assembly\\Branches\\Face_Frame\\AW_Mid_Rail.htm",
    "version": "2024",
    "source_type": "help_file"
}