{
    "id": "a87a96aa-3710-48d0-86ee-793c6f4bcf08",
    "title": "AW_Partition_Branch",
    "content": [
        {
            "type": "text",
            "data": "Partition"
        },
        {
            "type": "text",
            "data": "This branch configures the\u00a0Partition options."
        },
        {
            "type": "image",
            "data": "image264.png",
            "description": "[Placeholder for AI-generated description]"
        },
        {
            "type": "text",
            "data": "The following diagrams show the options available in the Partition Branch. Click a specific option in the diagram for more information or continue through this topic for information on all the options."
        },
        {
            "type": "image",
            "data": "image263.png",
            "description": "[Placeholder for AI-generated description]"
        },
        {
            "type": "text",
            "data": "Partition Banding Definition (Standard #660)"
        },
        {
            "type": "image",
            "data": "image265.png",
            "description": "[Placeholder for AI-generated description]"
        },
        {
            "type": "text",
            "data": "Double Drawer Partition (Standard #3)"
        },
        {
            "type": "image",
            "data": "image267.png",
            "description": "[Placeholder for AI-generated description]"
        },
        {
            "type": "text",
            "data": "Partition Machining Face (Standard #577)"
        },
        {
            "type": "image",
            "data": "image268.png",
            "description": "[Placeholder for AI-generated description]"
        }
    ],
    "source_file": "CVEnglish_Essential\\System_Level\\Ribbonbar\\Main_Tab\\Construction_Group\\Assembly_Manager\\Assembly\\Branches\\Interior_Case\\AW_Partition_Branch.htm",
    "version": "2024",
    "source_type": "help_file"
}