{
    "id": "09da938d-ecb7-4099-ba9b-2b5b871ba92f",
    "title": "AW_Sub_End",
    "content": [
        {
            "type": "text",
            "data": "Sub End"
        },
        {
            "type": "text",
            "data": "This branch configures the Sub End options."
        },
        {
            "type": "image",
            "data": "image315.png",
            "description": "[Placeholder for AI-generated description]"
        },
        {
            "type": "text",
            "data": "The following diagrams show the options available in the Sub End Branch. Click a specific option in the diagram for more information or continue through this topic for information on all the options."
        },
        {
            "type": "image",
            "data": "image314.png",
            "description": "[Placeholder for AI-generated description]"
        },
        {
            "type": "text",
            "data": "Sub End Banding Definition (#659)"
        },
        {
            "type": "image",
            "data": "image316.png",
            "description": "[Placeholder for AI-generated description]"
        },
        {
            "type": "text",
            "data": "Scribe Reference (#542)"
        },
        {
            "type": "image",
            "data": "image318.png",
            "description": "[Placeholder for AI-generated description]"
        },
        {
            "type": "text",
            "data": "Sub End Bottom Type (#538)"
        },
        {
            "type": "image",
            "data": "image317.png",
            "description": "[Placeholder for AI-generated description]"
        }
    ],
    "source_file": "CVEnglish_Essential\\System_Level\\Ribbonbar\\Main_Tab\\Construction_Group\\Assembly_Manager\\Assembly\\Branches\\Interior_Case\\AW_Sub_End.htm",
    "version": "2024",
    "source_type": "help_file"
}