{
    "id": "a5752fb5-2088-4c1c-9064-77f0cbe810b4",
    "title": "AW_Shelf_Nailer",
    "content": [
        {
            "type": "text",
            "data": "Shelf Nailer"
        },
        {
            "type": "text",
            "data": "Shelf Nailers are added inside a Cabinet when you select to have them in this Branch. You will define the width by entering a value. You will have the ability to select them for a  Shelf \u00a0and/or a  Fixed Shelf ."
        },
        {
            "type": "link",
            "data": {
                "text": "Shelf",
                "uuid": "48000247-fe09-48fd-9815-1e2532c9580c",
                "description": "[Placeholder for AI-generated description]"
            }
        },
        {
            "type": "link",
            "data": {
                "text": "Fixed Shelf",
                "uuid": "b186dfdb-79a5-429c-a580-46dd253c7b23",
                "description": "[Placeholder for AI-generated description]"
            }
        },
        {
            "type": "image",
            "data": "image278.png",
            "description": "[Placeholder for AI-generated description]"
        },
        {
            "type": "text",
            "data": "The following diagram shows the options available in the Shelf Nailer Branch. Click a specific option in the diagram for more information or continue through this topic for information on all the options."
        },
        {
            "type": "image",
            "data": "image279.png",
            "description": "[Placeholder for AI-generated description]"
        },
        {
            "type": "text",
            "data": "Shelf Nailer Banding Definition (Standard #665)"
        },
        {
            "type": "image",
            "data": "image280.png",
            "description": "[Placeholder for AI-generated description]"
        },
        {
            "type": "text",
            "data": "Shelf Nailer Width (Standard #191)"
        },
        {
            "type": "image",
            "data": "image281.png",
            "description": "[Placeholder for AI-generated description]"
        },
        {
            "type": "text",
            "data": "Fixed Shelf - Shelf Nailer (Standard #172)"
        },
        {
            "type": "image",
            "data": "image282.png",
            "description": "[Placeholder for AI-generated description]"
        },
        {
            "type": "text",
            "data": "Shelf - Shelf Nailer (Standard #190)"
        },
        {
            "type": "image",
            "data": "image283.png",
            "description": "[Placeholder for AI-generated description]"
        },
        {
            "type": "text",
            "data": "Shelf Nailer Machining Face (Standard #584)"
        },
        {
            "type": "image",
            "data": "image284.png",
            "description": "[Placeholder for AI-generated description]"
        }
    ],
    "source_file": "CVEnglish_Essential\\System_Level\\Ribbonbar\\Main_Tab\\Construction_Group\\Assembly_Manager\\Assembly\\Branches\\Interior_Case\\AW_Shelf_Nailer.htm",
    "version": "2024",
    "source_type": "help_file"
}