{
    "id": "9c20beb3-8acd-4f51-b02b-add016bc1494",
    "title": "AW_Sink_Skirt",
    "content": [
        {
            "type": "text",
            "data": "Sink Skirt"
        },
        {
            "type": "text",
            "data": "The Sink Skirt is used in 32mm and Frameless Construction behind a False Front to mount the False Front."
        },
        {
            "type": "image",
            "data": "image400.png",
            "description": "[Placeholder for AI-generated description]"
        },
        {
            "type": "text",
            "data": "The following diagram shows the options available in the Sink Skirt Branch. Click a specific option in the diagram for more information or continue through this topic for information on all the options."
        },
        {
            "type": "image",
            "data": "image399.png",
            "description": "[Placeholder for AI-generated description]"
        },
        {
            "type": "text",
            "data": "Sink Skirt Banding definition (Standard #335)"
        },
        {
            "type": "image",
            "data": "image401.png",
            "description": "[Placeholder for AI-generated description]"
        },
        {
            "type": "text",
            "data": "Sink Skirt Part (Standard #336)"
        },
        {
            "type": "image",
            "data": "image402.png",
            "description": "[Placeholder for AI-generated description]"
        },
        {
            "type": "text",
            "data": "Sink Skirt Bottom Adjustment (Standard #341)"
        },
        {
            "type": "image",
            "data": "image403.png",
            "description": "[Placeholder for AI-generated description]"
        },
        {
            "type": "text",
            "data": "Sink Skirt Machining Face (Standard #342)"
        },
        {
            "type": "image",
            "data": "image404.png",
            "description": "[Placeholder for AI-generated description]"
        }
    ],
    "source_file": "CVEnglish_Essential\\System_Level\\Ribbonbar\\Main_Tab\\Construction_Group\\Assembly_Manager\\Assembly\\Branches\\Exterior_Case\\AW_Sink_Skirt.htm",
    "version": "2024",
    "source_type": "help_file"
}