{
    "id": "42cb3d0e-cca7-42b4-96ca-0b73c80a01cf",
    "title": "AW_Top_Rail",
    "content": [
        {
            "type": "text",
            "data": "Top Rail"
        },
        {
            "type": "text",
            "data": "This branch configures the\u00a0Top Rail options."
        },
        {
            "type": "image",
            "data": "image202.png",
            "description": "[Placeholder for AI-generated description]"
        },
        {
            "type": "text",
            "data": "The following diagram shows the options available in the Top Rail Branch. Click a specific option in the diagram for more information or continue through this topic for information on all the options."
        },
        {
            "type": "image",
            "data": "image203.png",
            "description": "[Placeholder for AI-generated description]"
        },
        {
            "type": "text",
            "data": "Top Rail Width (Standard #2)"
        },
        {
            "type": "image",
            "data": "image204.png",
            "description": "[Placeholder for AI-generated description]"
        }
    ],
    "source_file": "CVEnglish_Essential\\System_Level\\Ribbonbar\\Main_Tab\\Construction_Group\\Assembly_Manager\\Assembly\\Branches\\Face_Frame\\AW_Top_Rail.htm",
    "version": "2024",
    "source_type": "help_file"
}