{
    "id": "39aa51f5-7d26-46a0-b69b-6aab562164fb",
    "title": "AW_Unfinished_End",
    "content": [
        {
            "type": "text",
            "data": "Unfinished End"
        },
        {
            "type": "text",
            "data": "This branch configures the Unfinished End."
        },
        {
            "type": "image",
            "data": "image331.png",
            "description": "[Placeholder for AI-generated description]"
        },
        {
            "type": "text",
            "data": "The following diagrams show the options available in the Unfinished End Branch. Click a specific option in the diagram for more information or continue through this topic for information on all the options."
        },
        {
            "type": "image",
            "data": "image332.png",
            "description": "[Placeholder for AI-generated description]"
        },
        {
            "type": "text",
            "data": "Unfinished End Banding Definition (Standard #657)"
        },
        {
            "type": "image",
            "data": "image333.png",
            "description": "[Placeholder for AI-generated description]"
        },
        {
            "type": "text",
            "data": "Scribe Reference (Standard #55)"
        },
        {
            "type": "image",
            "data": "image335.png",
            "description": "[Placeholder for AI-generated description]"
        },
        {
            "type": "text",
            "data": "Unfinished End Scribe by a Cabinet (Standard #57)"
        },
        {
            "type": "image",
            "data": "image336.png",
            "description": "[Placeholder for AI-generated description]"
        },
        {
            "type": "text",
            "data": "Unfinished End Scribe by an Appliance (Standard #58)"
        },
        {
            "type": "image",
            "data": "image337.png",
            "description": "[Placeholder for AI-generated description]"
        },
        {
            "type": "text",
            "data": "Unfinished End Scribe by a Tall (Standard #59)"
        },
        {
            "type": "image",
            "data": "image338.png",
            "description": "[Placeholder for AI-generated description]"
        },
        {
            "type": "text",
            "data": "Unfinished End Scribe by a Wall (Standard #60)"
        },
        {
            "type": "image",
            "data": "image339.png",
            "description": "[Placeholder for AI-generated description]"
        },
        {
            "type": "text",
            "data": "Return End Method (Standard #374)"
        },
        {
            "type": "image",
            "data": "image342.png",
            "description": "[Placeholder for AI-generated description]"
        },
        {
            "type": "text",
            "data": "Extended Blank Panel Reveal (Standard #375)"
        },
        {
            "type": "image",
            "data": "image343.png",
            "description": "[Placeholder for AI-generated description]"
        },
        {
            "type": "text",
            "data": "Return End Clearance (Standard #376)"
        },
        {
            "type": "text",
            "data": "32mm/Frameless"
        },
        {
            "type": "image",
            "data": "image344.png",
            "description": "[Placeholder for AI-generated description]"
        },
        {
            "type": "text",
            "data": "Face Frame/Frame Overlay"
        },
        {
            "type": "image",
            "data": "image340.png",
            "description": "[Placeholder for AI-generated description]"
        },
        {
            "type": "text",
            "data": "Extended End Wall Clearance (Standard #377)"
        },
        {
            "type": "text",
            "data": "32mm/Frameless"
        },
        {
            "type": "image",
            "data": "image345.png",
            "description": "[Placeholder for AI-generated description]"
        },
        {
            "type": "text",
            "data": "Face Frame/Frame Overlay"
        },
        {
            "type": "image",
            "data": "image341.png",
            "description": "[Placeholder for AI-generated description]"
        },
        {
            "type": "text",
            "data": "Unfinished End Bottom Type (Standard #061)"
        },
        {
            "type": "text",
            "data": "Choice 1"
        },
        {
            "type": "text",
            "data": "Here the Unfinished End will be Notched based on the Toe Kick Height, Recess, and Joinery options."
        },
        {
            "type": "image",
            "data": "image346.png",
            "description": "[Placeholder for AI-generated description]"
        },
        {
            "type": "text",
            "data": "Choice 2"
        },
        {
            "type": "text",
            "data": "Here the Unfinished End will run straight to the Floor."
        },
        {
            "type": "image",
            "data": "image347.png",
            "description": "[Placeholder for AI-generated description]"
        },
        {
            "type": "text",
            "data": "Unfinished End Machining Face (Standard #578)"
        },
        {
            "type": "image",
            "data": "image348.png",
            "description": "[Placeholder for AI-generated description]"
        }
    ],
    "source_file": "CVEnglish_Essential\\System_Level\\Ribbonbar\\Main_Tab\\Construction_Group\\Assembly_Manager\\Assembly\\Branches\\Interior_Case\\AW_Unfinished_End.htm",
    "version": "2024",
    "source_type": "help_file"
}