{
    "id": "f88e45e1-19c4-4b83-9078-407e395c935c",
    "title": "Ayza_Spear_Lanza_P5",
    "content": [
        {
            "type": "text",
            "data": "Ayza Spear Lanza P5"
        },
        {
            "type": "text",
            "data": "Saw output for theAyza Mizrak Machine with the Ayza Spear Lanza P5 controller."
        }
    ],
    "source_file": "NCEnglish\\Ribbonbar\\Main_Tab\\Machine\\NC_Links\\Saw_Links\\Ayza_Spear_Lanza_P5.htm",
    "version": "2024",
    "source_type": "help_file"
}