{
    "id": "320e1946-a5c7-42c8-a644-179a9318025c",
    "title": "Backup_Database",
    "content": [
        {
            "type": "text",
            "data": "Backup Database"
        },
        {
            "type": "image",
            "data": "image389.png",
            "description": "[Placeholder for AI-generated description]"
        },
        {
            "type": "text",
            "data": "This option backs up the primary databases and your posts to a Zip file you can place using the Save As dialog which pops up."
        },
        {
            "type": "image",
            "data": "image388.png",
            "description": "[Placeholder for AI-generated description]"
        }
    ],
    "source_file": "NCEnglish\\Ribbonbar\\Utilities_Tab\\Backup_Database.htm",
    "version": "2024",
    "source_type": "help_file"
}