{
    "id": "42fd860f-d1a9-4361-9bde-b4a709eb892d",
    "title": "Biesse_ELIX_B",
    "content": [
        {
            "type": "text",
            "data": "Biesse ELIX B"
        },
        {
            "type": "text",
            "data": "This is a Drill and Dowel Machine Link."
        },
        {
            "type": "text",
            "data": "This output will create program files for the Biesse ELIX B Drill / Dowel machines. Each program will represent one side of a part."
        }
    ],
    "source_file": "NCEnglish\\Ribbonbar\\Main_Tab\\Machine\\NC_Links\\Drill_and_Dowel_Links\\Biesse_ELIX_B.htm",
    "version": "2024",
    "source_type": "help_file"
}