{
    "id": "db0292b9-ee8a-4f47-b22a-30b9e24eff60",
    "title": "Biesse_ELIX",
    "content": [
        {
            "type": "text",
            "data": "Biesse ELIX"
        },
        {
            "type": "text",
            "data": "This is a Drill and Dowel Machine Link."
        },
        {
            "type": "text",
            "data": "This output will create program files for the Biesse ELIX Drill / Dowel machines. Each program will represent one side of a part."
        }
    ],
    "source_file": "NCEnglish\\Ribbonbar\\Main_Tab\\Machine\\NC_Links\\Drill_and_Dowel_Links\\Biesse_ELIX.htm",
    "version": "2024",
    "source_type": "help_file"
}