{
    "id": "14988b2b-caf4-4d95-b403-d2b3925cc8c9",
    "title": "Blum_Dynaplan",
    "content": [
        {
            "type": "text",
            "data": "Blum Dynaplan"
        },
        {
            "type": "text",
            "data": "If you are using Blum Dynaplan to create the BXF files you want to process in the S2M CENTER then you are not required to have a DXF Scheme selected as we can read all machining information directly from the file."
        },
        {
            "type": "text",
            "data": "Simply select the Blum Dynaplan files (*.bxf) for your file type then select and open your BXF file."
        },
        {
            "type": "image",
            "data": "image262.png",
            "description": "[Placeholder for AI-generated description]"
        },
        {
            "type": "text",
            "data": "All Parts within the BXF file will be listed in the DXF Import area."
        },
        {
            "type": "image",
            "data": "image263.png",
            "description": "[Placeholder for AI-generated description]"
        },
        {
            "type": "text",
            "data": "The material list will be filled with materials that match the part size. If there is no match a material will be created to match the part size."
        },
        {
            "type": "text",
            "data": "You can then choose which parts you would like to import or import all the parts by selecting the Save button."
        },
        {
            "type": "text",
            "data": "BXFExt.ini"
        },
        {
            "type": "text",
            "data": "The BXFExt.ini is located in the installation extraction folder at \\Support\\BlumDynaplan\\ and should be copied to the \\NcCenter_12folder. The BXFExt.ini file serves two purposes, localization and part orientation."
        },
        {
            "type": "text",
            "data": "Localization"
        },
        {
            "type": "text",
            "data": "The data in the BXF file is in German, along with the part names. The .ini file can be used to change the part to recognizable part names. Note: The same part might have different names or may be in a numbered sequence. The following is a sample:"
        },
        {
            "type": "text",
            "data": "[LocalPartNames]"
        },
        {
            "type": "text",
            "data": "LinkeSeitenwand - Seitenwand=Left End"
        },
        {
            "type": "text",
            "data": "LinkeSeitenwand=Left End"
        },
        {
            "type": "text",
            "data": "Rueckwand=Back"
        },
        {
            "type": "text",
            "data": "*Rueckwand_2=Back #2"
        },
        {
            "type": "text",
            "data": "*Rueckwand_3=Back #3"
        },
        {
            "type": "text",
            "data": "Orientation"
        },
        {
            "type": "text",
            "data": "The parts in a BXF file do not have a typical orientation like the S2M CENTER is used to, they are simply shapes in space. The orientation is determined by the size and position of the part. The parts face is based on the parts location in the cabinet.\n    By default all part faces point out. However there may be some parts, like a back, where the part should be oriented face in. To override the normal orientation of a part use the [PartFaceTowardCenter] section of the BXFExt.ini."
        },
        {
            "type": "text",
            "data": "Parts listed in this section can be the actual part name or the localized name. Be sure to account for parts in a numbered series. Any non-zero value (such\n    as 1) will change the part face towards the center of the cabinet."
        },
        {
            "type": "image",
            "data": "Information.png",
            "description": "[Placeholder for AI-generated description]"
        },
        {
            "type": "text",
            "data": "The following is a sample:"
        },
        {
            "type": "text",
            "data": "[PartFaceTowardCenter]"
        },
        {
            "type": "text",
            "data": "Rueckwand=1"
        },
        {
            "type": "text",
            "data": "Back=1"
        },
        {
            "type": "text",
            "data": "Back #2=1"
        },
        {
            "type": "text",
            "data": "Back #3=1"
        },
        {
            "type": "text",
            "data": "Top=0"
        }
    ],
    "source_file": "NCEnglish\\Ribbonbar\\Main_Tab\\Import_DXF\\Other_CAD_Importers\\Blum_Dynaplan.htm",
    "version": "2024",
    "source_type": "help_file"
}