{
    "id": "3e23e9ca-3aa4-4df6-8da6-78640aba9721",
    "title": "Boring",
    "content": [
        {
            "type": "text",
            "data": "Boring"
        },
        {
            "type": "text",
            "data": "The Boring Connection Type allows you to define Assembly Boring. This is typically used for Dowel and Pre-Drill Construction. The following diagram shows the options available for\u00a0the Boring Connection Type. Click a specific option in the diagram for more information or continue through this topic for information on all the options."
        },
        {
            "type": "image",
            "data": "image905.png",
            "description": "[Placeholder for AI-generated description]"
        },
        {
            "type": "text",
            "data": "Master Hole Diameter (Standard #13)"
        },
        {
            "type": "image",
            "data": "image906.png",
            "description": "[Placeholder for AI-generated description]"
        },
        {
            "type": "text",
            "data": "Master Hole Depth (Standard #14)"
        },
        {
            "type": "image",
            "data": "image907.png",
            "description": "[Placeholder for AI-generated description]"
        },
        {
            "type": "text",
            "data": "Slave Hole Diameter (Standard #15)"
        },
        {
            "type": "image",
            "data": "image908.png",
            "description": "[Placeholder for AI-generated description]"
        },
        {
            "type": "text",
            "data": "Slave Hole Depth (Standard #16)"
        },
        {
            "type": "image",
            "data": "image909.png",
            "description": "[Placeholder for AI-generated description]"
        },
        {
            "type": "text",
            "data": "Master Hole Edge Position (Standard #17)"
        },
        {
            "type": "image",
            "data": "image910.png",
            "description": "[Placeholder for AI-generated description]"
        },
        {
            "type": "text",
            "data": "Master Hole Miter Position (Standard #18)"
        },
        {
            "type": "image",
            "data": "image911.png",
            "description": "[Placeholder for AI-generated description]"
        },
        {
            "type": "text",
            "data": "Fixed Head Horizontal Boring Machine (Standard #19)"
        },
        {
            "type": "image",
            "data": "image912.png",
            "description": "[Placeholder for AI-generated description]"
        },
        {
            "type": "text",
            "data": "Spindle Quantity (Standard #20)"
        },
        {
            "type": "image",
            "data": "image913.png",
            "description": "[Placeholder for AI-generated description]"
        },
        {
            "type": "text",
            "data": "Spindle Pattern (Standard #21)"
        },
        {
            "type": "image",
            "data": "image914.png",
            "description": "[Placeholder for AI-generated description]"
        },
        {
            "type": "text",
            "data": "First Hole Position (Standard #22)"
        },
        {
            "type": "image",
            "data": "image915.png",
            "description": "[Placeholder for AI-generated description]"
        },
        {
            "type": "text",
            "data": "Last Hole Minimum (Standard #23)"
        },
        {
            "type": "image",
            "data": "image916.png",
            "description": "[Placeholder for AI-generated description]"
        },
        {
            "type": "text",
            "data": "Hole Position (Standard #24)"
        },
        {
            "type": "image",
            "data": "image917.png",
            "description": "[Placeholder for AI-generated description]"
        },
        {
            "type": "text",
            "data": "Front Hole Quantity (Standard #25)"
        },
        {
            "type": "image",
            "data": "image918.png",
            "description": "[Placeholder for AI-generated description]"
        },
        {
            "type": "text",
            "data": "First Hole Position (Standard #26)"
        },
        {
            "type": "image",
            "data": "image919.png",
            "description": "[Placeholder for AI-generated description]"
        },
        {
            "type": "text",
            "data": "Front Hole Spacing (Standard #27)"
        },
        {
            "type": "image",
            "data": "image920.png",
            "description": "[Placeholder for AI-generated description]"
        },
        {
            "type": "text",
            "data": "Rear Hole Quantity (Standard #28)"
        },
        {
            "type": "image",
            "data": "image921.png",
            "description": "[Placeholder for AI-generated description]"
        },
        {
            "type": "text",
            "data": "Rear Hole Position (Standard #29)"
        },
        {
            "type": "image",
            "data": "image922.png",
            "description": "[Placeholder for AI-generated description]"
        },
        {
            "type": "text",
            "data": "Rear Hole Spacing (Standard #30)"
        },
        {
            "type": "image",
            "data": "image923.png",
            "description": "[Placeholder for AI-generated description]"
        },
        {
            "type": "text",
            "data": "Middle Holes (Standard #32)"
        },
        {
            "type": "image",
            "data": "image924.png",
            "description": "[Placeholder for AI-generated description]"
        },
        {
            "type": "text",
            "data": "Last Hole Minimum (Standard #31)"
        },
        {
            "type": "image",
            "data": "image926.png",
            "description": "[Placeholder for AI-generated description]"
        },
        {
            "type": "text",
            "data": "End Holes Position (Standard #81)"
        },
        {
            "type": "image",
            "data": "image927.png",
            "description": "[Placeholder for AI-generated description]"
        },
        {
            "type": "text",
            "data": "Hole Spacing (Standard #82)"
        },
        {
            "type": "image",
            "data": "image928.png",
            "description": "[Placeholder for AI-generated description]"
        }
    ],
    "source_file": "CVEnglish_Essential\\System_Level\\Ribbonbar\\Main_Tab\\Construction_Group\\Connections\\Boring.htm",
    "version": "2024",
    "source_type": "help_file"
}