{
    "id": "ec9a2591-d5cd-4037-9e70-f1b82addf3fe",
    "title": "CAD_Dimensioning",
    "content": [
        {
            "type": "text",
            "data": "CAD Dimensioning"
        },
        {
            "type": "text",
            "data": "With the ability to edit dimensions through the Layers in Solid, it is less common for the need to arise that dimensions be added manually through CAD. However, the functionality exists to create dimensions in CAD should something need to display dimensions when the automatic dimensions won\u2019t include that item. It is best to use the snap tool with snap turned to \"Snap to Points\"."
        },
        {
            "type": "text",
            "data": "When the snap is set to \"Snap to Points\", you will see small node points at every spot on the Object that you may snap to. In order to snap to that point, you must click somewhere close to it but it is not necessary to be exact."
        },
        {
            "type": "text",
            "data": "When dimensioning an object in the CAD mode, you may select the type of dimension line that you will use. This is combined with the Dimension Style that is selected (Dimension Styles are set up under the View Group of the main ribbonbar, on the Floor Plan or Elevation Views) to give you the characteristics of the dimension lines that show up on the drawing. The types of dimension lines that are available in CAD are:"
        },
        {
            "type": "text",
            "data": "Simple"
        },
        {
            "type": "text",
            "data": "The dimension appears exactly where you draw the dimension line. For example, if you pull a dimension from one point to another, the dimension line appears exactly between those two points. The picture below illustrates the dimension between the corner of one cabinet and the corner of another using a Simple Dimension."
        },
        {
            "type": "image",
            "data": "image627.gif",
            "description": "[Placeholder for AI-generated description]"
        },
        {
            "type": "text",
            "data": "Linear"
        },
        {
            "type": "text",
            "data": "The dimension is displayed either horizontally or vertically, not necessarily in line with the points that are being dimensioned. The picture below shows two Linear Dimensions between the same points as in the previous example. Notice that the Linear Dimension does not reflect the angle between the points that are being dimensioned. This dimension shows the distance between the points either vertically or horizontally."
        },
        {
            "type": "image",
            "data": "image628.gif",
            "description": "[Placeholder for AI-generated description]"
        },
        {
            "type": "text",
            "data": "Aligned"
        },
        {
            "type": "text",
            "data": "The dimension line follows the angle between the points being dimensioned. This dimension gives the distance straight between the two points. \u00a0See the example below."
        },
        {
            "type": "image",
            "data": "image629.gif",
            "description": "[Placeholder for AI-generated description]"
        },
        {
            "type": "text",
            "data": "Internal"
        },
        {
            "type": "text",
            "data": "Use this type of dimension if you are showing interior dimensions. No tick marks will show because the object itself provides the outline for the dimensions.\u00a0See the example below."
        },
        {
            "type": "image",
            "data": "image630.gif",
            "description": "[Placeholder for AI-generated description]"
        },
        {
            "type": "text",
            "data": "Linear-Tailed"
        },
        {
            "type": "text",
            "data": "This option is the same as linear (described above) but with a tail to the points that are being dimensioned.\u00a0See the example below."
        },
        {
            "type": "image",
            "data": "image631.gif",
            "description": "[Placeholder for AI-generated description]"
        },
        {
            "type": "text",
            "data": "Aligned-Tailed"
        },
        {
            "type": "text",
            "data": "This option is the same as aligned (described above) but with a tail to the points that are being dimensioned.\u00a0See the example below."
        },
        {
            "type": "image",
            "data": "image632.gif",
            "description": "[Placeholder for AI-generated description]"
        },
        {
            "type": "text",
            "data": "Radius"
        },
        {
            "type": "text",
            "data": "Use this type of dimension to show the radius of an arc or circle. See the example below."
        },
        {
            "type": "image",
            "data": "image633.gif",
            "description": "[Placeholder for AI-generated description]"
        },
        {
            "type": "text",
            "data": "Diameter"
        },
        {
            "type": "text",
            "data": "Use this type of dimension to show the diameter of an arc or circle. See the example below."
        },
        {
            "type": "image",
            "data": "image634.gif",
            "description": "[Placeholder for AI-generated description]"
        },
        {
            "type": "text",
            "data": "Angular"
        },
        {
            "type": "text",
            "data": "Use this dimension type to show the angle between two lines (or walls). See example below."
        },
        {
            "type": "image",
            "data": "image635.gif",
            "description": "[Placeholder for AI-generated description]"
        },
        {
            "type": "text",
            "data": "Angular-Tailed"
        },
        {
            "type": "text",
            "data": "This dimension type shows angles and includes a tail back to the line that is being dimensioned. See the example below."
        },
        {
            "type": "image",
            "data": "image636.gif",
            "description": "[Placeholder for AI-generated description]"
        }
    ],
    "source_file": "CVEnglish_Essential\\Tips_Tricks_&_FAQs\\CAD_Dimensioning.htm",
    "version": "2024",
    "source_type": "help_file"
}