{
    "id": "00165838-2cee-4695-869e-0d9d96df99e5",
    "title": "CADCode",
    "content": [
        {
            "type": "text",
            "data": "CAD Code"
        },
        {
            "type": "text",
            "data": "This is a Parts Router and/or Point-to-Point Link."
        },
        {
            "type": "text",
            "data": "CADCode does not support tool compensation for saws. All saw tools should be set to output Center Line paths. CADCode does support tool compensation for routers and recommends setting routers to output with tool compensation. The following information from the Tool Catalog can not be used by CADCode and is therefore ignored: Descent Rate and Maximum Depth Per Pass. Layer names will be generated automatically to the following settings:"
        },
        {
            "type": "text",
            "data": "Panel Dimensions: PANEL \n \n \n Routing: ROUTE_T + Tool Number + F + Feed Rate + Tool Comp \n \n \n Grooving Operations: GROOVE_T + Tool Number (If not 0) \n \n \n Vertical Boring: VBORE_T + Tool Number (If Not 0) \n \n \n Horizontal Boring: HBORE_T + Tool Number (If Not 0)"
        },
        {
            "type": "text",
            "data": "Panel Dimensions: PANEL"
        },
        {
            "type": "text",
            "data": "Panel Dimensions: PANEL"
        },
        {
            "type": "text",
            "data": "Routing: ROUTE_T + Tool Number + F + Feed Rate + Tool Comp"
        },
        {
            "type": "text",
            "data": "Routing: ROUTE_T + Tool Number + F + Feed Rate + Tool Comp"
        },
        {
            "type": "text",
            "data": "Grooving Operations: GROOVE_T + Tool Number (If not 0)"
        },
        {
            "type": "text",
            "data": "Grooving Operations: GROOVE_T + Tool Number (If not 0)"
        },
        {
            "type": "text",
            "data": "Vertical Boring: VBORE_T + Tool Number (If Not 0)"
        },
        {
            "type": "text",
            "data": "Vertical Boring: VBORE_T + Tool Number (If Not 0)"
        },
        {
            "type": "text",
            "data": "Horizontal Boring: HBORE_T + Tool Number (If Not 0)"
        },
        {
            "type": "text",
            "data": "Horizontal Boring: HBORE_T + Tool Number (If Not 0)"
        },
        {
            "type": "text",
            "data": "Routers and Saws are selected by the Tool Number in the layer name. Be sure to have accurate tool numbers for all routers and saws in the Tool Catalog. If the Tool Number for a drill is 0, tool selection is made be a size match with a tool Diameter. You can call any tool by number in CADCode, including drills. However, there are several reasons to use Diameter rather than number, but there are occasions where you may want a specific drill number or sequence. In a layered file, each unique drill would require a separate layer, i.e. \"VBORE_T12.\" Since you are specifying a specific tool CADCode cannot optimize the sequence or multiple drops and this tool is therefore removed from the optimization process. One reason you might wish a specific tool would be if you have a 5mm through bit or countersink that you want instead of a dowel bit. Tool depth has been eliminated from the layer name since CADCode reads the information directly from the 3D position of each entity. Additional description layers have been added for labeling capabilities."
        }
    ],
    "source_file": "NCEnglish\\Ribbonbar\\Main_Tab\\Machine\\NC_Links\\Parts_Router_P-2-P_Links\\CADCode.htm",
    "version": "2024",
    "source_type": "help_file"
}