{
    "id": "86f094d3-8b99-400c-a47b-141124011111",
    "title": "Change_the_Elevation_of_Counter_Tops",
    "content": [
        {
            "type": "text",
            "data": "Change the Elevation of Counter Tops"
        },
        {
            "type": "text",
            "data": "How do you change the Elevation of a Counter Top?"
        },
        {
            "type": "text",
            "data": "Assuming there is a Counter Top in the Room now:"
        },
        {
            "type": "text",
            "data": "Go to the Floor Plan view. \n \n \n Click on the  Tops  button in the sidebar. \n \n \n Right click  on the Counter Top you want to modify, from the drop down menu \u2013 choose Properties. \n \n \n At the Counter Top Properties screen you will be able to change the Elevation."
        },
        {
            "type": "text",
            "data": "Go to the Floor Plan view."
        },
        {
            "type": "text",
            "data": "Go to the Floor Plan view."
        },
        {
            "type": "text",
            "data": "Click on the  Tops  button in the sidebar."
        },
        {
            "type": "text",
            "data": "Click on the  Tops  button in the sidebar."
        },
        {
            "type": "link",
            "data": {
                "text": "Tops",
                "uuid": "f78c6801-8dc2-496e-b62a-b47c77cec8cc",
                "description": "[Placeholder for AI-generated description]"
            }
        },
        {
            "type": "text",
            "data": "Right click  on the Counter Top you want to modify, from the drop down menu \u2013 choose Properties."
        },
        {
            "type": "text",
            "data": "Right click  on the Counter Top you want to modify, from the drop down menu \u2013 choose Properties."
        },
        {
            "type": "link",
            "data": {
                "text": "Right click",
                "uuid": "f1b21f88-5094-48bb-a0f6-86e01e85b081",
                "description": "[Placeholder for AI-generated description]"
            }
        },
        {
            "type": "text",
            "data": "At the Counter Top Properties screen you will be able to change the Elevation."
        },
        {
            "type": "text",
            "data": "At the Counter Top Properties screen you will be able to change the Elevation."
        },
        {
            "type": "text",
            "data": "If you left click on the Counter Top you want modify, the Counter Top Editor opens to allow you to edit the shape of the Counter Top. You'll want to start from step 1 again if you accidentally left click the Counter Top to modify its position, etc."
        },
        {
            "type": "image",
            "data": "Information.png",
            "description": "[Placeholder for AI-generated description]"
        }
    ],
    "source_file": "CVEnglish_Essential\\Tips_Tricks_&_FAQs\\FAQs\\HDI-Layout\\Change_the_Elevation_of_Counter_Tops.htm",
    "version": "2024",
    "source_type": "help_file"
}