{
    "id": "99a3accd-481f-4232-a15a-912518a892b5",
    "title": "Choose_a_Computer_to_Run_Solid",
    "content": [
        {
            "type": "text",
            "data": "Choose a Computer to Run Solid"
        },
        {
            "type": "text",
            "data": "What kind of Computer should I purchase to run Solid?"
        },
        {
            "type": "text",
            "data": "The cost of computers continues to drop while their performance continues to go up. Don't try to save money on your hardware; you will only regret it later. Purchase the newest, fastest, computer system you can afford. Avoid purchasing systems with integrated graphics."
        },
        {
            "type": "text",
            "data": "If you are unfamiliar with computer configuration, ask for an industry standard commercial quality computer to use at your business."
        },
        {
            "type": "text",
            "data": "You can also check the latest recommendations on the Cabinet Vision website."
        },
        {
            "type": "text",
            "data": "http://www.cabinetvision.com/systemrequirements"
        }
    ],
    "source_file": "CVEnglish_Essential\\Tips_Tricks_&_FAQs\\Computer_Specific\\Choose_a_Computer_to_Run_Solid.htm",
    "version": "2024",
    "source_type": "help_file"
}