{
    "id": "23c77feb-fe81-4eac-875d-9ff93d64fbe6",
    "title": "CimTech_Nest",
    "content": [
        {
            "type": "text",
            "data": "CimTech Nest"
        },
        {
            "type": "text",
            "data": "This is a Parts Router and/or Point-to-Point Link."
        },
        {
            "type": "text",
            "data": "Use this output when using CimTech to nest parts on a sheet. CimTech knowledge must be setup to match the layer names output by Solid. To ensure proper output, the router diameters in the Tool Catalog should be slightly less then the required dado width. Tool compensation is recommended for this output. The following information from the Tool Catalog can not be used by CimTech and is therefore ignored: Feed Rate, Descent Rate, and Maximum Depth Per Pass."
        }
    ],
    "source_file": "NCEnglish\\Ribbonbar\\Main_Tab\\Machine\\NC_Links\\Parts_Router_P-2-P_Links\\CimTech_Nest.htm",
    "version": "2024",
    "source_type": "help_file"
}