{
    "id": "ec88ca59-4455-4790-9c89-8ddc5cd0c303",
    "title": "conn_Fixed_Shelf",
    "content": [
        {
            "type": "text",
            "data": "Fixed Shelf"
        },
        {
            "type": "text",
            "data": "This is where you configure the scenarios where a\u00a0Fixed Shelf Connects to Parts."
        },
        {
            "type": "image",
            "data": "image486.png",
            "description": "[Placeholder for AI-generated description]"
        },
        {
            "type": "text",
            "data": "The following diagram\u00a0show the Connections available for the Fixed Shelf. Click a specific option in the diagram for more information or continue through this topic for information on all the options."
        },
        {
            "type": "image",
            "data": "image614.png",
            "description": "[Placeholder for AI-generated description]"
        },
        {
            "type": "text",
            "data": "Fixed Shelf - Finished End (Standard #707)"
        },
        {
            "type": "image",
            "data": "image615.png",
            "description": "[Placeholder for AI-generated description]"
        },
        {
            "type": "text",
            "data": "Fixed Shelf - Unfinished End (Standard #716)"
        },
        {
            "type": "image",
            "data": "image616.png",
            "description": "[Placeholder for AI-generated description]"
        },
        {
            "type": "text",
            "data": "Fixed Shelf - Sub End (Standard #719)"
        },
        {
            "type": "image",
            "data": "image617.png",
            "description": "[Placeholder for AI-generated description]"
        },
        {
            "type": "text",
            "data": "Fixed Shelf - Unfinished End (Standard #714)"
        },
        {
            "type": "image",
            "data": "image618.png",
            "description": "[Placeholder for AI-generated description]"
        },
        {
            "type": "text",
            "data": "Fixed Shelf - Partition (Standard #726)"
        },
        {
            "type": "image",
            "data": "image619.png",
            "description": "[Placeholder for AI-generated description]"
        },
        {
            "type": "text",
            "data": "Fixed Shelf - Divider (Standard #748)"
        },
        {
            "type": "image",
            "data": "image620.png",
            "description": "[Placeholder for AI-generated description]"
        }
    ],
    "source_file": "CVEnglish_Essential\\System_Level\\Ribbonbar\\Main_Tab\\Construction_Group\\Assembly_Manager\\Assembly\\Branches\\Connection\\conn_Fixed_Shelf.htm",
    "version": "2024",
    "source_type": "help_file"
}