{
    "id": "98334e77-be8b-4580-8e09-4ce04d95c2e5",
    "title": "conn_Finished_End",
    "content": [
        {
            "type": "text",
            "data": "Finished End"
        },
        {
            "type": "text",
            "data": "This is where you configure the scenarios where a\u00a0Finished End Connects to Parts."
        },
        {
            "type": "image",
            "data": "image487.png",
            "description": "[Placeholder for AI-generated description]"
        },
        {
            "type": "text",
            "data": "The following diagram\u00a0show the Connections available for the Finished End. Click a specific option in the diagram for more information or continue through this topic for information on all the options."
        },
        {
            "type": "image",
            "data": "image611.png",
            "description": "[Placeholder for AI-generated description]"
        },
        {
            "type": "text",
            "data": "Finished End - End Stile (Standard #765)"
        },
        {
            "type": "image",
            "data": "image604.png",
            "description": "[Placeholder for AI-generated description]"
        },
        {
            "type": "text",
            "data": "Clipped Finished End - End Stile (Standard #766)"
        },
        {
            "type": "image",
            "data": "image605.png",
            "description": "[Placeholder for AI-generated description]"
        },
        {
            "type": "text",
            "data": "Finished End - Top (Standard #688)"
        },
        {
            "type": "image",
            "data": "image606.png",
            "description": "[Placeholder for AI-generated description]"
        },
        {
            "type": "text",
            "data": "Finished End - Deck (Standard #690)"
        },
        {
            "type": "image",
            "data": "image607.png",
            "description": "[Placeholder for AI-generated description]"
        },
        {
            "type": "text",
            "data": "Finished End - Finished Back (Standard #692)"
        },
        {
            "type": "image",
            "data": "image608.png",
            "description": "[Placeholder for AI-generated description]"
        },
        {
            "type": "text",
            "data": "Finished End - Unfinished Back (Standard #699)"
        },
        {
            "type": "image",
            "data": "image609.png",
            "description": "[Placeholder for AI-generated description]"
        },
        {
            "type": "text",
            "data": "Applied End - Finished Back (Standard #821)"
        },
        {
            "type": "image",
            "data": "image612.png",
            "description": "[Placeholder for AI-generated description]"
        },
        {
            "type": "text",
            "data": "Sub - End - Finished Back (Standard #822)"
        },
        {
            "type": "image",
            "data": "image613.png",
            "description": "[Placeholder for AI-generated description]"
        },
        {
            "type": "text",
            "data": "Finished End -\u00a0 Nailer (Standard #708)"
        },
        {
            "type": "image",
            "data": "image610.png",
            "description": "[Placeholder for AI-generated description]"
        }
    ],
    "source_file": "CVEnglish_Essential\\System_Level\\Ribbonbar\\Main_Tab\\Construction_Group\\Assembly_Manager\\Assembly\\Branches\\Connection\\conn_Finished_End.htm",
    "version": "2024",
    "source_type": "help_file"
}