{
    "id": "75ee02c9-f7ab-4f23-b266-19c981fe6210",
    "title": "conn_Toe_Kick",
    "content": [
        {
            "type": "text",
            "data": "Toe Kick"
        },
        {
            "type": "text",
            "data": "This is where you configure the scenarios where a\u00a0Toe Kick\u00a0Connects to Parts."
        },
        {
            "type": "image",
            "data": "image478.png",
            "description": "[Placeholder for AI-generated description]"
        },
        {
            "type": "text",
            "data": "The following diagram\u00a0show the Connections available for the Toe Kick. Click a specific option in the diagram for more information or continue through this topic for information on all the options."
        },
        {
            "type": "image",
            "data": "image672.png",
            "description": "[Placeholder for AI-generated description]"
        },
        {
            "type": "text",
            "data": "Front Toe - Side Toe (Standard #772)"
        },
        {
            "type": "image",
            "data": "image673.png",
            "description": "[Placeholder for AI-generated description]"
        },
        {
            "type": "text",
            "data": "Front Toe - Full Finished End (Standard #773)"
        },
        {
            "type": "image",
            "data": "image674.png",
            "description": "[Placeholder for AI-generated description]"
        },
        {
            "type": "text",
            "data": "Front Toe - Sleeper (Standard #775)"
        },
        {
            "type": "image",
            "data": "image675.png",
            "description": "[Placeholder for AI-generated description]"
        },
        {
            "type": "text",
            "data": "Sleeper - Front Toe (Standard #804)"
        },
        {
            "type": "image",
            "data": "image677.png",
            "description": "[Placeholder for AI-generated description]"
        },
        {
            "type": "text",
            "data": "Front Toe - Full Unfinished End (Standard #776)"
        },
        {
            "type": "image",
            "data": "image678.png",
            "description": "[Placeholder for AI-generated description]"
        },
        {
            "type": "text",
            "data": "Front Toe - Applied End (Standard #788)"
        },
        {
            "type": "image",
            "data": "image679.png",
            "description": "[Placeholder for AI-generated description]"
        },
        {
            "type": "text",
            "data": "Front Toe - Applied End (Standard #774)"
        },
        {
            "type": "image",
            "data": "image680.png",
            "description": "[Placeholder for AI-generated description]"
        },
        {
            "type": "text",
            "data": "Front Toe - Sub End (Standard #777)"
        },
        {
            "type": "image",
            "data": "image681.png",
            "description": "[Placeholder for AI-generated description]"
        },
        {
            "type": "text",
            "data": "Front Toe - Full Sub End (Standard #778)"
        },
        {
            "type": "image",
            "data": "image682.png",
            "description": "[Placeholder for AI-generated description]"
        },
        {
            "type": "text",
            "data": "Back Toe - Side Toe (Standard #780)"
        },
        {
            "type": "image",
            "data": "image683.png",
            "description": "[Placeholder for AI-generated description]"
        },
        {
            "type": "text",
            "data": "Back Toe - Sleeper (Standard #781)"
        },
        {
            "type": "image",
            "data": "image684.png",
            "description": "[Placeholder for AI-generated description]"
        },
        {
            "type": "text",
            "data": "Sleeper - Back Toe (Standard #805)"
        },
        {
            "type": "image",
            "data": "image685.png",
            "description": "[Placeholder for AI-generated description]"
        },
        {
            "type": "text",
            "data": "Back Toe - Applied End (Standard #779)"
        },
        {
            "type": "image",
            "data": "image686.png",
            "description": "[Placeholder for AI-generated description]"
        },
        {
            "type": "text",
            "data": "Back Toe - Sub End (Standard #798)"
        },
        {
            "type": "image",
            "data": "image687.png",
            "description": "[Placeholder for AI-generated description]"
        }
    ],
    "source_file": "CVEnglish_Essential\\System_Level\\Ribbonbar\\Main_Tab\\Construction_Group\\Assembly_Manager\\Assembly\\Branches\\Connection\\conn_Toe_Kick.htm",
    "version": "2024",
    "source_type": "help_file"
}