{
    "id": "788bc5a3-1d47-4d3c-a6d8-55d5ab1d4ca8",
    "title": "conn_Mid_Stile",
    "content": [
        {
            "type": "text",
            "data": "Mid Stile"
        },
        {
            "type": "text",
            "data": "This is where you configure the scenarios where a\u00a0Mid Stile Connects to Parts."
        },
        {
            "type": "image",
            "data": "image484.png",
            "description": "[Placeholder for AI-generated description]"
        },
        {
            "type": "text",
            "data": "The following diagram\u00a0show the Connections available for the Mid Stile. Click a specific option in the diagram for more information or continue through this topic for information on all the options."
        },
        {
            "type": "image",
            "data": "image625.png",
            "description": "[Placeholder for AI-generated description]"
        },
        {
            "type": "text",
            "data": "Mid Stile - Top Rail (Standard #756)"
        },
        {
            "type": "image",
            "data": "image626.png",
            "description": "[Placeholder for AI-generated description]"
        },
        {
            "type": "text",
            "data": "Mid Stile - Bottom Rail (Standard #758)"
        },
        {
            "type": "image",
            "data": "image627.png",
            "description": "[Placeholder for AI-generated description]"
        },
        {
            "type": "text",
            "data": "Mid Stile - Mid Rail (Standard #760)"
        },
        {
            "type": "image",
            "data": "image628.png",
            "description": "[Placeholder for AI-generated description]"
        },
        {
            "type": "text",
            "data": "Mid Stile - Partition (Standard #769)"
        },
        {
            "type": "image",
            "data": "image629.png",
            "description": "[Placeholder for AI-generated description]"
        },
        {
            "type": "text",
            "data": "Mid Stile - Divider (Standard #770)"
        },
        {
            "type": "image",
            "data": "image630.png",
            "description": "[Placeholder for AI-generated description]"
        }
    ],
    "source_file": "CVEnglish_Essential\\System_Level\\Ribbonbar\\Main_Tab\\Construction_Group\\Assembly_Manager\\Assembly\\Branches\\Connection\\conn_Mid_Stile.htm",
    "version": "2024",
    "source_type": "help_file"
}