{
    "id": "93990690-3376-4578-af2f-ccd5799a0d6a",
    "title": "conn_Drawer_Stretcher",
    "content": [
        {
            "type": "text",
            "data": "Drawer Stretcher"
        },
        {
            "type": "text",
            "data": "This is where you configure the scenarios where a\u00a0Drawer Stretcher Connects to Parts."
        },
        {
            "type": "image",
            "data": "image490.png",
            "description": "[Placeholder for AI-generated description]"
        },
        {
            "type": "text",
            "data": "The following diagram\u00a0show the Connections available for the Drawer Stretcher. Click a specific option in the diagram for more information or continue through this topic for information on all the options."
        },
        {
            "type": "image",
            "data": "image584.png",
            "description": "[Placeholder for AI-generated description]"
        },
        {
            "type": "text",
            "data": "Drawer Stretcher - Finished End (Standard #706)"
        },
        {
            "type": "image",
            "data": "image585.png",
            "description": "[Placeholder for AI-generated description]"
        },
        {
            "type": "text",
            "data": "Drawer Stretcher - Unfinished End (Standard #715)"
        },
        {
            "type": "image",
            "data": "image586.png",
            "description": "[Placeholder for AI-generated description]"
        },
        {
            "type": "text",
            "data": "Drawer Stretcher - Sub End (Standard #718)"
        },
        {
            "type": "image",
            "data": "image587.png",
            "description": "[Placeholder for AI-generated description]"
        },
        {
            "type": "text",
            "data": "Drawer Stretcher - Divider (Standard #802)"
        },
        {
            "type": "image",
            "data": "image588.png",
            "description": "[Placeholder for AI-generated description]"
        },
        {
            "type": "text",
            "data": "Drawer Stretcher - Partition (Standard #803)"
        },
        {
            "type": "image",
            "data": "image589.png",
            "description": "[Placeholder for AI-generated description]"
        }
    ],
    "source_file": "CVEnglish_Essential\\System_Level\\Ribbonbar\\Main_Tab\\Construction_Group\\Assembly_Manager\\Assembly\\Branches\\Connection\\conn_Drawer_Stretcher.htm",
    "version": "2024",
    "source_type": "help_file"
}