{
    "id": "157ec898-6d25-4c82-95e6-7abd6da08528",
    "title": "conn_Partition",
    "content": [
        {
            "type": "text",
            "data": "Partition"
        },
        {
            "type": "text",
            "data": "This is where you configure the scenarios where a\u00a0Partition Connects to Parts."
        },
        {
            "type": "image",
            "data": "image482.png",
            "description": "[Placeholder for AI-generated description]"
        },
        {
            "type": "text",
            "data": "The following diagram\u00a0show the Connections available for the Partition. Click a specific option in the diagram for more information or continue through this topic for information on all the options."
        },
        {
            "type": "image",
            "data": "image632.png",
            "description": "[Placeholder for AI-generated description]"
        },
        {
            "type": "text",
            "data": "Partition - Mid Stile (Standard #769)"
        },
        {
            "type": "image",
            "data": "image642.png",
            "description": "[Placeholder for AI-generated description]"
        },
        {
            "type": "text",
            "data": "Partition - Top (Standard #701)"
        },
        {
            "type": "image",
            "data": "image643.png",
            "description": "[Placeholder for AI-generated description]"
        },
        {
            "type": "text",
            "data": "Partition - Deck (Standard #704)"
        },
        {
            "type": "image",
            "data": "image644.png",
            "description": "[Placeholder for AI-generated description]"
        },
        {
            "type": "text",
            "data": "Partition - Unfinished Back (Standard #713)"
        },
        {
            "type": "image",
            "data": "image645.png",
            "description": "[Placeholder for AI-generated description]"
        },
        {
            "type": "text",
            "data": "Partition - Shelf (Standard #745)"
        },
        {
            "type": "image",
            "data": "image646.png",
            "description": "[Placeholder for AI-generated description]"
        },
        {
            "type": "text",
            "data": "Partition - Fixed Shelf (Standard #747)"
        },
        {
            "type": "image",
            "data": "image647.png",
            "description": "[Placeholder for AI-generated description]"
        },
        {
            "type": "text",
            "data": "Partition - Drawer Stretcher (Standard #813)"
        },
        {
            "type": "image",
            "data": "image648.png",
            "description": "[Placeholder for AI-generated description]"
        }
    ],
    "source_file": "CVEnglish_Essential\\System_Level\\Ribbonbar\\Main_Tab\\Construction_Group\\Assembly_Manager\\Assembly\\Branches\\Connection\\conn_Partition.htm",
    "version": "2024",
    "source_type": "help_file"
}