{
    "id": "ec49f2da-e96e-49ff-b8ea-3bc73c414830",
    "title": "conn_Shelf",
    "content": [
        {
            "type": "text",
            "data": "Shelf"
        },
        {
            "type": "text",
            "data": "This is where you configure the scenarios where a\u00a0Shelf Connects to Parts."
        },
        {
            "type": "image",
            "data": "image481.png",
            "description": "[Placeholder for AI-generated description]"
        },
        {
            "type": "text",
            "data": "The following diagram\u00a0show the Connections available for the Shelf. Click a specific option in the diagram for more information or continue through this topic for information on all the options."
        },
        {
            "type": "image",
            "data": "image649.png",
            "description": "[Placeholder for AI-generated description]"
        },
        {
            "type": "text",
            "data": "Shelf - Finished End (Standard #737)"
        },
        {
            "type": "image",
            "data": "image650.png",
            "description": "[Placeholder for AI-generated description]"
        },
        {
            "type": "text",
            "data": "Shelf - Unfinished End (Standard #721)"
        },
        {
            "type": "image",
            "data": "image651.png",
            "description": "[Placeholder for AI-generated description]"
        },
        {
            "type": "text",
            "data": "Shelf - Sub End (Standard #736)"
        },
        {
            "type": "image",
            "data": "image652.png",
            "description": "[Placeholder for AI-generated description]"
        },
        {
            "type": "text",
            "data": "Shelf - Partition (Standard #725)"
        },
        {
            "type": "image",
            "data": "image653.png",
            "description": "[Placeholder for AI-generated description]"
        },
        {
            "type": "text",
            "data": "Shelf - Divider (Standard #724)"
        },
        {
            "type": "image",
            "data": "image654.png",
            "description": "[Placeholder for AI-generated description]"
        }
    ],
    "source_file": "CVEnglish_Essential\\System_Level\\Ribbonbar\\Main_Tab\\Construction_Group\\Assembly_Manager\\Assembly\\Branches\\Connection\\conn_Shelf.htm",
    "version": "2024",
    "source_type": "help_file"
}