{
    "id": "a5374b90-e104-4b27-abe3-ff1a1471d3f9",
    "title": "conn_End_Stile",
    "content": [
        {
            "type": "text",
            "data": "End Stile"
        },
        {
            "type": "text",
            "data": "This is where you configure the scenarios where a\u00a0End Stile Connects to Parts."
        },
        {
            "type": "image",
            "data": "image489.png",
            "description": "[Placeholder for AI-generated description]"
        },
        {
            "type": "text",
            "data": "The following diagram\u00a0show the Connections available for the End Stile. Click a specific option in the diagram for more information or continue through this topic for information on all the options."
        },
        {
            "type": "image",
            "data": "image590.png",
            "description": "[Placeholder for AI-generated description]"
        },
        {
            "type": "text",
            "data": "End Stile - Top Rail (Standard #755)"
        },
        {
            "type": "image",
            "data": "image591.png",
            "description": "[Placeholder for AI-generated description]"
        },
        {
            "type": "text",
            "data": "End Stile - Bottom Rail (Standard #757)"
        },
        {
            "type": "image",
            "data": "image592.png",
            "description": "[Placeholder for AI-generated description]"
        },
        {
            "type": "text",
            "data": "End Stile - Finished End (Standard #765)"
        },
        {
            "type": "image",
            "data": "image593.png",
            "description": "[Placeholder for AI-generated description]"
        },
        {
            "type": "text",
            "data": "End Stile - Clipped Finished End (Standard #766)"
        },
        {
            "type": "image",
            "data": "image594.png",
            "description": "[Placeholder for AI-generated description]"
        },
        {
            "type": "text",
            "data": "End Stile - Unfinished End (Standard #767)"
        },
        {
            "type": "image",
            "data": "image595.png",
            "description": "[Placeholder for AI-generated description]"
        },
        {
            "type": "text",
            "data": "End Stile - Sub End (Standard #768)"
        },
        {
            "type": "image",
            "data": "image596.png",
            "description": "[Placeholder for AI-generated description]"
        }
    ],
    "source_file": "CVEnglish_Essential\\System_Level\\Ribbonbar\\Main_Tab\\Construction_Group\\Assembly_Manager\\Assembly\\Branches\\Connection\\conn_End_Stile.htm",
    "version": "2024",
    "source_type": "help_file"
}