{
    "id": "aecc183f-42d6-493b-9a22-81fc5df56c7d",
    "title": "conn_Unfinished_End",
    "content": [
        {
            "type": "text",
            "data": "Unfinished End"
        },
        {
            "type": "text",
            "data": "This is where you configure the scenarios where an Unfinished End Connects to Parts."
        },
        {
            "type": "image",
            "data": "image474.png",
            "description": "[Placeholder for AI-generated description]"
        },
        {
            "type": "text",
            "data": "The following diagram\u00a0show the Connections available for the Unfinished End. Click a specific option in the diagram for more information or continue through this topic for information on all the options."
        },
        {
            "type": "image",
            "data": "image721.png",
            "description": "[Placeholder for AI-generated description]"
        },
        {
            "type": "text",
            "data": "Unfinished End - End Stile (Standard #767)"
        },
        {
            "type": "image",
            "data": "image723.png",
            "description": "[Placeholder for AI-generated description]"
        },
        {
            "type": "text",
            "data": "Unfinished End - Top (Standard #694)"
        },
        {
            "type": "image",
            "data": "image724.png",
            "description": "[Placeholder for AI-generated description]"
        },
        {
            "type": "text",
            "data": "Unfinished End - Deck (Standard #697)"
        },
        {
            "type": "image",
            "data": "image725.png",
            "description": "[Placeholder for AI-generated description]"
        },
        {
            "type": "text",
            "data": "Unfinished End - Finished Back (Standard #700)"
        },
        {
            "type": "image",
            "data": "image726.png",
            "description": "[Placeholder for AI-generated description]"
        },
        {
            "type": "text",
            "data": "Unfinished End - Unfinished End (Standard #711)"
        },
        {
            "type": "image",
            "data": "image727.png",
            "description": "[Placeholder for AI-generated description]"
        },
        {
            "type": "text",
            "data": "Unfinished End - Unfinished Back (Standard #709)"
        },
        {
            "type": "image",
            "data": "image728.png",
            "description": "[Placeholder for AI-generated description]"
        },
        {
            "type": "text",
            "data": "Unfinished End - Nailer (Standard #717)"
        },
        {
            "type": "image",
            "data": "image729.png",
            "description": "[Placeholder for AI-generated description]"
        },
        {
            "type": "text",
            "data": "Sub End - Nailer (Standard #720)"
        },
        {
            "type": "image",
            "data": "image730.png",
            "description": "[Placeholder for AI-generated description]"
        }
    ],
    "source_file": "CVEnglish_Essential\\System_Level\\Ribbonbar\\Main_Tab\\Construction_Group\\Assembly_Manager\\Assembly\\Branches\\Connection\\conn_Unfinished_End.htm",
    "version": "2024",
    "source_type": "help_file"
}