{
    "id": "c32f2aec-73f1-442c-aa0f-aaeae4f57ab5",
    "title": "conn_Top",
    "content": [
        {
            "type": "text",
            "data": "Top"
        },
        {
            "type": "text",
            "data": "This is where you configure the scenarios where a\u00a0Top Connects to Parts."
        },
        {
            "type": "image",
            "data": "image477.png",
            "description": "[Placeholder for AI-generated description]"
        },
        {
            "type": "text",
            "data": "The following diagram\u00a0show the Connections available for the Toe Kick. Click a specific option in the diagram for more information or continue through this topic for information on all the options."
        },
        {
            "type": "image",
            "data": "image688.png",
            "description": "[Placeholder for AI-generated description]"
        },
        {
            "type": "text",
            "data": "Top - Finished End (Standard #688)"
        },
        {
            "type": "image",
            "data": "image689.png",
            "description": "[Placeholder for AI-generated description]"
        },
        {
            "type": "text",
            "data": "Top - Unfinished End (Standard #694)"
        },
        {
            "type": "image",
            "data": "image690.png",
            "description": "[Placeholder for AI-generated description]"
        },
        {
            "type": "text",
            "data": "Top - Applied End (Standard #785)"
        },
        {
            "type": "image",
            "data": "image691.png",
            "description": "[Placeholder for AI-generated description]"
        },
        {
            "type": "text",
            "data": "Top - Applied End (Standard #791)"
        },
        {
            "type": "image",
            "data": "image692.png",
            "description": "[Placeholder for AI-generated description]"
        },
        {
            "type": "text",
            "data": "Top - Sub End (Standard #695)"
        },
        {
            "type": "image",
            "data": "image693.png",
            "description": "[Placeholder for AI-generated description]"
        },
        {
            "type": "text",
            "data": "Top - Finished Back (Standard #689)"
        },
        {
            "type": "image",
            "data": "image694.png",
            "description": "[Placeholder for AI-generated description]"
        },
        {
            "type": "text",
            "data": "Top - Unfinished Back (Standard #782)"
        },
        {
            "type": "image",
            "data": "image695.png",
            "description": "[Placeholder for AI-generated description]"
        },
        {
            "type": "text",
            "data": "Top - Unfinished Back (Standard #693)"
        },
        {
            "type": "image",
            "data": "image696.png",
            "description": "[Placeholder for AI-generated description]"
        },
        {
            "type": "text",
            "data": "Top - Nailer (Standard #703)"
        },
        {
            "type": "image",
            "data": "image697.png",
            "description": "[Placeholder for AI-generated description]"
        },
        {
            "type": "text",
            "data": "Top - Partition (Standard #701)"
        },
        {
            "type": "image",
            "data": "image698.png",
            "description": "[Placeholder for AI-generated description]"
        },
        {
            "type": "text",
            "data": "Top - Divider (Standard #702)"
        },
        {
            "type": "image",
            "data": "image699.png",
            "description": "[Placeholder for AI-generated description]"
        },
        {
            "type": "text",
            "data": "Top - Part (Standard #812)"
        },
        {
            "type": "image",
            "data": "image700.png",
            "description": "[Placeholder for AI-generated description]"
        }
    ],
    "source_file": "CVEnglish_Essential\\System_Level\\Ribbonbar\\Main_Tab\\Construction_Group\\Assembly_Manager\\Assembly\\Branches\\Connection\\conn_Top.htm",
    "version": "2024",
    "source_type": "help_file"
}