{
    "id": "dad4c70c-f0e2-4fcc-b4ab-79c899719130",
    "title": "conn_Mid_Rail",
    "content": [
        {
            "type": "text",
            "data": "Mid Rail"
        },
        {
            "type": "text",
            "data": "This is where you configure the scenarios where a\u00a0Mid Rail Connects to Parts."
        },
        {
            "type": "image",
            "data": "image485.png",
            "description": "[Placeholder for AI-generated description]"
        },
        {
            "type": "text",
            "data": "The following diagram\u00a0show the Connections available for the Mid Rail. Click a specific option in the diagram for more information or continue through this topic for information on all the options."
        },
        {
            "type": "image",
            "data": "image621.png",
            "description": "[Placeholder for AI-generated description]"
        },
        {
            "type": "text",
            "data": "Mid Rail - End Stile (Standard #799)"
        },
        {
            "type": "image",
            "data": "image622.png",
            "description": "[Placeholder for AI-generated description]"
        },
        {
            "type": "text",
            "data": "Mid Rail - Mid Stile (Standard #759)"
        },
        {
            "type": "image",
            "data": "image623.png",
            "description": "[Placeholder for AI-generated description]"
        },
        {
            "type": "text",
            "data": "Mid Rail - Fixed Shelf (Standard #771)"
        },
        {
            "type": "image",
            "data": "image624.png",
            "description": "[Placeholder for AI-generated description]"
        }
    ],
    "source_file": "CVEnglish_Essential\\System_Level\\Ribbonbar\\Main_Tab\\Construction_Group\\Assembly_Manager\\Assembly\\Branches\\Connection\\conn_Mid_Rail.htm",
    "version": "2024",
    "source_type": "help_file"
}