{
    "id": "4c0bd7ba-5baf-4a6a-b814-1c58fdb15ad2",
    "title": "conn_Nailer",
    "content": [
        {
            "type": "text",
            "data": "Nailer"
        },
        {
            "type": "text",
            "data": "This is where you configure the scenarios where a\u00a0Nailer Connects to Parts."
        },
        {
            "type": "image",
            "data": "image483.png",
            "description": "[Placeholder for AI-generated description]"
        },
        {
            "type": "text",
            "data": "The following diagram\u00a0show the Connections available for the Nailer. Click a specific option in the diagram for more information or continue through this topic for information on all the options."
        },
        {
            "type": "image",
            "data": "image631.png",
            "description": "[Placeholder for AI-generated description]"
        },
        {
            "type": "text",
            "data": "Nailer - Finished End (Standard #708)"
        },
        {
            "type": "image",
            "data": "image633.png",
            "description": "[Placeholder for AI-generated description]"
        },
        {
            "type": "text",
            "data": "Nailer - Unfinished End (Standard #717)"
        },
        {
            "type": "image",
            "data": "image634.png",
            "description": "[Placeholder for AI-generated description]"
        },
        {
            "type": "text",
            "data": "Nailer - Sub End (Standard #720)"
        },
        {
            "type": "image",
            "data": "image635.png",
            "description": "[Placeholder for AI-generated description]"
        },
        {
            "type": "text",
            "data": "Nailer - Divider (Standard #800)"
        },
        {
            "type": "image",
            "data": "image636.png",
            "description": "[Placeholder for AI-generated description]"
        },
        {
            "type": "text",
            "data": "Nailer - Partition (Standard #801)"
        },
        {
            "type": "image",
            "data": "image637.png",
            "description": "[Placeholder for AI-generated description]"
        },
        {
            "type": "text",
            "data": "Nailer - Nailer (Standard #811)"
        },
        {
            "type": "image",
            "data": "image638.png",
            "description": "[Placeholder for AI-generated description]"
        },
        {
            "type": "text",
            "data": "Nailer - Back - Top Combine\u00a0(Standard #412)"
        },
        {
            "type": "image",
            "data": "image639.png",
            "description": "[Placeholder for AI-generated description]"
        },
        {
            "type": "text",
            "data": "Nailer - Back - Deck Combine (Standard #411)"
        },
        {
            "type": "image",
            "data": "image640.png",
            "description": "[Placeholder for AI-generated description]"
        },
        {
            "type": "text",
            "data": "Nailer - Back - End Combine (Standard #475)"
        },
        {
            "type": "image",
            "data": "image641.png",
            "description": "[Placeholder for AI-generated description]"
        }
    ],
    "source_file": "CVEnglish_Essential\\System_Level\\Ribbonbar\\Main_Tab\\Construction_Group\\Assembly_Manager\\Assembly\\Branches\\Connection\\conn_Nailer.htm",
    "version": "2024",
    "source_type": "help_file"
}