{
    "id": "320d7290-bb7f-4fdb-b9e3-ed67771c3f85",
    "title": "Creating_A_Drawer_Front",
    "content": [
        {
            "type": "text",
            "data": "Creating A Drawer Front"
        },
        {
            "type": "text",
            "data": "As far as Solid is concerned there is no difference between a Door and a Drawer Front. Therefore Drawer Fronts are created the same way Doors are created. Any Door can be used as a Drawer Front, although some Doors will give you an error message saying \"Unable to build Drawer Front at Requested Size\". This is because of the way the Door is built. There is not enough room for the Top and Bottom Rails, and the Panel detail you have defined to fit in the Drawer Front height you are trying to build."
        }
    ],
    "source_file": "CVEnglish_Essential\\Tips_Tricks_&_FAQs\\The_Door_Catalog\\Creating_Doors\\Creating_A_Drawer_Front.htm",
    "version": "2024",
    "source_type": "help_file"
}