{
    "id": "8fd49d7f-8c76-4935-a26d-4f67cafc4f26",
    "title": "Create_a_Blind_Corner_Cabinet",
    "content": [
        {
            "type": "text",
            "data": "Create a Blind Corner Cabinet"
        },
        {
            "type": "text",
            "data": "Draw an L shaped Wall."
        },
        {
            "type": "text",
            "data": "Draw an L shaped Wall."
        },
        {
            "type": "text",
            "data": "Draw an L shaped Wall."
        },
        {
            "type": "image",
            "data": "image263.gif",
            "description": "[Placeholder for AI-generated description]"
        },
        {
            "type": "text",
            "data": "Place a standard Cabinet on each wall in the corner Cabinet Depth, as defined in the  Cabinet Layout Tab , away from its adjacent Wall."
        },
        {
            "type": "text",
            "data": "Place a standard Cabinet on each wall in the corner Cabinet Depth, as defined in the  Cabinet Layout Tab , away from its adjacent Wall."
        },
        {
            "type": "text",
            "data": "Place a standard Cabinet on each wall in the corner Cabinet Depth, as defined in the  Cabinet Layout Tab , away from its adjacent Wall."
        },
        {
            "type": "link",
            "data": {
                "text": "Cabinet Layout Tab",
                "uuid": "cfb61ba6-b4c9-4a53-819a-a4ee588937a9",
                "description": "[Placeholder for AI-generated description]"
            }
        },
        {
            "type": "image",
            "data": "image262.gif",
            "description": "[Placeholder for AI-generated description]"
        },
        {
            "type": "text",
            "data": "Right click in the void space in the corner if the distances away from the Wall are correct you should receive the following menu:"
        },
        {
            "type": "text",
            "data": "Right click in the void space in the corner if the distances away from the Wall are correct you should receive the following menu:"
        },
        {
            "type": "text",
            "data": "Right click in the void space in the corner if the distances away from the Wall are correct you should receive the following menu:"
        },
        {
            "type": "text",
            "data": "Face Frame"
        },
        {
            "type": "image",
            "data": "FAQimage73.gif",
            "description": "[Placeholder for AI-generated description]"
        },
        {
            "type": "text",
            "data": "Frameless"
        },
        {
            "type": "image",
            "data": "FAQimage72.gif",
            "description": "[Placeholder for AI-generated description]"
        },
        {
            "type": "text",
            "data": "Select to Extend the desired End."
        },
        {
            "type": "text",
            "data": "Select to Extend the desired End."
        },
        {
            "type": "text",
            "data": "Select to Extend the desired End."
        }
    ],
    "source_file": "CVEnglish_Essential\\Tips_Tricks_&_FAQs\\FAQs\\HDI-Advanced_Features\\Create_a_Blind_Corner_Cabinet.htm",
    "version": "2024",
    "source_type": "help_file"
}