{
    "id": "c08b0bf8-4db3-4419-a3d0-414780a15cd7",
    "title": "DBROW_Five_Piece_Drawer",
    "content": [
        {
            "type": "text",
            "data": "Five Piece Drawer"
        },
        {
            "type": "text",
            "data": "The Five Piece Drawer Box Construction Style has the following objects:"
        },
        {
            "type": "image",
            "data": "image1356.png",
            "description": "[Placeholder for AI-generated description]"
        },
        {
            "type": "text",
            "data": "Click the Object names below for more information"
        },
        {
            "type": "text",
            "data": "General"
        },
        {
            "type": "text",
            "data": "Bottom"
        },
        {
            "type": "text",
            "data": "Back"
        },
        {
            "type": "text",
            "data": "Sub-Front"
        },
        {
            "type": "text",
            "data": "Side"
        },
        {
            "type": "text",
            "data": "Partition"
        },
        {
            "type": "text",
            "data": "Divider"
        },
        {
            "type": "text",
            "data": "Box Connection"
        },
        {
            "type": "text",
            "data": "General"
        },
        {
            "type": "text",
            "data": "The following diagram shows the options available in the General object. Click a specific option in the diagram for more information or continue through this topic for information on all Objects and options."
        },
        {
            "type": "image",
            "data": "image742.png",
            "description": "[Placeholder for AI-generated description]"
        },
        {
            "type": "text",
            "data": "Drawer Box Cost (Standard #137)"
        },
        {
            "type": "text",
            "data": "The price in this box will be added to the Bid."
        },
        {
            "type": "image",
            "data": "image744.png",
            "description": "[Placeholder for AI-generated description]"
        },
        {
            "type": "text",
            "data": "Drawer Box Labor (Standard #93)"
        },
        {
            "type": "text",
            "data": "The time (in minutes) in this box will be added to the Labor Estimate."
        },
        {
            "type": "image",
            "data": "image745.png",
            "description": "[Placeholder for AI-generated description]"
        },
        {
            "type": "text",
            "data": "Height Specifications (Standard #1)"
        },
        {
            "type": "text",
            "data": "You have two choices for how the Box Height is calculated."
        },
        {
            "type": "text",
            "data": "To Fit Using Guide Clearance  - This option will look at the Drawer Guide in use on the Box and calculate the Height based on the Opening Height where the Drawer is placed minus the Top and Bottom Clearance set on the Drawer Guide in the Material Catalog."
        },
        {
            "type": "text",
            "data": "To Fit Using Guide Clearance  - This option will look at the Drawer Guide in use on the Box and calculate the Height based on the Opening Height where the Drawer is placed minus the Top and Bottom Clearance set on the Drawer Guide in the Material Catalog."
        },
        {
            "type": "image",
            "data": "image747.png",
            "description": "[Placeholder for AI-generated description]"
        },
        {
            "type": "text",
            "data": "Standard Heights  - This option will allow you to establish a series of Standard Heights. When this option is selected the next screen will be Standard Heights (#2)."
        },
        {
            "type": "text",
            "data": "Standard Heights  - This option will allow you to establish a series of Standard Heights. When this option is selected the next screen will be Standard Heights (#2)."
        },
        {
            "type": "image",
            "data": "image746.png",
            "description": "[Placeholder for AI-generated description]"
        },
        {
            "type": "text",
            "data": "Standard Heights (Standard #2)"
        },
        {
            "type": "text",
            "data": "This area allows you to list all the possible Standard Heights for the Box. The Heights must be entered from Largest to Smallest. There is no limit to how many Standard Heights you can define. CABINET VISION will choose from that list and build the largest Drawer Box that will fit the opening minus the value set by Top and Bottom Clearance for the Drawer Guide in use. If it happens that the smallest Standard Height is still too large, being that it is the last available size on the list, CABINET VISION\u00a0will default to the actual required size for the Drawer Box Height. See the  Drawer Box sizing topic  for more information."
        },
        {
            "type": "link",
            "data": {
                "text": "Drawer Box sizing topic",
                "uuid": "8dc8d249-bf95-4e42-b01a-d8229c93d0f0",
                "description": "[Placeholder for AI-generated description]"
            }
        },
        {
            "type": "image",
            "data": "image748.png",
            "description": "[Placeholder for AI-generated description]"
        },
        {
            "type": "text",
            "data": "Depth Clearance (Standard #5)"
        },
        {
            "type": "text",
            "data": "This option allows you to specify the \"Minimum Distance Required Between the Drawer Box/Roll Out Back and the Face of the  Assembly Unfinished Back \""
        },
        {
            "type": "link",
            "data": {
                "text": "Assembly Unfinished Back",
                "uuid": "1159815f-061a-42f3-991c-4c218d3952df",
                "description": "[Placeholder for AI-generated description]"
            }
        },
        {
            "type": "image",
            "data": "image749.png",
            "description": "[Placeholder for AI-generated description]"
        },
        {
            "type": "text",
            "data": "Depth Specification (Standard #6)"
        },
        {
            "type": "text",
            "data": "You have two choices for how the Box Depth is calculated."
        },
        {
            "type": "text",
            "data": "To Fit Using Depth Clearance  - This option will look at the value previously established in \"Standard Heights (#2)\" and subtract that value from the actual Opening Depth where the Drawer is being placed to come up with the exact Drawer Box Depth."
        },
        {
            "type": "text",
            "data": "To Fit Using Depth Clearance  - This option will look at the value previously established in \"Standard Heights (#2)\" and subtract that value from the actual Opening Depth where the Drawer is being placed to come up with the exact Drawer Box Depth."
        },
        {
            "type": "image",
            "data": "image750.png",
            "description": "[Placeholder for AI-generated description]"
        },
        {
            "type": "text",
            "data": "Standard Depths  - This option will allow you to establish a series of Standard Depths. When this option is selected the next screen will be Standard Depths (#7)."
        },
        {
            "type": "text",
            "data": "Standard Depths  - This option will allow you to establish a series of Standard Depths. When this option is selected the next screen will be Standard Depths (#7)."
        },
        {
            "type": "image",
            "data": "image751.png",
            "description": "[Placeholder for AI-generated description]"
        },
        {
            "type": "text",
            "data": "Standard Depths (Standard #7)"
        },
        {
            "type": "text",
            "data": "This area allows you to list all the possible Standard Depths for the Box. The Depths must be entered from Largest to Smallest. There is no limit to how many Standard Depths you can define. CABINET VISION will choose from that list and build the largest Drawer Box that will fit the opening minus the value set in \"Depth Clearance (#5)\". If it happens that the smallest Standard Depth is still too large, being that it is the last available size on the list, CABINET VISION will default to the actual required size for the Drawer Box Depth. See the  Drawer Box sizing topic  for more information."
        },
        {
            "type": "link",
            "data": {
                "text": "Drawer Box sizing topic",
                "uuid": "8dc8d249-bf95-4e42-b01a-d8229c93d0f0",
                "description": "[Placeholder for AI-generated description]"
            }
        },
        {
            "type": "image",
            "data": "image752.png",
            "description": "[Placeholder for AI-generated description]"
        },
        {
            "type": "text",
            "data": "Bottom"
        },
        {
            "type": "text",
            "data": "The following diagram shows the options available in the Bottom object. Click a specific option in the diagram for more information or continue through this topic for information on all Objects and options."
        },
        {
            "type": "image",
            "data": "image743.png",
            "description": "[Placeholder for AI-generated description]"
        },
        {
            "type": "text",
            "data": "Drawer Box Bottom Banding Definition (Standard #150)"
        },
        {
            "type": "image",
            "data": "image753.png",
            "description": "[Placeholder for AI-generated description]"
        },
        {
            "type": "text",
            "data": "Drawer Box Bottom Grain Direction (Standard #9)"
        },
        {
            "type": "text",
            "data": "You have two options for the Grain Directions on Bottoms:"
        },
        {
            "type": "text",
            "data": "Front to Back"
        },
        {
            "type": "text",
            "data": "Front to Back"
        },
        {
            "type": "image",
            "data": "image754.png",
            "description": "[Placeholder for AI-generated description]"
        },
        {
            "type": "text",
            "data": "Left to Right"
        },
        {
            "type": "text",
            "data": "Left to Right"
        },
        {
            "type": "image",
            "data": "image755.png",
            "description": "[Placeholder for AI-generated description]"
        },
        {
            "type": "text",
            "data": "Drawer Box Bottom Scribe (Standard #10)"
        },
        {
            "type": "text",
            "data": "You have two options for the Box Bottom Scribe:"
        },
        {
            "type": "text",
            "data": "Flush to Box Bottom"
        },
        {
            "type": "text",
            "data": "Flush to Box Bottom"
        },
        {
            "type": "image",
            "data": "image756.png",
            "description": "[Placeholder for AI-generated description]"
        },
        {
            "type": "text",
            "data": "Space  - A positive number represents how far up your want the Bottom to be from the bottom of the Box. A negative number represents how far down from the bottom of the Box you want the Bottom to be located."
        },
        {
            "type": "text",
            "data": "Space  - A positive number represents how far up your want the Bottom to be from the bottom of the Box. A negative number represents how far down from the bottom of the Box you want the Bottom to be located."
        },
        {
            "type": "image",
            "data": "image757.png",
            "description": "[Placeholder for AI-generated description]"
        },
        {
            "type": "text",
            "data": "Drawer Box Bottom Machining Face (Standard #129)"
        },
        {
            "type": "image",
            "data": "image758.png",
            "description": "[Placeholder for AI-generated description]"
        },
        {
            "type": "text",
            "data": "Back"
        },
        {
            "type": "text",
            "data": "The following diagram shows the options available in the Back object. Click a specific option in the diagram for more information or continue through this topic for information on all Objects and options."
        },
        {
            "type": "image",
            "data": "image759.png",
            "description": "[Placeholder for AI-generated description]"
        },
        {
            "type": "text",
            "data": "Drawer Box Back Banding Definition (Standard #151)"
        },
        {
            "type": "image",
            "data": "image760.png",
            "description": "[Placeholder for AI-generated description]"
        },
        {
            "type": "text",
            "data": "Drawer Box Back Scribe (Standard #24)"
        },
        {
            "type": "text",
            "data": "You have two options for the Box Back Scribe:"
        },
        {
            "type": "text",
            "data": "Touches Box Back"
        },
        {
            "type": "text",
            "data": "Touches Box Back"
        },
        {
            "type": "image",
            "data": "image761.png",
            "description": "[Placeholder for AI-generated description]"
        },
        {
            "type": "text",
            "data": "Space  - A positive number represents how far in your want the Back to be from the back of the Box. A negative number represents how far outside the back of the Box you want the Back to be located."
        },
        {
            "type": "text",
            "data": "Space  - A positive number represents how far in your want the Back to be from the back of the Box. A negative number represents how far outside the back of the Box you want the Back to be located."
        },
        {
            "type": "image",
            "data": "image762.png",
            "description": "[Placeholder for AI-generated description]"
        },
        {
            "type": "text",
            "data": "Drawer Box Back Top Reference (Standard #27)"
        },
        {
            "type": "text",
            "data": "You have two options for the Back Top Reference:"
        },
        {
            "type": "text",
            "data": "Flush to Box Top"
        },
        {
            "type": "text",
            "data": "Flush to Box Top"
        },
        {
            "type": "image",
            "data": "image763.png",
            "description": "[Placeholder for AI-generated description]"
        },
        {
            "type": "text",
            "data": "Adjustment  - A positive value adjusts the Back below the top of the Box. A Negative value adjusts the Back above the top of the Box."
        },
        {
            "type": "text",
            "data": "Adjustment  - A positive value adjusts the Back below the top of the Box. A Negative value adjusts the Back above the top of the Box."
        },
        {
            "type": "image",
            "data": "image764.png",
            "description": "[Placeholder for AI-generated description]"
        },
        {
            "type": "text",
            "data": "Drawer Box Back Machining Face (Standard #132)"
        },
        {
            "type": "image",
            "data": "image765.png",
            "description": "[Placeholder for AI-generated description]"
        },
        {
            "type": "text",
            "data": "Sub-Front"
        },
        {
            "type": "text",
            "data": "The following diagram shows the options available in the Sub-Front object. Click a specific option in the diagram for more information or continue through this topic for information on all Objects and options."
        },
        {
            "type": "image",
            "data": "image769.png",
            "description": "[Placeholder for AI-generated description]"
        },
        {
            "type": "text",
            "data": "Sub-Front Banding Definition (Std #152)"
        },
        {
            "type": "image",
            "data": "image770.png",
            "description": "[Placeholder for AI-generated description]"
        },
        {
            "type": "text",
            "data": "Drawer Box Sub-Front Scribe (Std #32)"
        },
        {
            "type": "text",
            "data": "You have two options for the Sub-Front Scribe:"
        },
        {
            "type": "text",
            "data": "Touches Box Front"
        },
        {
            "type": "text",
            "data": "Touches Box Front"
        },
        {
            "type": "image",
            "data": "image771.png",
            "description": "[Placeholder for AI-generated description]"
        },
        {
            "type": "text",
            "data": "Space  - A positive number represents how far in your want the Sub-Front to be from the front of the Box. A negative number represents how far outside the front of the Box you want the Sub-Front to be located."
        },
        {
            "type": "text",
            "data": "Space  - A positive number represents how far in your want the Sub-Front to be from the front of the Box. A negative number represents how far outside the front of the Box you want the Sub-Front to be located."
        },
        {
            "type": "image",
            "data": "image772.png",
            "description": "[Placeholder for AI-generated description]"
        },
        {
            "type": "text",
            "data": "Drawer Box Sub-Front Top Reference (Std #35)"
        },
        {
            "type": "text",
            "data": "You have two options for the Sub-Front Top Reference:"
        },
        {
            "type": "text",
            "data": "Flush to Box Top"
        },
        {
            "type": "text",
            "data": "Flush to Box Top"
        },
        {
            "type": "image",
            "data": "image773.png",
            "description": "[Placeholder for AI-generated description]"
        },
        {
            "type": "text",
            "data": "Space  - A positive value adjusts the Sub-Front below the top of the Box. A Negative value adjusts the Sub-Front above the top of the Box."
        },
        {
            "type": "text",
            "data": "Space  - A positive value adjusts the Sub-Front below the top of the Box. A Negative value adjusts the Sub-Front above the top of the Box."
        },
        {
            "type": "image",
            "data": "image774.png",
            "description": "[Placeholder for AI-generated description]"
        },
        {
            "type": "text",
            "data": "Drawer Front Mounting Holes (Std #100)"
        },
        {
            "type": "text",
            "data": "Specify here whether or not you Bore holes for Drawer Front Mounting."
        },
        {
            "type": "image",
            "data": "image775.png",
            "description": "[Placeholder for AI-generated description]"
        },
        {
            "type": "text",
            "data": "Horizontal Mounting Hole Position (Std #101)"
        },
        {
            "type": "text",
            "data": "Enter the value for the position to the center of the Mounting Hole to the side of the Drawer Box."
        },
        {
            "type": "image",
            "data": "image776.png",
            "description": "[Placeholder for AI-generated description]"
        },
        {
            "type": "text",
            "data": "Vertical Mounting Hole Position (Std #102)"
        },
        {
            "type": "text",
            "data": "Enter the value for the position to the center of the Mounting Hole to either distance offset from the center of the Sub-Front or from the bottom of the Drawer Box.."
        },
        {
            "type": "image",
            "data": "image777.png",
            "description": "[Placeholder for AI-generated description]"
        },
        {
            "type": "text",
            "data": "Sub-Front Mounting Hole Diameter (Std #103)"
        },
        {
            "type": "text",
            "data": "Enter the Diameter for the hole to be drilled into the Sub-Front."
        },
        {
            "type": "image",
            "data": "image779.png",
            "description": "[Placeholder for AI-generated description]"
        },
        {
            "type": "text",
            "data": "Sub-Front Mounting Hole Depth (Std #104)"
        },
        {
            "type": "text",
            "data": "Enter the Depth for the hole to be drilled into the Sub-Front."
        },
        {
            "type": "image",
            "data": "image780.png",
            "description": "[Placeholder for AI-generated description]"
        },
        {
            "type": "text",
            "data": "Drawer Front Mounting Hole Diameter (Std #105)"
        },
        {
            "type": "text",
            "data": "Enter the Diameter for the hole to be drilled into the Drawer Front."
        },
        {
            "type": "image",
            "data": "image781.png",
            "description": "[Placeholder for AI-generated description]"
        },
        {
            "type": "text",
            "data": "Drawer Front Mounting Hole Depth (Std #106)"
        },
        {
            "type": "text",
            "data": "Enter the Depth for the hole to be drilled into the \u00a0Drawer Front."
        },
        {
            "type": "image",
            "data": "image782.png",
            "description": "[Placeholder for AI-generated description]"
        },
        {
            "type": "text",
            "data": "Sub-Front Machining Face\u00a0(Std #130)"
        },
        {
            "type": "image",
            "data": "image783.png",
            "description": "[Placeholder for AI-generated description]"
        },
        {
            "type": "text",
            "data": "Side"
        },
        {
            "type": "text",
            "data": "The following diagram shows the options available in the Side object. Click a specific option in the diagram for more information or continue through this topic for information on all Objects and options."
        },
        {
            "type": "image",
            "data": "image784.png",
            "description": "[Placeholder for AI-generated description]"
        },
        {
            "type": "text",
            "data": "Drawer Box Side Banding Definition (Standard #154)"
        },
        {
            "type": "image",
            "data": "image785.png",
            "description": "[Placeholder for AI-generated description]"
        },
        {
            "type": "text",
            "data": "Drawer Box Side Top Reference (Standard #94)"
        },
        {
            "type": "text",
            "data": "You have two options for the Side Top Reference:"
        },
        {
            "type": "text",
            "data": "Flush to Box Top"
        },
        {
            "type": "text",
            "data": "Flush to Box Top"
        },
        {
            "type": "image",
            "data": "image786.png",
            "description": "[Placeholder for AI-generated description]"
        },
        {
            "type": "text",
            "data": "Adjustment  - A positive value adjusts the Side below the top of the Box. A Negative value adjusts the Side above the top of the Box."
        },
        {
            "type": "text",
            "data": "Adjustment  - A positive value adjusts the Side below the top of the Box. A Negative value adjusts the Side above the top of the Box."
        },
        {
            "type": "image",
            "data": "image787.png",
            "description": "[Placeholder for AI-generated description]"
        },
        {
            "type": "text",
            "data": "Drawer Box Side Machining Face (Standard #133)"
        },
        {
            "type": "image",
            "data": "image788.png",
            "description": "[Placeholder for AI-generated description]"
        },
        {
            "type": "text",
            "data": "Partition"
        },
        {
            "type": "text",
            "data": "The following diagram shows the options available in the Partition object. Click a specific option in the diagram for more information or continue through this topic for information on all Objects and options."
        },
        {
            "type": "image",
            "data": "image789.png",
            "description": "[Placeholder for AI-generated description]"
        },
        {
            "type": "text",
            "data": "Drawer Box Partition Banding Definition (Standard #155)"
        },
        {
            "type": "image",
            "data": "image790.png",
            "description": "[Placeholder for AI-generated description]"
        },
        {
            "type": "text",
            "data": "Drawer Box Partition Top Reference (Standard #50)"
        },
        {
            "type": "text",
            "data": "You have two options for the Partition Top Reference:"
        },
        {
            "type": "text",
            "data": "Flush To Top"
        },
        {
            "type": "text",
            "data": "Flush To Top"
        },
        {
            "type": "image",
            "data": "image791.png",
            "description": "[Placeholder for AI-generated description]"
        },
        {
            "type": "text",
            "data": "Space  - A positive value adjusts the Partition below the top of the Box. A Negative value adjusts the Partition above the top of the Box."
        },
        {
            "type": "text",
            "data": "Space  - A positive value adjusts the Partition below the top of the Box. A Negative value adjusts the Partition above the top of the Box."
        },
        {
            "type": "image",
            "data": "image792.png",
            "description": "[Placeholder for AI-generated description]"
        },
        {
            "type": "text",
            "data": "Drawer Box Partition Machining Face\u00a0(Standard #134)"
        },
        {
            "type": "image",
            "data": "image793.png",
            "description": "[Placeholder for AI-generated description]"
        },
        {
            "type": "text",
            "data": "Divider"
        },
        {
            "type": "text",
            "data": "The following diagram shows the options available in the Divider object. Click a specific option in the diagram for more information or continue through this topic for information on all Objects and options."
        },
        {
            "type": "image",
            "data": "image794.png",
            "description": "[Placeholder for AI-generated description]"
        },
        {
            "type": "text",
            "data": "Drawer Box Divider Banding Definition (Standard #156)"
        },
        {
            "type": "image",
            "data": "image795.png",
            "description": "[Placeholder for AI-generated description]"
        },
        {
            "type": "text",
            "data": "Drawer Box Divider Top Reference (Standard #54)"
        },
        {
            "type": "text",
            "data": "You have two options for the Divider Top Reference:"
        },
        {
            "type": "text",
            "data": "Flush to Top"
        },
        {
            "type": "text",
            "data": "Flush to Top"
        },
        {
            "type": "image",
            "data": "image796.png",
            "description": "[Placeholder for AI-generated description]"
        },
        {
            "type": "text",
            "data": "Space  - A positive value adjusts the Divider below the top of the Box. A Negative value adjusts the Divider above the top of the Box."
        },
        {
            "type": "text",
            "data": "Space  - A positive value adjusts the Divider below the top of the Box. A Negative value adjusts the Divider above the top of the Box."
        },
        {
            "type": "image",
            "data": "image797.png",
            "description": "[Placeholder for AI-generated description]"
        },
        {
            "type": "text",
            "data": "Drawer Box Divider Machining Face\u00a0(Standard #135)"
        },
        {
            "type": "image",
            "data": "image798.png",
            "description": "[Placeholder for AI-generated description]"
        },
        {
            "type": "text",
            "data": "Box Connection"
        },
        {
            "type": "text",
            "data": "The Connection Branch is where you define how your Drawer Box and Roll Out Connect together. You also can define what\u00a0Connection Machining to use. Connection Machining is configured through the  Connection Manager . The following diagram shows the options available in the Box Connection\u00a0object. Click a specific option in the diagram for more information or continue through this topic for information on all Objects and options."
        },
        {
            "type": "link",
            "data": {
                "text": "Connection Manager",
                "uuid": "f85b0a07-e86c-4090-84a6-53ebf5f0129a",
                "description": "[Placeholder for AI-generated description]"
            }
        },
        {
            "type": "image",
            "data": "image799.png",
            "description": "[Placeholder for AI-generated description]"
        },
        {
            "type": "text",
            "data": "Bottom - Side (Standard #157)"
        },
        {
            "type": "image",
            "data": "image1030.png",
            "description": "[Placeholder for AI-generated description]"
        },
        {
            "type": "text",
            "data": "Bottom - Back (Standard #158)"
        },
        {
            "type": "image",
            "data": "image1031.png",
            "description": "[Placeholder for AI-generated description]"
        },
        {
            "type": "text",
            "data": "Bottom - Sub Front (Standard #159)"
        },
        {
            "type": "image",
            "data": "image1032.png",
            "description": "[Placeholder for AI-generated description]"
        },
        {
            "type": "text",
            "data": "Back - Side (Standard #160)"
        },
        {
            "type": "image",
            "data": "image1033.png",
            "description": "[Placeholder for AI-generated description]"
        },
        {
            "type": "text",
            "data": "Sub-Front - Side (Standard #161)"
        },
        {
            "type": "image",
            "data": "image1034.png",
            "description": "[Placeholder for AI-generated description]"
        },
        {
            "type": "text",
            "data": "Partition - Back (Standard #162)"
        },
        {
            "type": "image",
            "data": "image1035.png",
            "description": "[Placeholder for AI-generated description]"
        },
        {
            "type": "text",
            "data": "Partition - Sub-Front (Standard #163)"
        },
        {
            "type": "image",
            "data": "image1036.png",
            "description": "[Placeholder for AI-generated description]"
        },
        {
            "type": "text",
            "data": "Partition - Bottom (Standard #164)"
        },
        {
            "type": "image",
            "data": "image1037.png",
            "description": "[Placeholder for AI-generated description]"
        },
        {
            "type": "text",
            "data": "Partition - Divider (Standard #165)"
        },
        {
            "type": "image",
            "data": "image1038.png",
            "description": "[Placeholder for AI-generated description]"
        },
        {
            "type": "text",
            "data": "Divider - Side (Standard #166)"
        },
        {
            "type": "image",
            "data": "image1039.png",
            "description": "[Placeholder for AI-generated description]"
        },
        {
            "type": "text",
            "data": "Divider - Bottom (Standard #167)"
        },
        {
            "type": "image",
            "data": "image1040.png",
            "description": "[Placeholder for AI-generated description]"
        },
        {
            "type": "text",
            "data": "Divider - Partition (Standard #168)"
        },
        {
            "type": "image",
            "data": "image1041.png",
            "description": "[Placeholder for AI-generated description]"
        }
    ],
    "source_file": "CVEnglish_Essential\\System_Level\\Ribbonbar\\Main_Tab\\Construction_Group\\Assembly_Manager\\Drawer_-_Roll_Out\\Construction_Styles\\DBROW_Five_Piece_Drawer.htm",
    "version": "2024",
    "source_type": "help_file"
}