{
    "id": "0ce090fb-3d1d-400c-bbed-a30c2e8f2fa7",
    "title": "DBROW_Drawer_Box_-_Roll_Out",
    "content": [
        {
            "type": "text",
            "data": "Drawer Box -\u00a0Roll Out"
        },
        {
            "type": "image",
            "data": "image1353.png",
            "description": "[Placeholder for AI-generated description]"
        },
        {
            "type": "text",
            "data": "In the above view of the Assembly Manager, you see a Drawer Box Construction Method named \"5 Piece Drawer\" that uses a Five Piece Drawer Box\u00a0 Style  of Construction."
        },
        {
            "type": "image",
            "data": "image732.png",
            "description": "[Placeholder for AI-generated description]"
        },
        {
            "type": "text",
            "data": "The Construction Style you select for your Construction Method is very important. This selection determines the Parts available for your Construction Method as well as options within each Part that are specific and necessary for the Style of Construction you need to configure. There are 5 possible Construction Styles."
        },
        {
            "type": "text",
            "data": "Five Piece Drawer \u00a0-  This Drawer Box will include 2 Sides, a Back, a Sub-Front, and a Bottom. \n \n \n Four Piece Drawer \u00a0-  This Drawer Box will include 2 Sides, a Back, and a Bottom. Select this option if your Drawer Front is the actual front of your Drawer Box. \n \n \n Roll Out \u00a0-  This Roll Out will include 2 Sides, a Back, a Roll Out Front, and a Bottom. \n \n \n System Drawer \u00a0-  This Drawer Box will include a Back, Bottom, and Drawer System Guides. \n \n \n System Roll Out \u00a0-  This Roll Out will include a Back, Bottom, Roll Out Front and Drawer System Guides."
        },
        {
            "type": "text",
            "data": "Five Piece Drawer \u00a0-  This Drawer Box will include 2 Sides, a Back, a Sub-Front, and a Bottom."
        },
        {
            "type": "text",
            "data": "Five Piece Drawer \u00a0-  This Drawer Box will include 2 Sides, a Back, a Sub-Front, and a Bottom."
        },
        {
            "type": "link",
            "data": {
                "text": "Five Piece Drawer",
                "uuid": "c08b0bf8-4db3-4419-a3d0-414780a15cd7",
                "description": "[Placeholder for AI-generated description]"
            }
        },
        {
            "type": "text",
            "data": "Four Piece Drawer \u00a0-  This Drawer Box will include 2 Sides, a Back, and a Bottom. Select this option if your Drawer Front is the actual front of your Drawer Box."
        },
        {
            "type": "text",
            "data": "Four Piece Drawer \u00a0-  This Drawer Box will include 2 Sides, a Back, and a Bottom. Select this option if your Drawer Front is the actual front of your Drawer Box."
        },
        {
            "type": "link",
            "data": {
                "text": "Four Piece Drawer",
                "uuid": "9841de91-5643-44c8-b3c2-6922f7c91632",
                "description": "[Placeholder for AI-generated description]"
            }
        },
        {
            "type": "text",
            "data": "Roll Out \u00a0-  This Roll Out will include 2 Sides, a Back, a Roll Out Front, and a Bottom."
        },
        {
            "type": "text",
            "data": "Roll Out \u00a0-  This Roll Out will include 2 Sides, a Back, a Roll Out Front, and a Bottom."
        },
        {
            "type": "link",
            "data": {
                "text": "Roll Out",
                "uuid": "700c1d26-7e9f-49f8-985b-58f2d5af9d27",
                "description": "[Placeholder for AI-generated description]"
            }
        },
        {
            "type": "text",
            "data": "System Drawer \u00a0-  This Drawer Box will include a Back, Bottom, and Drawer System Guides."
        },
        {
            "type": "text",
            "data": "System Drawer \u00a0-  This Drawer Box will include a Back, Bottom, and Drawer System Guides."
        },
        {
            "type": "link",
            "data": {
                "text": "System Drawer",
                "uuid": "dcfade24-db5d-4e5f-bcb0-31300f89b73d",
                "description": "[Placeholder for AI-generated description]"
            }
        },
        {
            "type": "text",
            "data": "System Roll Out \u00a0-  This Roll Out will include a Back, Bottom, Roll Out Front and Drawer System Guides."
        },
        {
            "type": "text",
            "data": "System Roll Out \u00a0-  This Roll Out will include a Back, Bottom, Roll Out Front and Drawer System Guides."
        },
        {
            "type": "link",
            "data": {
                "text": "System Roll Out",
                "uuid": "83b22835-5fbb-4a6a-b77b-55028b3fc2a4",
                "description": "[Placeholder for AI-generated description]"
            }
        },
        {
            "type": "text",
            "data": "Typically, you would want to name your Construction Method something that indicates its contents, for example: If you only have one Five Piece Drawer Construction Method, then the name \"5 Piece Drawer\" would suffice. However, if you have several Five Piece methods, then your names should be more descriptive like \"5 Piece Dovetail,\" or \"5 Piece Miter.\""
        },
        {
            "type": "text",
            "data": "How To Create a New Construction Method"
        },
        {
            "type": "text",
            "data": "There are several ways to begin a new Construction Method. You could start with one of the Construction Methods that are pre-set in CABINET VISION and make modifications to them. You could copy one of the existing Construction Methods and then make changes to the copy so that it meets your requirements. Finally, you could create a brand new Construction Method by clicking on the Create a New Construction Method option . For the purposes of this example, we will create a brand new Construction Method because the options will be the same."
        },
        {
            "type": "text",
            "data": "1.  \u00a0Click the Create New Construction Method option in the ribbonbar."
        },
        {
            "type": "image",
            "data": "image2281.gif",
            "description": "[Placeholder for AI-generated description]"
        },
        {
            "type": "text",
            "data": "2.  In the pop up window, give the Construction Method a name and select the Construction Style that should apply to this Construction Method. You should also select the Connection Machining to use for the options in the Connections area. Connection Machining is configured through the  Connection Manager ."
        },
        {
            "type": "link",
            "data": {
                "text": "Connection Manager",
                "uuid": "f85b0a07-e86c-4090-84a6-53ebf5f0129a",
                "description": "[Placeholder for AI-generated description]"
            }
        },
        {
            "type": "image",
            "data": "image1338.png",
            "description": "[Placeholder for AI-generated description]"
        },
        {
            "type": "text",
            "data": "3.  \u00a0When you click OK, you will see the following window. Notice that the name of the Construction Method is \"My Five Piece\" and the Construction Style is \"Five Piece Drawer Box\"."
        },
        {
            "type": "image",
            "data": "image1354.png",
            "description": "[Placeholder for AI-generated description]"
        },
        {
            "type": "text",
            "data": "4.  \u00a0Next, you should begin to run through the Drawer Box Construction Method and answer the questions for each Part. Start by double clicking General. Double clicking on a Part (such as General) runs the Part Wizard for that Part. You can also run the Part Wizard for a part by clicking the branch to select it and then clicking the Modify option in the ribbonbar. You will then see the following window:"
        },
        {
            "type": "image",
            "data": "image1340.png",
            "description": "[Placeholder for AI-generated description]"
        },
        {
            "type": "text",
            "data": "The Drawer Box Construction Method consists mainly of options that you may choose between. In our example, the first option that you must choose between is concerning the Cost of the Drawer Box."
        },
        {
            "type": "text",
            "data": "You will find that the pictures are very helpful tools when answering the Drawer Box questions. The pictures will change according to the choices that you make and they should give you an idea of what will happen in the Construction Method if certain choices are made. However, you should not be worried if the pictures don't match your Construction 100%. Simply choose the options that most closely resemble your Construction Method."
        },
        {
            "type": "image",
            "data": "Information.png",
            "description": "[Placeholder for AI-generated description]"
        },
        {
            "type": "text",
            "data": "5.  \u00a0Then, simply go through the rest of the questions by answering them and then clicking Next. When you answer the final question in the branch, you can click the Finish button."
        },
        {
            "type": "text",
            "data": "6.  \u00a0When you finish the questions for the first Part, move on to the next one and answer the questions there."
        },
        {
            "type": "text",
            "data": "7.  \u00a0Complete the Drawer Box Construction Method."
        },
        {
            "type": "text",
            "data": "8.  \u00a0Test your Construction Method in a Job. The easiest way to begin testing a Construction Method is to create a Job with a single Cabinet. Making sure that the overall size of the Drawer Box is one that you can easily work out a cut list for comparison. Also make sure that you are using a valid Drawer Box Material Schedule for this Job and that each part of the Drawer Box is made out of the correct Material."
        },
        {
            "type": "text",
            "data": "Part thickness, which has a huge influence on the cut list, is controlled by the  Material Schedules  and  NOT  the Drawer Box Construction Method. Check each Part of this test Drawer Box and make sure that it is sized correctly. For any Parts that are incorrect, try to look at the orthographic views to determine where the problem lies."
        },
        {
            "type": "image",
            "data": "Information.png",
            "description": "[Placeholder for AI-generated description]"
        },
        {
            "type": "link",
            "data": {
                "text": "Material Schedules",
                "uuid": "7a64057c-ee14-4724-b490-38009af08adb",
                "description": "[Placeholder for AI-generated description]"
            }
        }
    ],
    "source_file": "CVEnglish_Essential\\System_Level\\Ribbonbar\\Main_Tab\\Construction_Group\\Assembly_Manager\\Drawer_-_Roll_Out\\DBROW_Drawer_Box_-_Roll_Out.htm",
    "version": "2024",
    "source_type": "help_file"
}