{
    "id": "4a6c7892-2fcb-4dc3-b6f2-fa84ec76bf4c",
    "title": "DC_Construction_Tab",
    "content": [
        {
            "type": "text",
            "data": "Top \n > \n \n \n System Level \n > \n \n Ribbonbar \n > \n \n Main Tab \n > \n \n Catalogs Group \n > \n \n Door Catalog \n > \n \n Door Catalog Tabs \n > \n \n Construction Tab \n > \n \n Construction Tab"
        },
        {
            "type": "text",
            "data": "Top \n >"
        },
        {
            "type": "text",
            "data": "System Level \n >"
        },
        {
            "type": "link",
            "data": {
                "text": "System Level",
                "uuid": "4450866f-fd9c-46df-abf3-7843c5a1ef37",
                "description": "[Placeholder for AI-generated description]"
            }
        },
        {
            "type": "text",
            "data": "Ribbonbar \n >"
        },
        {
            "type": "link",
            "data": {
                "text": "Ribbonbar",
                "uuid": "3bbac75c-2b61-42af-9bce-b90335e66dde",
                "description": "[Placeholder for AI-generated description]"
            }
        },
        {
            "type": "text",
            "data": "Main Tab \n >"
        },
        {
            "type": "link",
            "data": {
                "text": "Main Tab",
                "uuid": "3bbac75c-2b61-42af-9bce-b90335e66dde",
                "description": "[Placeholder for AI-generated description]"
            }
        },
        {
            "type": "text",
            "data": "Catalogs Group \n >"
        },
        {
            "type": "link",
            "data": {
                "text": "Catalogs Group",
                "uuid": "f4a43f08-b40b-442c-8f03-a96c2a64640f",
                "description": "[Placeholder for AI-generated description]"
            }
        },
        {
            "type": "text",
            "data": "Door Catalog \n >"
        },
        {
            "type": "link",
            "data": {
                "text": "Door Catalog",
                "uuid": "2da09610-ccab-42a9-a5ce-4ad5fa83394a",
                "description": "[Placeholder for AI-generated description]"
            }
        },
        {
            "type": "text",
            "data": "Door Catalog Tabs \n >"
        },
        {
            "type": "link",
            "data": {
                "text": "Door Catalog Tabs",
                "uuid": "d1faae4f-ff5c-49e5-95cf-756c3c48e318",
                "description": "[Placeholder for AI-generated description]"
            }
        },
        {
            "type": "text",
            "data": "Construction Tab \n >"
        },
        {
            "type": "link",
            "data": {
                "text": "Construction Tab",
                "uuid": "4a6c7892-2fcb-4dc3-b6f2-fa84ec76bf4c",
                "description": "[Placeholder for AI-generated description]"
            }
        },
        {
            "type": "text",
            "data": "Construction Tab"
        },
        {
            "type": "text",
            "data": "Construction Tab"
        },
        {
            "type": "text",
            "data": "Construction"
        },
        {
            "type": "text",
            "data": "Click on the Tabs below for more information on them"
        },
        {
            "type": "image",
            "data": "image274.gif",
            "description": "[Placeholder for AI-generated description]"
        },
        {
            "type": "text",
            "data": "This tab allows access to the Construction Options. This is where your Door will be designed by adding Stiles and Rails if required, as well as modifying their size, shape, and joinery."
        },
        {
            "type": "text",
            "data": "The idea behind this tab is that you would add Stiles and Rails, if that were the type of Door you are working on. And then you would click on each Part (Stiles, Rails, Panel) one at a time and make sure that they are the size you would cut them if you were going to make this sample size Door. Solid will then use these sample Part sizes to give you the correct cut-list for whatever size Doors your Job requires."
        },
        {
            "type": "text",
            "data": "When entering the sample Part sizes you should enter finished Part sizes not rough cut Part sizes. The exception being, that some parts have an \"Extra box, so you can add in an extra amount to the Part."
        },
        {
            "type": "image",
            "data": "Information.png",
            "description": "[Placeholder for AI-generated description]"
        },
        {
            "type": "text",
            "data": "If you are buying your Doors you don\u2019t need to worry about the Parts being the correct size. Just make the Door look like the Door you want."
        },
        {
            "type": "text",
            "data": "Panel Type"
        },
        {
            "type": "text",
            "data": "The first step on the \"Construction\" tab would be to click in the middle of the Door and select the \"Type\" of panel for your Door. In the screen below I have selected \"Raised Panel\" as the type of panel for this Door."
        },
        {
            "type": "image",
            "data": "image275.gif",
            "description": "[Placeholder for AI-generated description]"
        },
        {
            "type": "text",
            "data": "You can also right click in the middle of the Door to select the panel type."
        },
        {
            "type": "text",
            "data": "By selecting \"Raised Panel\" as my panel type, I have performed two functions. First I have told Solid I want this Panel to be a Raised Panel \"Type\" Panel. And second I have told Solid that I want to make this Panel out of whatever Material I selected for \"Raised Panel\" when I filled out my  Door Material Schedules ."
        },
        {
            "type": "link",
            "data": {
                "text": "Door Material Schedules",
                "uuid": "94b9f888-f73f-4e07-b5c4-a992aa50b3ee",
                "description": "[Placeholder for AI-generated description]"
            }
        },
        {
            "type": "text",
            "data": "There are seven panel types to choose from"
        },
        {
            "type": "text",
            "data": "Raised Panel -  most commonly used for solid lumber. \n \n \n Flat Panel -  most commonly used for thin plywood or thin panel stock. \n \n \n Glass panel -  most commonly used for glass. \n \n \n Horizontal Slab -  most commonly used for tambour Doors with the slats going left and right. If you never use this type of panel you could assign it as cloth or some other Material that you do use. \n \n \n None -  Most commonly used if your Door has no Panel and consists only of Stiles and Rails. \n \n \n Vertical Slab -  most commonly used for tambour door with the slats going up and down. If you never use this type of panel you could assign it as cloth or some other Material that you do use. \n \n \n Slab -  most commonly used for thick plywood or thick panel stock."
        },
        {
            "type": "text",
            "data": "Raised Panel -  most commonly used for solid lumber."
        },
        {
            "type": "text",
            "data": "Raised Panel -  most commonly used for solid lumber."
        },
        {
            "type": "text",
            "data": "Flat Panel -  most commonly used for thin plywood or thin panel stock."
        },
        {
            "type": "text",
            "data": "Flat Panel -  most commonly used for thin plywood or thin panel stock."
        },
        {
            "type": "text",
            "data": "Glass panel -  most commonly used for glass."
        },
        {
            "type": "text",
            "data": "Glass panel -  most commonly used for glass."
        },
        {
            "type": "text",
            "data": "Horizontal Slab -  most commonly used for tambour Doors with the slats going left and right. If you never use this type of panel you could assign it as cloth or some other Material that you do use."
        },
        {
            "type": "text",
            "data": "Horizontal Slab -  most commonly used for tambour Doors with the slats going left and right. If you never use this type of panel you could assign it as cloth or some other Material that you do use."
        },
        {
            "type": "text",
            "data": "None -  Most commonly used if your Door has no Panel and consists only of Stiles and Rails."
        },
        {
            "type": "text",
            "data": "None -  Most commonly used if your Door has no Panel and consists only of Stiles and Rails."
        },
        {
            "type": "text",
            "data": "Vertical Slab -  most commonly used for tambour door with the slats going up and down. If you never use this type of panel you could assign it as cloth or some other Material that you do use."
        },
        {
            "type": "text",
            "data": "Vertical Slab -  most commonly used for tambour door with the slats going up and down. If you never use this type of panel you could assign it as cloth or some other Material that you do use."
        },
        {
            "type": "text",
            "data": "Slab -  most commonly used for thick plywood or thick panel stock."
        },
        {
            "type": "text",
            "data": "Slab -  most commonly used for thick plywood or thick panel stock."
        },
        {
            "type": "text",
            "data": "With the panel highlighted by clicking on it, the Door Properties in the sidebar display the width and height of the panel. Additionally, you may change the amount of inset the Panel has. Panel Inset is that portion of the panel which fits into the Stile and Rail. The values you enter here is the overall inset."
        },
        {
            "type": "text",
            "data": "Horizontal Grain"
        },
        {
            "type": "text",
            "data": "This option is only available when the panel is highlighted. The default value is vertical grain. Selecting Yes in this box will change the panel to horizontal grain."
        },
        {
            "type": "text",
            "data": "Panel Height/Width Locking"
        },
        {
            "type": "text",
            "data": "The dimensions may be set for a Door panel and remain fixed throughout the Job, regardless of Door size if the panel is locked. In order to lock a panel dimension, there must be a minimum of two panels in the same plane (horizontal or vertical) and one panel must remain unlocked."
        },
        {
            "type": "text",
            "data": "Stiles & Rails"
        },
        {
            "type": "text",
            "data": "The second step is to add Stiles and Rails. To do this simply use the tools above the Door."
        },
        {
            "type": "text",
            "data": "The order in which you add the parts determines their joinery. If you add the Rails before the Stiles, the Rails will run long."
        },
        {
            "type": "image",
            "data": "image276.gif",
            "description": "[Placeholder for AI-generated description]"
        },
        {
            "type": "text",
            "data": "If you choose, you can miter the Stiles and Rails by enabling the \"Miter Corners\" option."
        },
        {
            "type": "text",
            "data": "Checking the Door Panel Size"
        },
        {
            "type": "text",
            "data": "The third, and most important, step is to check your Part sizes."
        },
        {
            "type": "text",
            "data": "In the picture below I have clicked on the panel. If I were making this Door I would make the finished size of the panel 19 5/8\" wide by 25 5/8\" long for the sample Door size of 24\" by 30\" shown. You will notice that Solid calculated the size of the panel as 19\" by 25\" in the grayed out information boxes, this is the inside measurement of the frame. Solid always starts out making the panel the inside measurement of the frame. I then added 5/8\" to this so the panel can set into the frame 5/16\" on each edge."
        },
        {
            "type": "image",
            "data": "image277.gif",
            "description": "[Placeholder for AI-generated description]"
        },
        {
            "type": "text",
            "data": "Lock Height"
        },
        {
            "type": "text",
            "data": "If your Door has more than one panel, there is an option called \"Lock Panel\". This option allows you to lock the height of a panel so that when you are in a Job the locked panel will remain the same size when the Door grows or shrinks in height."
        },
        {
            "type": "text",
            "data": "Once you have checked the part sizes for the sample Door. The next step is to click on the \"Profile\" tab and select the Profiles you wish to use with this Door."
        },
        {
            "type": "text",
            "data": "Checking the Door Rail Size"
        },
        {
            "type": "text",
            "data": "In the picture below I have clicked on the Bottom Rail. If I were making this Door the finished size of the Bottom Rail would be 2 \u00bd\" wide and 19 13/16\" long for the sample Door size of 24\" by 30\" shown. You will notice that the length of the Rail says \"Length\"+ \"Extra\" These two measurements must add up to the overall length of the finished Rail plus any extra for trim. You will notice that Solid already calculated the length of the Bottom Rail in the grayed out information box. Solid took the width of the Door (24\") and subtracted the two Stiles 2 1/2\" x 2 = 5\" and came up with 19\" it then added on the Inside Edge Profile width to each end of the Rail 2 x 3/8\" = 3/4\", 19\" + 3/4\" = 19 3/4\". \u00a0I then added 1/16\" in the \"Extra\" box as I trim 1/32\" off of each end when I run the Rail through the shaper, for a total of 19 13/16\" in length. Don\u2019t forget to check the \"Width\" The \"Width\" + \"Extra\" must add up to the overall width of the finished Stile."
        },
        {
            "type": "image",
            "data": "image278.gif",
            "description": "[Placeholder for AI-generated description]"
        },
        {
            "type": "text",
            "data": "The reason Solid was able to automatically add in the width of the Inside Edge Profile is that I picked a sample Profile from the sample Profile information box, in the sidebar, before I started checking the part sizes."
        },
        {
            "type": "image",
            "data": "image2180.gif",
            "description": "[Placeholder for AI-generated description]"
        },
        {
            "type": "text",
            "data": "Checking the Door Stile Size"
        },
        {
            "type": "text",
            "data": "In the next picture I have clicked on the Left Stile. If I were making this Door, the finished size of the Left Stile would be 2 1/2\u201d wide and 30\u201d long for the sample Door size of 24\u201d by 30\u201d shown. You will notice that the width of the Stile says \"Width\" + \"Extra\" these two measurements must add up to the overall width of the finished Stile, if your Profile is not set as applied. The edge it is talking about is your \"Inside Edge Profile\". Your Inside Edge Profile is the route or shape you are going to cut on the inside of the Stile."
        },
        {
            "type": "image",
            "data": "image279.gif",
            "description": "[Placeholder for AI-generated description]"
        }
    ],
    "source_file": "CVEnglish_Essential\\System_Level\\Ribbonbar\\Main_Tab\\Catalogs_Group\\Door_Catalog\\Door_Catalog_Tabs\\Construction_Tab\\DC_Construction_Tab.htm",
    "version": "2024",
    "source_type": "help_file"
}