{
    "id": "2e25ff21-1b0a-4d66-be31-5c4538e809c0",
    "title": "DC_File_Menu",
    "content": [
        {
            "type": "text",
            "data": "Top \n > \n \n \n System Level \n > \n \n Ribbonbar \n > \n \n Main Tab \n > \n \n Catalogs Group \n > \n \n Door Catalog \n > \n \n Menu Options \n > \n \n File Menu"
        },
        {
            "type": "text",
            "data": "Top \n >"
        },
        {
            "type": "text",
            "data": "System Level \n >"
        },
        {
            "type": "link",
            "data": {
                "text": "System Level",
                "uuid": "4450866f-fd9c-46df-abf3-7843c5a1ef37",
                "description": "[Placeholder for AI-generated description]"
            }
        },
        {
            "type": "text",
            "data": "Ribbonbar \n >"
        },
        {
            "type": "link",
            "data": {
                "text": "Ribbonbar",
                "uuid": "3bbac75c-2b61-42af-9bce-b90335e66dde",
                "description": "[Placeholder for AI-generated description]"
            }
        },
        {
            "type": "text",
            "data": "Main Tab \n >"
        },
        {
            "type": "link",
            "data": {
                "text": "Main Tab",
                "uuid": "3bbac75c-2b61-42af-9bce-b90335e66dde",
                "description": "[Placeholder for AI-generated description]"
            }
        },
        {
            "type": "text",
            "data": "Catalogs Group \n >"
        },
        {
            "type": "link",
            "data": {
                "text": "Catalogs Group",
                "uuid": "f4a43f08-b40b-442c-8f03-a96c2a64640f",
                "description": "[Placeholder for AI-generated description]"
            }
        },
        {
            "type": "text",
            "data": "Door Catalog \n >"
        },
        {
            "type": "link",
            "data": {
                "text": "Door Catalog",
                "uuid": "2da09610-ccab-42a9-a5ce-4ad5fa83394a",
                "description": "[Placeholder for AI-generated description]"
            }
        },
        {
            "type": "text",
            "data": "Menu Options \n >"
        },
        {
            "type": "link",
            "data": {
                "text": "Menu Options",
                "uuid": "2e25ff21-1b0a-4d66-be31-5c4538e809c0",
                "description": "[Placeholder for AI-generated description]"
            }
        },
        {
            "type": "text",
            "data": "File Menu"
        },
        {
            "type": "text",
            "data": "File Menu"
        },
        {
            "type": "text",
            "data": "File"
        },
        {
            "type": "image",
            "data": "image1387.gif",
            "description": "[Placeholder for AI-generated description]"
        },
        {
            "type": "text",
            "data": "Open Door Catalog -  Use this option if you are using Modular Catalogs that have their own associated Door Catalogs or if you are using a distributed Buy-Out Door catalog such as that provided by Decore-ative Specialties."
        },
        {
            "type": "text",
            "data": "Exit -  Closes the Door Catalog."
        }
    ],
    "source_file": "CVEnglish_Essential\\System_Level\\Ribbonbar\\Main_Tab\\Catalogs_Group\\Door_Catalog\\Menu_Options\\DC_File_Menu.htm",
    "version": "2024",
    "source_type": "help_file"
}