{
    "id": "58bf93c0-395d-4fa5-8f99-421042b7e8ea",
    "title": "DC_Profiles",
    "content": [
        {
            "type": "text",
            "data": "Top \n > \n \n \n System Level \n > \n \n Ribbonbar \n > \n \n Main Tab \n > \n \n Catalogs Group \n > \n \n Door Catalog \n > \n \n Menu Options \n > \n \n Setup Menu \n > \n \n Profiles"
        },
        {
            "type": "text",
            "data": "Top \n >"
        },
        {
            "type": "text",
            "data": "System Level \n >"
        },
        {
            "type": "link",
            "data": {
                "text": "System Level",
                "uuid": "4450866f-fd9c-46df-abf3-7843c5a1ef37",
                "description": "[Placeholder for AI-generated description]"
            }
        },
        {
            "type": "text",
            "data": "Ribbonbar \n >"
        },
        {
            "type": "link",
            "data": {
                "text": "Ribbonbar",
                "uuid": "3bbac75c-2b61-42af-9bce-b90335e66dde",
                "description": "[Placeholder for AI-generated description]"
            }
        },
        {
            "type": "text",
            "data": "Main Tab \n >"
        },
        {
            "type": "link",
            "data": {
                "text": "Main Tab",
                "uuid": "3bbac75c-2b61-42af-9bce-b90335e66dde",
                "description": "[Placeholder for AI-generated description]"
            }
        },
        {
            "type": "text",
            "data": "Catalogs Group \n >"
        },
        {
            "type": "link",
            "data": {
                "text": "Catalogs Group",
                "uuid": "f4a43f08-b40b-442c-8f03-a96c2a64640f",
                "description": "[Placeholder for AI-generated description]"
            }
        },
        {
            "type": "text",
            "data": "Door Catalog \n >"
        },
        {
            "type": "link",
            "data": {
                "text": "Door Catalog",
                "uuid": "2da09610-ccab-42a9-a5ce-4ad5fa83394a",
                "description": "[Placeholder for AI-generated description]"
            }
        },
        {
            "type": "text",
            "data": "Menu Options \n >"
        },
        {
            "type": "link",
            "data": {
                "text": "Menu Options",
                "uuid": "2e25ff21-1b0a-4d66-be31-5c4538e809c0",
                "description": "[Placeholder for AI-generated description]"
            }
        },
        {
            "type": "text",
            "data": "Setup Menu \n >"
        },
        {
            "type": "text",
            "data": "Profiles"
        },
        {
            "type": "text",
            "data": "Profiles"
        },
        {
            "type": "text",
            "data": "Creating Door Profiles"
        },
        {
            "type": "text",
            "data": "The Profiles area allows you to create Profiles for use with your Doors."
        },
        {
            "type": "image",
            "data": "image258.gif",
            "description": "[Placeholder for AI-generated description]"
        },
        {
            "type": "text",
            "data": "New"
        },
        {
            "type": "image",
            "data": "image1393.gif",
            "description": "[Placeholder for AI-generated description]"
        },
        {
            "type": "text",
            "data": "To Create a new Profile simply click the   \"New\" tool in the toolbar. Once in the \"Add New Profile\" screen simply select the \"Profile Type\". There are four different choices in the Add New Profile dialog box:"
        },
        {
            "type": "image",
            "data": "image1394.gif",
            "description": "[Placeholder for AI-generated description]"
        },
        {
            "type": "text",
            "data": "Outside Edge Profile (Finger Pull)  - This option creates an Outside Edge Profile for use on your Doors. See the sample image below, notice the Outside Edge Profile highlighted in red."
        },
        {
            "type": "text",
            "data": "Outside Edge Profile (Finger Pull)  - This option creates an Outside Edge Profile for use on your Doors. See the sample image below, notice the Outside Edge Profile highlighted in red."
        },
        {
            "type": "text",
            "data": "Outside Edge Profile (Finger Pull)  - This option creates an Outside Edge Profile for use on your Doors. See the sample image below, notice the Outside Edge Profile highlighted in red."
        },
        {
            "type": "text",
            "data": "Each profile is represented by a colored symbol throughout Solid. Make note that in the image below the Outside Edge Profile is represented by  ."
        },
        {
            "type": "image",
            "data": "Information.png",
            "description": "[Placeholder for AI-generated description]"
        },
        {
            "type": "image",
            "data": "image35511.gif",
            "description": "[Placeholder for AI-generated description]"
        },
        {
            "type": "image",
            "data": "image259.gif",
            "description": "[Placeholder for AI-generated description]"
        },
        {
            "type": "image",
            "data": "image348.gif",
            "description": "[Placeholder for AI-generated description]"
        },
        {
            "type": "text",
            "data": "Inside Edge Profile (Edge Detail)  - This option creates an Inside Edge Profile for use on your Doors. See the sample image below, notice the Inside Edge Profile highlighted in red."
        },
        {
            "type": "text",
            "data": "Inside Edge Profile (Edge Detail)  - This option creates an Inside Edge Profile for use on your Doors. See the sample image below, notice the Inside Edge Profile highlighted in red."
        },
        {
            "type": "text",
            "data": "Inside Edge Profile (Edge Detail)  - This option creates an Inside Edge Profile for use on your Doors. See the sample image below, notice the Inside Edge Profile highlighted in red."
        },
        {
            "type": "text",
            "data": "Each profile is represented by a colored symbol throughout Solid. Make note that in the image below the Inside Edge Profile is represented by  ."
        },
        {
            "type": "image",
            "data": "Information.png",
            "description": "[Placeholder for AI-generated description]"
        },
        {
            "type": "image",
            "data": "image35611.gif",
            "description": "[Placeholder for AI-generated description]"
        },
        {
            "type": "image",
            "data": "image260.gif",
            "description": "[Placeholder for AI-generated description]"
        },
        {
            "type": "image",
            "data": "image349.gif",
            "description": "[Placeholder for AI-generated description]"
        },
        {
            "type": "text",
            "data": "Raised Panel Detail  - This option creates a Raised Panel Detail for use on your Doors. See the sample image below, notice the Raised Panel Detail highlighted in red."
        },
        {
            "type": "text",
            "data": "Raised Panel Detail  - This option creates a Raised Panel Detail for use on your Doors. See the sample image below, notice the Raised Panel Detail highlighted in red."
        },
        {
            "type": "text",
            "data": "Raised Panel Detail  - This option creates a Raised Panel Detail for use on your Doors. See the sample image below, notice the Raised Panel Detail highlighted in red."
        },
        {
            "type": "text",
            "data": "Each profile is represented by a colored symbol throughout Solid. Make note that in the image below the Raised Panel Detail is represented by  ."
        },
        {
            "type": "image",
            "data": "Information.png",
            "description": "[Placeholder for AI-generated description]"
        },
        {
            "type": "image",
            "data": "image35411.gif",
            "description": "[Placeholder for AI-generated description]"
        },
        {
            "type": "image",
            "data": "image261.gif",
            "description": "[Placeholder for AI-generated description]"
        },
        {
            "type": "image",
            "data": "image350.gif",
            "description": "[Placeholder for AI-generated description]"
        },
        {
            "type": "text",
            "data": "Route Pattern (Groove Detail)  - This option creates a Route Pattern for use on your Doors. See the sample image below, notice the Route Pattern highlighted in red."
        },
        {
            "type": "text",
            "data": "Route Pattern (Groove Detail)  - This option creates a Route Pattern for use on your Doors. See the sample image below, notice the Route Pattern highlighted in red."
        },
        {
            "type": "text",
            "data": "Route Pattern (Groove Detail)  - This option creates a Route Pattern for use on your Doors. See the sample image below, notice the Route Pattern highlighted in red."
        },
        {
            "type": "text",
            "data": "Each profile is represented by a colored symbol throughout Solid. Make note that in the image below the Route Pattern is represented by  ."
        },
        {
            "type": "image",
            "data": "Information.png",
            "description": "[Placeholder for AI-generated description]"
        },
        {
            "type": "image",
            "data": "image35711.gif",
            "description": "[Placeholder for AI-generated description]"
        },
        {
            "type": "image",
            "data": "image265.gif",
            "description": "[Placeholder for AI-generated description]"
        },
        {
            "type": "image",
            "data": "image351.gif",
            "description": "[Placeholder for AI-generated description]"
        },
        {
            "type": "text",
            "data": "Once you have clicked OK to Add your New Profile, your new Profile will appear in the list as \"New ???????\" (In place of the Question marks will be the type of Profile you selected)."
        },
        {
            "type": "image",
            "data": "image266.gif",
            "description": "[Placeholder for AI-generated description]"
        },
        {
            "type": "text",
            "data": "There are several Property options for your new Profile. You can change any of this items by simply selecting it and modifying it from the Properties area to the right. Each option is described below:"
        },
        {
            "type": "text",
            "data": "The profile type the property is available for is displayed below."
        },
        {
            "type": "text",
            "data": "OEP  = Outside Edge Profile \n \n \n IEP  = Inside Edge Profile \n \n \n RPD  = Raised Panel Detail \n \n \n RPTN  = Route Pattern \n \n \n TS  = Tool Set."
        },
        {
            "type": "text",
            "data": "OEP  = Outside Edge Profile \n \n \n IEP  = Inside Edge Profile \n \n \n RPD  = Raised Panel Detail \n \n \n RPTN  = Route Pattern \n \n \n TS  = Tool Set."
        },
        {
            "type": "text",
            "data": "OEP  = Outside Edge Profile \n \n \n IEP  = Inside Edge Profile \n \n \n RPD  = Raised Panel Detail \n \n \n RPTN  = Route Pattern \n \n \n TS  = Tool Set."
        },
        {
            "type": "text",
            "data": "OEP  = Outside Edge Profile"
        },
        {
            "type": "text",
            "data": "OEP  = Outside Edge Profile"
        },
        {
            "type": "text",
            "data": "IEP  = Inside Edge Profile"
        },
        {
            "type": "text",
            "data": "IEP  = Inside Edge Profile"
        },
        {
            "type": "text",
            "data": "RPD  = Raised Panel Detail"
        },
        {
            "type": "text",
            "data": "RPD  = Raised Panel Detail"
        },
        {
            "type": "text",
            "data": "RPTN  = Route Pattern"
        },
        {
            "type": "text",
            "data": "RPTN  = Route Pattern"
        },
        {
            "type": "text",
            "data": "TS  = Tool Set."
        },
        {
            "type": "text",
            "data": "TS  = Tool Set."
        },
        {
            "type": "text",
            "data": "Name  - ( OEP / IEP / RPD / RPTN / TS ) - To give your Profile a name simply click on the Name field to the right in the Properties area, and type in the Name you wish to identify the Profile with. \n \n \n Cost Per Door  - ( OEP / IEP / RPD / RPTN ) - If needed give this profile a \"Cost Per Door\" when used. \n \n \n Cost Per SQFT  - ( OEP / IEP / RPD / RPTN ) - If needed give this profile a \"Cost Per Square Foot\" when used. \n \n \n Width  - ( OEP / IEP / RPD / RPTN ) - Give your new Profile a width in the Size field. \n \n \n Extended  - ( IEP ) - This field allows you to define whether the selected Inside Edge Profile is extended or not."
        },
        {
            "type": "text",
            "data": "Name  - ( OEP / IEP / RPD / RPTN / TS ) - To give your Profile a name simply click on the Name field to the right in the Properties area, and type in the Name you wish to identify the Profile with."
        },
        {
            "type": "text",
            "data": "Name  - ( OEP / IEP / RPD / RPTN / TS ) - To give your Profile a name simply click on the Name field to the right in the Properties area, and type in the Name you wish to identify the Profile with."
        },
        {
            "type": "text",
            "data": "Cost Per Door  - ( OEP / IEP / RPD / RPTN ) - If needed give this profile a \"Cost Per Door\" when used."
        },
        {
            "type": "text",
            "data": "Cost Per Door  - ( OEP / IEP / RPD / RPTN ) - If needed give this profile a \"Cost Per Door\" when used."
        },
        {
            "type": "text",
            "data": "Cost Per SQFT  - ( OEP / IEP / RPD / RPTN ) - If needed give this profile a \"Cost Per Square Foot\" when used."
        },
        {
            "type": "text",
            "data": "Cost Per SQFT  - ( OEP / IEP / RPD / RPTN ) - If needed give this profile a \"Cost Per Square Foot\" when used."
        },
        {
            "type": "text",
            "data": "Width  - ( OEP / IEP / RPD / RPTN ) - Give your new Profile a width in the Size field."
        },
        {
            "type": "text",
            "data": "Width  - ( OEP / IEP / RPD / RPTN ) - Give your new Profile a width in the Size field."
        },
        {
            "type": "text",
            "data": "Extended  - ( IEP ) - This field allows you to define whether the selected Inside Edge Profile is extended or not."
        },
        {
            "type": "text",
            "data": "Extended  - ( IEP ) - This field allows you to define whether the selected Inside Edge Profile is extended or not."
        },
        {
            "type": "text",
            "data": "There is an additional tab in the Profile editor entitled \"Extended Profiles\" this screen is a  sample  screen only and allows you to see how an Inside Edge Profile is treated by Solid, in different conditions, depending on whether it is defined as Extended or not."
        },
        {
            "type": "image",
            "data": "Information.png",
            "description": "[Placeholder for AI-generated description]"
        },
        {
            "type": "image",
            "data": "image267.gif",
            "description": "[Placeholder for AI-generated description]"
        },
        {
            "type": "text",
            "data": "Machine  - ( TS ) - Assigns the selected Tool Set to a particular Machine from the Machine Catalog.  See the NcCenter Help File Tool Set Help topic for more information. \n \n \n Cut For Glass  - ( TS ) - This field is not editable. Its value will change depending on whether you have defined a Tool in your Tool Set to \"Cut / Glass\".  See the NcCenter Help File Tool Set Help topic for more information. \n \n \n Follow Glass Shape  - ( TS ) - This option defines whether or not you would like your Tool Set, if set to cut glass, to follow the shape of the opening or to setup to pocket out the opening for a piece of square glass.  See the NcCenter Help File Tool Set Help topic for more information."
        },
        {
            "type": "text",
            "data": "Machine  - ( TS ) - Assigns the selected Tool Set to a particular Machine from the Machine Catalog.  See the NcCenter Help File Tool Set Help topic for more information."
        },
        {
            "type": "text",
            "data": "Machine  - ( TS ) - Assigns the selected Tool Set to a particular Machine from the Machine Catalog.  See the NcCenter Help File Tool Set Help topic for more information."
        },
        {
            "type": "text",
            "data": "Cut For Glass  - ( TS ) - This field is not editable. Its value will change depending on whether you have defined a Tool in your Tool Set to \"Cut / Glass\".  See the NcCenter Help File Tool Set Help topic for more information."
        },
        {
            "type": "text",
            "data": "Cut For Glass  - ( TS ) - This field is not editable. Its value will change depending on whether you have defined a Tool in your Tool Set to \"Cut / Glass\".  See the NcCenter Help File Tool Set Help topic for more information."
        },
        {
            "type": "text",
            "data": "Follow Glass Shape  - ( TS ) - This option defines whether or not you would like your Tool Set, if set to cut glass, to follow the shape of the opening or to setup to pocket out the opening for a piece of square glass.  See the NcCenter Help File Tool Set Help topic for more information."
        },
        {
            "type": "text",
            "data": "Follow Glass Shape  - ( TS ) - This option defines whether or not you would like your Tool Set, if set to cut glass, to follow the shape of the opening or to setup to pocket out the opening for a piece of square glass.  See the NcCenter Help File Tool Set Help topic for more information."
        },
        {
            "type": "text",
            "data": "Rabbet Width  - ( TS ) - Defines the Width of the Rabbet on the Backside for the Glass to fit into.  See the NcCenter Help File Tool Set Help topic for more information. \n \n \n Rabbet Depth  - ( TS ) - Defines the Depth of the Rabbet on the Backside for the Glass to fit into.  See the NcCenter Help File Tool Set Help topic for more information. \n \n \n Router for Back  - ( TS ) - Defines the Route Tool to use to route the Rabbet on the Backside for the Glass to fit into.  See the NcCenter Help File Tool Set Help topic for more information. \n \n \n Nested Part Clearance  - ( TS ) - This sets the space in between Doors and Door Parts on a nested sheet when the selected Tool Set is used.  See the NcCenter Help File Tool Set Help topic for more information. \n \n \n Outside Edge  - ( TS ) - Defines whether the selected Tool Set will be available as an Outside Edge Profile.  See the NcCenter Help File Tool Set Help topic for more information. \n \n \n Inside Edge  - ( TS ) - Defines whether the selected Tool Set will be available as an Inside Edge Profile.  See the NcCenter Help File Tool Set Help topic for more information. \n \n \n Raised Panel Detail  - ( TS ) - Defines whether the selected Tool Set will be available as an Raised Panel Detail.  See the NcCenter Help File Tool Set Help topic for more information. \n \n \n Route  - ( TS ) - Defines whether the selected Tool Set will be available as an Route Pattern.  See the NcCenter Help File Tool Set Help topic for more information."
        },
        {
            "type": "text",
            "data": "Rabbet Width  - ( TS ) - Defines the Width of the Rabbet on the Backside for the Glass to fit into.  See the NcCenter Help File Tool Set Help topic for more information."
        },
        {
            "type": "text",
            "data": "Rabbet Width  - ( TS ) - Defines the Width of the Rabbet on the Backside for the Glass to fit into.  See the NcCenter Help File Tool Set Help topic for more information."
        },
        {
            "type": "text",
            "data": "Rabbet Depth  - ( TS ) - Defines the Depth of the Rabbet on the Backside for the Glass to fit into.  See the NcCenter Help File Tool Set Help topic for more information."
        },
        {
            "type": "text",
            "data": "Rabbet Depth  - ( TS ) - Defines the Depth of the Rabbet on the Backside for the Glass to fit into.  See the NcCenter Help File Tool Set Help topic for more information."
        },
        {
            "type": "text",
            "data": "Router for Back  - ( TS ) - Defines the Route Tool to use to route the Rabbet on the Backside for the Glass to fit into.  See the NcCenter Help File Tool Set Help topic for more information."
        },
        {
            "type": "text",
            "data": "Router for Back  - ( TS ) - Defines the Route Tool to use to route the Rabbet on the Backside for the Glass to fit into.  See the NcCenter Help File Tool Set Help topic for more information."
        },
        {
            "type": "text",
            "data": "Nested Part Clearance  - ( TS ) - This sets the space in between Doors and Door Parts on a nested sheet when the selected Tool Set is used.  See the NcCenter Help File Tool Set Help topic for more information."
        },
        {
            "type": "text",
            "data": "Nested Part Clearance  - ( TS ) - This sets the space in between Doors and Door Parts on a nested sheet when the selected Tool Set is used.  See the NcCenter Help File Tool Set Help topic for more information."
        },
        {
            "type": "text",
            "data": "Outside Edge  - ( TS ) - Defines whether the selected Tool Set will be available as an Outside Edge Profile.  See the NcCenter Help File Tool Set Help topic for more information."
        },
        {
            "type": "text",
            "data": "Outside Edge  - ( TS ) - Defines whether the selected Tool Set will be available as an Outside Edge Profile.  See the NcCenter Help File Tool Set Help topic for more information."
        },
        {
            "type": "text",
            "data": "Inside Edge  - ( TS ) - Defines whether the selected Tool Set will be available as an Inside Edge Profile.  See the NcCenter Help File Tool Set Help topic for more information."
        },
        {
            "type": "text",
            "data": "Inside Edge  - ( TS ) - Defines whether the selected Tool Set will be available as an Inside Edge Profile.  See the NcCenter Help File Tool Set Help topic for more information."
        },
        {
            "type": "text",
            "data": "Raised Panel Detail  - ( TS ) - Defines whether the selected Tool Set will be available as an Raised Panel Detail.  See the NcCenter Help File Tool Set Help topic for more information."
        },
        {
            "type": "text",
            "data": "Raised Panel Detail  - ( TS ) - Defines whether the selected Tool Set will be available as an Raised Panel Detail.  See the NcCenter Help File Tool Set Help topic for more information."
        },
        {
            "type": "text",
            "data": "Route  - ( TS ) - Defines whether the selected Tool Set will be available as an Route Pattern.  See the NcCenter Help File Tool Set Help topic for more information."
        },
        {
            "type": "text",
            "data": "Route  - ( TS ) - Defines whether the selected Tool Set will be available as an Route Pattern.  See the NcCenter Help File Tool Set Help topic for more information."
        },
        {
            "type": "text",
            "data": "Copy"
        },
        {
            "type": "image",
            "data": "image1678.gif",
            "description": "[Placeholder for AI-generated description]"
        },
        {
            "type": "text",
            "data": "Click this button to Copy the Selected Profile. This action will copy all properties as well as the shape of the selected Profile."
        },
        {
            "type": "text",
            "data": "Delete"
        },
        {
            "type": "image",
            "data": "image1679.gif",
            "description": "[Placeholder for AI-generated description]"
        },
        {
            "type": "text",
            "data": "Click this button to Delete the Selected Profile."
        },
        {
            "type": "text",
            "data": "Shape Tab - Inside Edge/Outside Edge/Raised Panel/Route Pattern"
        },
        {
            "type": "text",
            "data": "The next step in the process is to give your profile a shape."
        },
        {
            "type": "text",
            "data": "The profiles \"Shape\", when defined for  OEP / IEP / RPD / RPTN , does not affect anything except the way your Doors display and Render when used. The width, however, with the Inside Edge Profile can have an effect, depending on the setting for \"Extended\"."
        },
        {
            "type": "image",
            "data": "Information.png",
            "description": "[Placeholder for AI-generated description]"
        },
        {
            "type": "text",
            "data": "With your Profile selected,  click  on the \"Shape\" tab. Using the Shape Tools create your Profile/Moldings shape. When you enter the Profile Shape area you will notice that there is a \"Sample\" shape in place. This will help you orient your Profile properly. If this option interferes with your view you can turn it Off by clicking the \"View Sample Profile\" button highlighted in the image below."
        },
        {
            "type": "image",
            "data": "image268.gif",
            "description": "[Placeholder for AI-generated description]"
        },
        {
            "type": "text",
            "data": "The Shape Editor Toolbox has the following \u00a0tools available when editing Door Profiles:"
        },
        {
            "type": "text",
            "data": "Click the Tools in the Tool Box below for more information"
        },
        {
            "type": "image",
            "data": "image2325.gif",
            "description": "[Placeholder for AI-generated description]"
        },
        {
            "type": "text",
            "data": "Once you have completed your Profiles Shape click on the \"Profiles\" tab."
        },
        {
            "type": "text",
            "data": "Click Yes to  save  your new shape."
        },
        {
            "type": "image",
            "data": "image269.gif",
            "description": "[Placeholder for AI-generated description]"
        },
        {
            "type": "text",
            "data": "Shape Tab - Tool Set"
        },
        {
            "type": "text",
            "data": "The Shape tab, when editing or creating a Tool Set's shape is different than when creating other Profiles.  See the S2M Center Help File Tool Set Help topic for more information."
        },
        {
            "type": "text",
            "data": "Extended Profiles Tab"
        },
        {
            "type": "text",
            "data": "See the  Extended Profiles Tab  definition above."
        }
    ],
    "source_file": "CVEnglish_Essential\\System_Level\\Ribbonbar\\Main_Tab\\Catalogs_Group\\Door_Catalog\\Menu_Options\\Setup_Menu\\DC_Profiles.htm",
    "version": "2024",
    "source_type": "help_file"
}