{
    "id": "470ca11a-1e85-4637-a337-6095c1fdc75b",
    "title": "DC_Right_Click_A_Panel",
    "content": [
        {
            "type": "text",
            "data": "Top \n > \n \n \n System Level \n > \n \n Ribbonbar \n > \n \n Main Tab \n > \n \n Catalogs Group \n > \n \n Door Catalog \n > \n \n Door Catalog Tabs \n > \n \n Construction Tab \n > \n \n Right Click A Panel"
        },
        {
            "type": "text",
            "data": "Top \n >"
        },
        {
            "type": "text",
            "data": "System Level \n >"
        },
        {
            "type": "link",
            "data": {
                "text": "System Level",
                "uuid": "4450866f-fd9c-46df-abf3-7843c5a1ef37",
                "description": "[Placeholder for AI-generated description]"
            }
        },
        {
            "type": "text",
            "data": "Ribbonbar \n >"
        },
        {
            "type": "link",
            "data": {
                "text": "Ribbonbar",
                "uuid": "3bbac75c-2b61-42af-9bce-b90335e66dde",
                "description": "[Placeholder for AI-generated description]"
            }
        },
        {
            "type": "text",
            "data": "Main Tab \n >"
        },
        {
            "type": "link",
            "data": {
                "text": "Main Tab",
                "uuid": "3bbac75c-2b61-42af-9bce-b90335e66dde",
                "description": "[Placeholder for AI-generated description]"
            }
        },
        {
            "type": "text",
            "data": "Catalogs Group \n >"
        },
        {
            "type": "link",
            "data": {
                "text": "Catalogs Group",
                "uuid": "f4a43f08-b40b-442c-8f03-a96c2a64640f",
                "description": "[Placeholder for AI-generated description]"
            }
        },
        {
            "type": "text",
            "data": "Door Catalog \n >"
        },
        {
            "type": "link",
            "data": {
                "text": "Door Catalog",
                "uuid": "2da09610-ccab-42a9-a5ce-4ad5fa83394a",
                "description": "[Placeholder for AI-generated description]"
            }
        },
        {
            "type": "text",
            "data": "Door Catalog Tabs \n >"
        },
        {
            "type": "link",
            "data": {
                "text": "Door Catalog Tabs",
                "uuid": "d1faae4f-ff5c-49e5-95cf-756c3c48e318",
                "description": "[Placeholder for AI-generated description]"
            }
        },
        {
            "type": "text",
            "data": "Construction Tab \n >"
        },
        {
            "type": "link",
            "data": {
                "text": "Construction Tab",
                "uuid": "4a6c7892-2fcb-4dc3-b6f2-fa84ec76bf4c",
                "description": "[Placeholder for AI-generated description]"
            }
        },
        {
            "type": "text",
            "data": "Right Click A Panel"
        },
        {
            "type": "text",
            "data": "Right Click A Panel"
        },
        {
            "type": "text",
            "data": "Door Catalog Right Click A Panel"
        },
        {
            "type": "text",
            "data": "There are five options when Right Clicking on a Door Panel."
        },
        {
            "type": "image",
            "data": "image1333.gif",
            "description": "[Placeholder for AI-generated description]"
        },
        {
            "type": "text",
            "data": "Panel Type"
        },
        {
            "type": "text",
            "data": "The Panel Type option is a fly-out with seven options:"
        },
        {
            "type": "image",
            "data": "image1334.gif",
            "description": "[Placeholder for AI-generated description]"
        },
        {
            "type": "text",
            "data": "None -   This menu option will remove the Door Panel from your Door. \n \n \n Raised Panel -  This menu option will make your Door Panel a Raised Panel. \n \n \n Flat Panel -  This menu option will make your Door Panel a Flat Panel. \n \n \n Glass Panel -  This menu option will make your Door Panel a Glass Panel. \n \n \n Horizontal Slats -  This menu option will make your Door Panel a Horizontal Panel. \n \n \n Vertical Slats -  This menu option will make your Door Panel a Vertical Panel. \n \n \n Slab -  This menu option will make your Door Panel a Slab Panel."
        },
        {
            "type": "text",
            "data": "None -   This menu option will remove the Door Panel from your Door."
        },
        {
            "type": "text",
            "data": "None -   This menu option will remove the Door Panel from your Door."
        },
        {
            "type": "text",
            "data": "Raised Panel -  This menu option will make your Door Panel a Raised Panel."
        },
        {
            "type": "text",
            "data": "Raised Panel -  This menu option will make your Door Panel a Raised Panel."
        },
        {
            "type": "text",
            "data": "Flat Panel -  This menu option will make your Door Panel a Flat Panel."
        },
        {
            "type": "text",
            "data": "Flat Panel -  This menu option will make your Door Panel a Flat Panel."
        },
        {
            "type": "text",
            "data": "Glass Panel -  This menu option will make your Door Panel a Glass Panel."
        },
        {
            "type": "text",
            "data": "Glass Panel -  This menu option will make your Door Panel a Glass Panel."
        },
        {
            "type": "text",
            "data": "Horizontal Slats -  This menu option will make your Door Panel a Horizontal Panel."
        },
        {
            "type": "text",
            "data": "Horizontal Slats -  This menu option will make your Door Panel a Horizontal Panel."
        },
        {
            "type": "text",
            "data": "Vertical Slats -  This menu option will make your Door Panel a Vertical Panel."
        },
        {
            "type": "text",
            "data": "Vertical Slats -  This menu option will make your Door Panel a Vertical Panel."
        },
        {
            "type": "text",
            "data": "Slab -  This menu option will make your Door Panel a Slab Panel."
        },
        {
            "type": "text",
            "data": "Slab -  This menu option will make your Door Panel a Slab Panel."
        },
        {
            "type": "text",
            "data": "Lock Width"
        },
        {
            "type": "text",
            "data": "This menu option will lock the selected Panel's Width Dimension."
        },
        {
            "type": "text",
            "data": "Lock Width locks the Width Dimension when the Door is used in Solid. It does not lock the Width in the Construction Tab preview of the Door."
        },
        {
            "type": "image",
            "data": "Information.png",
            "description": "[Placeholder for AI-generated description]"
        },
        {
            "type": "text",
            "data": "Lock Height"
        },
        {
            "type": "text",
            "data": "This menu option will lock the selected Panel's Height Dimension."
        },
        {
            "type": "text",
            "data": "Lock Height locks the Height Dimension when the Door is used in Solid. It does not lock the Height in the Construction Tab preview of the Door."
        },
        {
            "type": "image",
            "data": "Information.png",
            "description": "[Placeholder for AI-generated description]"
        },
        {
            "type": "text",
            "data": "Delete Custom Route"
        },
        {
            "type": "text",
            "data": "This menu option will delete a Custom Route on the Panel if one exists."
        },
        {
            "type": "text",
            "data": "Custom Route..."
        },
        {
            "type": "text",
            "data": "This menu option allows you to add a Custom Route to your Door Panel."
        },
        {
            "type": "image",
            "data": "image283.gif",
            "description": "[Placeholder for AI-generated description]"
        },
        {
            "type": "text",
            "data": "The Shape Editor has the following tools available when creating/editing a Custom Route:"
        },
        {
            "type": "text",
            "data": "Click the tools below for more information"
        },
        {
            "type": "image",
            "data": "image2353.gif",
            "description": "[Placeholder for AI-generated description]"
        }
    ],
    "source_file": "CVEnglish_Essential\\System_Level\\Ribbonbar\\Main_Tab\\Catalogs_Group\\Door_Catalog\\Door_Catalog_Tabs\\Construction_Tab\\DC_Right_Click_A_Panel.htm",
    "version": "2024",
    "source_type": "help_file"
}