{
    "id": "9259260d-891f-4cde-9809-fbe901d221a7",
    "title": "DC_Shaping_the_Top_or_Bottom_Rail",
    "content": [
        {
            "type": "text",
            "data": "Shaping the Top or Bottom Rail"
        },
        {
            "type": "text",
            "data": "To shape the Top or Bottom Rail."
        },
        {
            "type": "text",
            "data": "Make sure the Rail is the correct size. \n \n \n Right click on the Rail and select \"Custom Shape\"."
        },
        {
            "type": "text",
            "data": "Make sure the Rail is the correct size."
        },
        {
            "type": "text",
            "data": "Make sure the Rail is the correct size."
        },
        {
            "type": "text",
            "data": "Right click on the Rail and select \"Custom Shape\"."
        },
        {
            "type": "text",
            "data": "Right click on the Rail and select \"Custom Shape\"."
        },
        {
            "type": "image",
            "data": "image978.gif",
            "description": "[Placeholder for AI-generated description]"
        },
        {
            "type": "text",
            "data": "If you only want the picture to look good and you don't care if the parts are right you can just select \"Arch\". Solid will arch the Door for you. However the Parts might not be correct."
        },
        {
            "type": "text",
            "data": "Right clicking on the rail and selecting \"Custom Shape\" will bring you to the Part Shaper. Your screen should look something like this. See the  Door Catalog Shape Editor topic  for more information on the Shape Editor tools."
        },
        {
            "type": "link",
            "data": {
                "text": "Door Catalog Shape Editor topic",
                "uuid": "23fb8a04-a3d4-4605-8339-5532c0e8af89",
                "description": "[Placeholder for AI-generated description]"
            }
        },
        {
            "type": "image",
            "data": "image979.gif",
            "description": "[Placeholder for AI-generated description]"
        },
        {
            "type": "text",
            "data": "This is the Top Rail, so I will be shaping the bottom edge. For this sample I will do a cathedral arch. To do the cathedral arch I will need to add two points one on each side of the Rail and then arc the center line between the two points. In the following picture you can see I added two points using the \"Add Points\"   tool."
        },
        {
            "type": "image",
            "data": "image2389.gif",
            "description": "[Placeholder for AI-generated description]"
        },
        {
            "type": "image",
            "data": "image980.gif",
            "description": "[Placeholder for AI-generated description]"
        },
        {
            "type": "text",
            "data": "Notice that the points I added don't line up with the bottom of the bottom rail. I will use the \"Reference Point\"   tool to line them up."
        },
        {
            "type": "image",
            "data": "image2391.gif",
            "description": "[Placeholder for AI-generated description]"
        },
        {
            "type": "text",
            "data": "I \u00a0click on the \"Reference Point\"   tool and then I click on the lower left hand dot to make it the reference point. I then right click on the left dot I added and I will get a \"Point Position\" window. \u00a0I then select \"Reference Point\" relative and type in the positional information for this point. \u00a0When I click on \"OK\" Solid will place the dot where I want it to go."
        },
        {
            "type": "image",
            "data": "image2392.gif",
            "description": "[Placeholder for AI-generated description]"
        },
        {
            "type": "text",
            "data": "X is left and right."
        },
        {
            "type": "text",
            "data": "Y is up and down."
        },
        {
            "type": "image",
            "data": "image981.gif",
            "description": "[Placeholder for AI-generated description]"
        },
        {
            "type": "text",
            "data": "After both side points are positioned correctly I will use the \"Arc Line\"   tool to arch the line between them up. \u00a0I click on the \"Arc Line\"   tool and then click on the line between the two dots and move it up. When I click it will place a third point. This third point controls the arch. The size of my Door panel will be controlled by the distance from the top edge of the Top Rail to the center of the arch on the Top Rail. In my case this would be 2 1/8\"."
        },
        {
            "type": "image",
            "data": "image2394.gif",
            "description": "[Placeholder for AI-generated description]"
        },
        {
            "type": "image",
            "data": "image2395.gif",
            "description": "[Placeholder for AI-generated description]"
        },
        {
            "type": "text",
            "data": "Whenever you have a shaped part and you re-size that shaped part, the part shape will distort. If the top rail distorts it will affect the size of my Door panel and I can't have that. So I am going to use the \"Reference Point\"   tool to align the third dot exactly centered from left to right, and in my case 2 1/8\" down from the top of the Top Rail. \u00a0I will then use the lock point tool to keep this point from moving when the Door re-sizes. \u00a0This will insure that my Door panel will always be the correct size."
        },
        {
            "type": "image",
            "data": "image2392.gif",
            "description": "[Placeholder for AI-generated description]"
        },
        {
            "type": "image",
            "data": "image2396.gif",
            "description": "[Placeholder for AI-generated description]"
        },
        {
            "type": "image",
            "data": "image982.gif",
            "description": "[Placeholder for AI-generated description]"
        },
        {
            "type": "text",
            "data": "In the above picture I clicked on the \"Lock Point\"   tool and then clicked on the center dot. \u00a0I will lock it to be centered from left to right and I will lock it to the top so it is always 2 1/8\" down from the top. This will insure that my Door panel will always be the correct size. I will not lock the two side points, as I want them to move. When I'm done I click on the \"Close\" Button."
        },
        {
            "type": "image",
            "data": "image2398.gif",
            "description": "[Placeholder for AI-generated description]"
        }
    ],
    "source_file": "CVEnglish_Essential\\Tips_Tricks_&_FAQs\\The_Door_Catalog\\Creating_Doors\\DC_Shaping_the_Top_or_Bottom_Rail.htm",
    "version": "2024",
    "source_type": "help_file"
}