{
    "id": "9b2041a4-d739-463e-9ad1-a738cd2067e0",
    "title": "Delete_a_Titleblock_from_the_Library",
    "content": [
        {
            "type": "text",
            "data": "Delete a Title Block from the Library"
        },
        {
            "type": "text",
            "data": "I saved a Title Block with \"Your Company Name Here.\" How can I get it off the list?"
        },
        {
            "type": "text",
            "data": "From the Drawing area, go to the  Drawings Library . After selecting the Title Block Type, select the offending Title Block and click the Delete button."
        },
        {
            "type": "link",
            "data": {
                "text": "Drawings Library",
                "uuid": "42693001-e896-4fb4-bab5-90f16894ad62",
                "description": "[Placeholder for AI-generated description]"
            }
        }
    ],
    "source_file": "CVEnglish_Essential\\Tips_Tricks_&_FAQs\\FAQs\\HDI-Presentation\\Delete_a_Titleblock_from_the_Library.htm",
    "version": "2024",
    "source_type": "help_file"
}