{
    "id": "4f6211d3-58d2-49f2-ad8f-ff272a1058f7",
    "title": "Dimter_S90",
    "content": [
        {
            "type": "text",
            "data": "Dimter S90"
        },
        {
            "type": "text",
            "data": "This is a Chop Saw Machine Link for the Weinig Dimter S90 Cut Saw."
        },
        {
            "type": "text",
            "data": "Only selected parts made of board stock are output."
        },
        {
            "type": "text",
            "data": "Parameters"
        },
        {
            "type": "text",
            "data": "Box Alignment - Contact Weinig for information on this Parameter."
        },
        {
            "type": "text",
            "data": "Box Assignment - Contact Weinig for information on this Parameter."
        },
        {
            "type": "text",
            "data": "Box Type - Contact Weinig for information on this Parameter."
        }
    ],
    "source_file": "NCEnglish\\Ribbonbar\\Main_Tab\\Machine\\NC_Links\\Chop_Saw_Links\\Dimter_S90.htm",
    "version": "2024",
    "source_type": "help_file"
}