{
    "id": "2ce890a7-997b-4170-bd8c-715bd9ea3099",
    "title": "Door_with_Continuous_Pull",
    "content": [
        {
            "type": "text",
            "data": "Creating a Door with Continuous Pull"
        },
        {
            "type": "text",
            "data": "You will need to add your continuous Pull Material into your Material Catalog. Price the Material \"Per Foot\" this option prices per lineal foot. Your continuous Pull Material could be some kind of aluminum extrusion, or it could be some kind of wood C-Pull or J-Pull. You would then setup a Door Material Schedule that uses that Material for the Top and/or Bottom Rail."
        },
        {
            "type": "image",
            "data": "Cont_Pull_1.png",
            "description": "[Placeholder for AI-generated description]"
        },
        {
            "type": "text",
            "data": "If you want the continuous Pull to be visually correct on the screen, you will need to create an Outside Edge Profile that looks like your continuous Pull."
        },
        {
            "type": "image",
            "data": "image987.gif",
            "description": "[Placeholder for AI-generated description]"
        },
        {
            "type": "image",
            "data": "image988.gif",
            "description": "[Placeholder for AI-generated description]"
        },
        {
            "type": "text",
            "data": "Click on the \"Create A New Door Style\" button. \n \n \n Name the Door. \n \n \n Select a Category to store the Door on, use the \"Slab\" category. \n \n \n Click on the \"Construction\" tab. \n \n \n Click in the middle of the Door and select \"Slab\" as the Panel Type for this Door. \n \n \n Add a Top Rail to the Door. \n \n \n Click on the Top Rail and make the width equal to the width of your continuous Pull. \n \n \n Click on the Panel and check to make sure the size is correct based on the size of your continuous Pull. \n \n \n Click on the \"Profiles\" tab and select the appropriate Profiles to use with this Door."
        },
        {
            "type": "text",
            "data": "Click on the \"Create A New Door Style\" button."
        },
        {
            "type": "text",
            "data": "Click on the \"Create A New Door Style\" button."
        },
        {
            "type": "text",
            "data": "Name the Door."
        },
        {
            "type": "text",
            "data": "Name the Door."
        },
        {
            "type": "text",
            "data": "Select a Category to store the Door on, use the \"Slab\" category."
        },
        {
            "type": "text",
            "data": "Select a Category to store the Door on, use the \"Slab\" category."
        },
        {
            "type": "text",
            "data": "Click on the \"Construction\" tab."
        },
        {
            "type": "text",
            "data": "Click on the \"Construction\" tab."
        },
        {
            "type": "text",
            "data": "Click in the middle of the Door and select \"Slab\" as the Panel Type for this Door."
        },
        {
            "type": "text",
            "data": "Click in the middle of the Door and select \"Slab\" as the Panel Type for this Door."
        },
        {
            "type": "text",
            "data": "Add a Top Rail to the Door."
        },
        {
            "type": "text",
            "data": "Add a Top Rail to the Door."
        },
        {
            "type": "text",
            "data": "Click on the Top Rail and make the width equal to the width of your continuous Pull."
        },
        {
            "type": "text",
            "data": "Click on the Top Rail and make the width equal to the width of your continuous Pull."
        },
        {
            "type": "text",
            "data": "Click on the Panel and check to make sure the size is correct based on the size of your continuous Pull."
        },
        {
            "type": "text",
            "data": "Click on the Panel and check to make sure the size is correct based on the size of your continuous Pull."
        },
        {
            "type": "text",
            "data": "Click on the \"Profiles\" tab and select the appropriate Profiles to use with this Door."
        },
        {
            "type": "text",
            "data": "Click on the \"Profiles\" tab and select the appropriate Profiles to use with this Door."
        },
        {
            "type": "text",
            "data": "Across the top of the \"Profiles\" tab you will note that there is an area called \u00a0\"Apply Outside Edge Profile To\". This area allows you to select which edges of the Door the Outside Edge Profile will be applied to. If you want the shape of the continuous Pull to only show across the top of the Door, check \"Top of Door\" and disable the other options."
        },
        {
            "type": "image",
            "data": "image2402.gif",
            "description": "[Placeholder for AI-generated description]"
        },
        {
            "type": "text",
            "data": "Click on the \"Materials\" tab and select the appropriate Material Schedules to use with this Door. Be sure to select Material Schedules that have the correct Material selected for \"Slab\" and for the Top and/or Bottom Rail."
        },
        {
            "type": "text",
            "data": "Click on the \"Materials\" tab and select the appropriate Material Schedules to use with this Door. Be sure to select Material Schedules that have the correct Material selected for \"Slab\" and for the Top and/or Bottom Rail."
        },
        {
            "type": "text",
            "data": "Click on the \"Materials\" tab and select the appropriate Material Schedules to use with this Door. Be sure to select Material Schedules that have the correct Material selected for \"Slab\" and for the Top and/or Bottom Rail."
        },
        {
            "type": "text",
            "data": "On your Door cut-list it will list a Top Rail the correct length to cut your continuous Pull, and it will list the Material to make it out of, as your continuous Pull Material. It will also list a slab that is the correct size so that when you add the continuous Pull you will end up with the correct overall Door size."
        }
    ],
    "source_file": "CVEnglish_Essential\\Tips_Tricks_&_FAQs\\The_Door_Catalog\\Sample_Door_Types\\Door_with_Continuous_Pull.htm",
    "version": "2024",
    "source_type": "help_file"
}