{
    "id": "5473b3eb-f519-45d6-84a4-82fbbac8c244",
    "title": "Double_Arched_Flat_Panel",
    "content": [
        {
            "type": "image",
            "data": "image27811.gif",
            "description": "[Placeholder for AI-generated description]"
        },
        {
            "type": "text",
            "data": "Creating a Double Arched Flat Panel Door"
        },
        {
            "type": "text",
            "data": "Follow the steps for creating an  Arched Flat Panel Door  and shape the Top and Bottom Rails."
        },
        {
            "type": "link",
            "data": {
                "text": "Arched Flat Panel Door",
                "uuid": "ec1b9de6-4a6c-49aa-ba4b-ce30678642d7",
                "description": "[Placeholder for AI-generated description]"
            }
        }
    ],
    "source_file": "CVEnglish_Essential\\Tips_Tricks_&_FAQs\\The_Door_Catalog\\Sample_Door_Types\\Double_Arched_Flat_Panel.htm",
    "version": "2024",
    "source_type": "help_file"
}