{
    "id": "a49977e0-872d-455d-a00f-8d3e87d6bb88",
    "title": "Double_Panel_Door",
    "content": [
        {
            "type": "image",
            "data": "image27911.gif",
            "description": "[Placeholder for AI-generated description]"
        },
        {
            "type": "image",
            "data": "image28011.gif",
            "description": "[Placeholder for AI-generated description]"
        },
        {
            "type": "text",
            "data": "Creating a Double Panel Door"
        },
        {
            "type": "text",
            "data": "Follow the steps for creating any  frame and panel Door , however while at the Construction tab click on \"Add Mid Rail\" tool or click on the \"Add Mid Stile\" tool."
        },
        {
            "type": "link",
            "data": {
                "text": "frame and panel Door",
                "uuid": "9bf08442-8f49-4c02-916c-6afafebb4b2c",
                "description": "[Placeholder for AI-generated description]"
            }
        }
    ],
    "source_file": "CVEnglish_Essential\\Tips_Tricks_&_FAQs\\The_Door_Catalog\\Sample_Door_Types\\Double_Panel_Door.htm",
    "version": "2024",
    "source_type": "help_file"
}