{
    "id": "da821707-cf43-462e-9439-4ffc5a897c7f",
    "title": "Drill_and_Dowel_Machine",
    "content": [
        {
            "type": "text",
            "data": "Drill and Dowel Machine"
        },
        {
            "type": "image",
            "data": "image211.gif",
            "description": "[Placeholder for AI-generated description]"
        },
        {
            "type": "text",
            "data": "Use the drop down selector here to select your Drill & Dowel Machine. If you do not have an available machine to select here this means that you have either not created a Drill & Dowel Machine or you have not selected an NC Link that is valid for use as a Drill & Dowel Machine. See the Topic on the  Machine Catalog  for how to create a Drill & Dowel Machine."
        },
        {
            "type": "link",
            "data": {
                "text": "Machine Catalog",
                "uuid": "8f3db61d-fccb-46e0-8dbf-d316d2e1d1b7",
                "description": "[Placeholder for AI-generated description]"
            }
        },
        {
            "type": "text",
            "data": "Pre-Band  - This instructs the S2M CENTER whether you band your cut to size parts prior to placing them on your Drill and Dowel machine. If you do this set Pre-Band to Yes, this will take into account edge banding thickness in Secondary machining operations, otherwise, leave it at the default of No."
        }
    ],
    "source_file": "NCEnglish\\Sidebar\\Drill_and_Dowel_Machine.htm",
    "version": "2024",
    "source_type": "help_file"
}