{
    "id": "0e30ba23-23c8-48eb-be78-f415e3656135",
    "title": "Edit_Shape",
    "content": [
        {
            "type": "text",
            "data": "Edit Shape"
        },
        {
            "type": "image",
            "data": "image115.png",
            "description": "[Placeholder for AI-generated description]"
        },
        {
            "type": "text",
            "data": "The Shape Editor consists of several tools designed to allow editing the shapes of Parts in the S2M Center."
        },
        {
            "type": "text",
            "data": "Click the ribbonbar options below for more information"
        },
        {
            "type": "image",
            "data": "Edit_Shape_Main_Tab.png",
            "description": "[Placeholder for AI-generated description]"
        },
        {
            "type": "text",
            "data": "Return"
        },
        {
            "type": "image",
            "data": "image118.png",
            "description": "[Placeholder for AI-generated description]"
        },
        {
            "type": "text",
            "data": "The Return option will prompt to Save your Part and return you to the main Edit View."
        },
        {
            "type": "text",
            "data": "Clipboard"
        },
        {
            "type": "image",
            "data": "image119.png",
            "description": "[Placeholder for AI-generated description]"
        },
        {
            "type": "image",
            "data": "image120.png",
            "description": "[Placeholder for AI-generated description]"
        },
        {
            "type": "text",
            "data": "The Clipboard option has three tools:"
        },
        {
            "type": "text",
            "data": "Cut"
        },
        {
            "type": "image",
            "data": "image121.png",
            "description": "[Placeholder for AI-generated description]"
        },
        {
            "type": "text",
            "data": "The Cut option allows you to \" Cut \" selected objects to the Windows clipboard for pasting."
        },
        {
            "type": "text",
            "data": "Copy"
        },
        {
            "type": "image",
            "data": "image122.png",
            "description": "[Placeholder for AI-generated description]"
        },
        {
            "type": "text",
            "data": "The Copy option will allow you to \" Copy \" selected objects to the clipboard for pasting."
        },
        {
            "type": "text",
            "data": "Paste"
        },
        {
            "type": "image",
            "data": "image123.png",
            "description": "[Placeholder for AI-generated description]"
        },
        {
            "type": "text",
            "data": "The Paste allows you to \" Paste \" an object stored on the Windows Clipboard onto your Part."
        },
        {
            "type": "text",
            "data": "Zoom Group"
        },
        {
            "type": "image",
            "data": "image124.png",
            "description": "[Placeholder for AI-generated description]"
        },
        {
            "type": "text",
            "data": "See the  Zoom Group  topic for more information."
        },
        {
            "type": "link",
            "data": {
                "text": "Zoom Group",
                "uuid": "dd9fc58d-4386-48a7-bdd6-61ace173c4f2",
                "description": "[Placeholder for AI-generated description]"
            }
        },
        {
            "type": "text",
            "data": "Layer Selector"
        },
        {
            "type": "image",
            "data": "image126.png",
            "description": "[Placeholder for AI-generated description]"
        },
        {
            "type": "text",
            "data": "There are two options in the Edit Shape Layer selector:"
        },
        {
            "type": "text",
            "data": "Shape -  The default Layer and the one all Shapes must be drawn on."
        },
        {
            "type": "text",
            "data": "Construction -  This Layer allows you to draw Construction/Reference Lines to assist in creating your shape."
        },
        {
            "type": "text",
            "data": "Depending on which Layer is active some options in the Modify section of the Ribbonbar may or may not be available."
        },
        {
            "type": "image",
            "data": "Information.png",
            "description": "[Placeholder for AI-generated description]"
        },
        {
            "type": "text",
            "data": "Select"
        },
        {
            "type": "image",
            "data": "image127.png",
            "description": "[Placeholder for AI-generated description]"
        },
        {
            "type": "text",
            "data": "This option will change the cursor to an arrowhead and allow selection of lines, arcs, etc. After selecting the item, you will be able to change properties by selecting the desired property off the list in the sidebar and selecting the item to apply it to. Lines can be moved, resized, etc."
        },
        {
            "type": "text",
            "data": "Select All"
        },
        {
            "type": "image",
            "data": "image128.png",
            "description": "[Placeholder for AI-generated description]"
        },
        {
            "type": "text",
            "data": "This option will  Select All  objects in the Shape Editor."
        },
        {
            "type": "text",
            "data": "Measure"
        },
        {
            "type": "image",
            "data": "image129.png",
            "description": "[Placeholder for AI-generated description]"
        },
        {
            "type": "text",
            "data": "This option allows you to  Measure  Objects."
        },
        {
            "type": "text",
            "data": "Delete"
        },
        {
            "type": "image",
            "data": "image130.png",
            "description": "[Placeholder for AI-generated description]"
        },
        {
            "type": "text",
            "data": "This option will allow you to  Delete  the selected CAD Object(s)."
        },
        {
            "type": "text",
            "data": "Transform"
        },
        {
            "type": "image",
            "data": "image131.png",
            "description": "[Placeholder for AI-generated description]"
        },
        {
            "type": "image",
            "data": "image132.png",
            "description": "[Placeholder for AI-generated description]"
        },
        {
            "type": "text",
            "data": "The Transform tools will only be available (not greyed out) when selecting objects which are not Constrained."
        },
        {
            "type": "image",
            "data": "Information.png",
            "description": "[Placeholder for AI-generated description]"
        },
        {
            "type": "text",
            "data": "Flip"
        },
        {
            "type": "image",
            "data": "image133.png",
            "description": "[Placeholder for AI-generated description]"
        },
        {
            "type": "text",
            "data": "This option will  Flip  the selected object. First select all of the CAD Objects you would like to Flip using the  CAD Selection Options ."
        },
        {
            "type": "image",
            "data": "image106.gif",
            "description": "[Placeholder for AI-generated description]"
        },
        {
            "type": "text",
            "data": "Then click the  Transform|Flip  option in the Ribbonbar."
        },
        {
            "type": "image",
            "data": "image107.gif",
            "description": "[Placeholder for AI-generated description]"
        },
        {
            "type": "text",
            "data": "Mirror"
        },
        {
            "type": "image",
            "data": "image134.png",
            "description": "[Placeholder for AI-generated description]"
        },
        {
            "type": "text",
            "data": "This option will  Mirror  the selected object. First select all of the CAD Objects you would like to Mirror using the  CAD Selection Options ."
        },
        {
            "type": "image",
            "data": "image113.gif",
            "description": "[Placeholder for AI-generated description]"
        },
        {
            "type": "text",
            "data": "Then click the  Transform|Mirror  option in the Ribbonbar."
        },
        {
            "type": "image",
            "data": "image114.gif",
            "description": "[Placeholder for AI-generated description]"
        },
        {
            "type": "text",
            "data": "Rotate"
        },
        {
            "type": "image",
            "data": "image135.png",
            "description": "[Placeholder for AI-generated description]"
        },
        {
            "type": "text",
            "data": "This option will  Rotate  the selected object. You will see the following dialog box when you select this option to choose how you want to rotate the object."
        },
        {
            "type": "image",
            "data": "image136.png",
            "description": "[Placeholder for AI-generated description]"
        },
        {
            "type": "text",
            "data": "Trim"
        },
        {
            "type": "image",
            "data": "image137.png",
            "description": "[Placeholder for AI-generated description]"
        },
        {
            "type": "image",
            "data": "image138.png",
            "description": "[Placeholder for AI-generated description]"
        },
        {
            "type": "text",
            "data": "The following drawing will be used to illustrate each of the Trim functions:"
        },
        {
            "type": "image",
            "data": "image117.gif",
            "description": "[Placeholder for AI-generated description]"
        },
        {
            "type": "text",
            "data": "Trim Delete"
        },
        {
            "type": "image",
            "data": "image139.png",
            "description": "[Placeholder for AI-generated description]"
        },
        {
            "type": "text",
            "data": "This option will  Delete  the object you click on, up to the next object it finds. When you click on each of the lines outside of the circle of the above example you will get the following:"
        },
        {
            "type": "image",
            "data": "image119.gif",
            "description": "[Placeholder for AI-generated description]"
        },
        {
            "type": "text",
            "data": "Trim Keep"
        },
        {
            "type": "image",
            "data": "image140.png",
            "description": "[Placeholder for AI-generated description]"
        },
        {
            "type": "text",
            "data": "This option will  Keep  the object you click on, up to the next object it finds and will delete the rest. When you click on the top and right lines outside of the circle of the original example you will get the following:"
        },
        {
            "type": "image",
            "data": "image121.gif",
            "description": "[Placeholder for AI-generated description]"
        },
        {
            "type": "text",
            "data": "Trim Break"
        },
        {
            "type": "image",
            "data": "image141.png",
            "description": "[Placeholder for AI-generated description]"
        },
        {
            "type": "text",
            "data": "This option will  Break  the object you click on, at the next object it finds. When you click on the top line outside of the circle of the original example you will get the following: (the dots represent the beginning and ending of a line. What was a single line is now broken into four.)"
        },
        {
            "type": "image",
            "data": "image123.gif",
            "description": "[Placeholder for AI-generated description]"
        },
        {
            "type": "text",
            "data": "Join"
        },
        {
            "type": "image",
            "data": "image142.png",
            "description": "[Placeholder for AI-generated description]"
        },
        {
            "type": "image",
            "data": "image143.png",
            "description": "[Placeholder for AI-generated description]"
        },
        {
            "type": "text",
            "data": "Connect"
        },
        {
            "type": "image",
            "data": "image144.png",
            "description": "[Placeholder for AI-generated description]"
        },
        {
            "type": "text",
            "data": "This otpion allows you to Connect two lines together."
        },
        {
            "type": "text",
            "data": "Fillet"
        },
        {
            "type": "image",
            "data": "image145.png",
            "description": "[Placeholder for AI-generated description]"
        },
        {
            "type": "text",
            "data": "This option allows you to  Fillet  two lines together. Specify the Fillet Radius in the sidebar..."
        },
        {
            "type": "image",
            "data": "image858.gif",
            "description": "[Placeholder for AI-generated description]"
        },
        {
            "type": "text",
            "data": "...then Left Click the first line then Left Click the second to connect them."
        },
        {
            "type": "text",
            "data": "In the following example, two lines were drawn at a 90 degree angle to one another and the radius in the field on the left of the screen was set to 5. The dashed lines represent where the lines used to extend."
        },
        {
            "type": "image",
            "data": "image130.gif",
            "description": "[Placeholder for AI-generated description]"
        },
        {
            "type": "text",
            "data": "Chamfer"
        },
        {
            "type": "image",
            "data": "image146.png",
            "description": "[Placeholder for AI-generated description]"
        },
        {
            "type": "text",
            "data": "This option allows you to  Chamfer  two lines together. Specify the Chamfer Length in the sidebar..."
        },
        {
            "type": "image",
            "data": "image859.gif",
            "description": "[Placeholder for AI-generated description]"
        },
        {
            "type": "text",
            "data": "...then Left Click the first line then Left Click the second to connect them."
        },
        {
            "type": "text",
            "data": "The example below shows a 5 Chamfer, the dashed lines represent where the lines used to extend."
        },
        {
            "type": "image",
            "data": "image133.gif",
            "description": "[Placeholder for AI-generated description]"
        },
        {
            "type": "text",
            "data": "Offset"
        },
        {
            "type": "image",
            "data": "image147.png",
            "description": "[Placeholder for AI-generated description]"
        },
        {
            "type": "text",
            "data": "This option allows you to  Offset  a copy of the selected Object a specific Dimension. Simply click the Offset option in the Ribbonbar then select (Left Click) the CAD Object you would like to Offset."
        },
        {
            "type": "text",
            "data": "You can enter the Offset Dimension in the sidebar..."
        },
        {
            "type": "image",
            "data": "image861.gif",
            "description": "[Placeholder for AI-generated description]"
        },
        {
            "type": "text",
            "data": "...or drag your cursor the amount (distance) you would like to Offset."
        },
        {
            "type": "text",
            "data": "In the following example, the chamfer line has been offset by  and is being offset again be 2  as noted in the Offset field on the left. The dashed line parallel to the chamfer is where the offset will land when the left mouse button is clicked."
        },
        {
            "type": "image",
            "data": "image136.gif",
            "description": "[Placeholder for AI-generated description]"
        },
        {
            "type": "text",
            "data": "Crop"
        },
        {
            "type": "image",
            "data": "image148.png",
            "description": "[Placeholder for AI-generated description]"
        },
        {
            "type": "text",
            "data": "There are 2 main Crop options in the sidebar once the Crop Tool is selected:"
        },
        {
            "type": "image",
            "data": "image864.gif",
            "description": "[Placeholder for AI-generated description]"
        },
        {
            "type": "text",
            "data": "Crop Type -  You have three Crop Types available; Rectangle, Circle, and Polygon that determine the shape of the area being cropped."
        },
        {
            "type": "image",
            "data": "image865.gif",
            "description": "[Placeholder for AI-generated description]"
        },
        {
            "type": "text",
            "data": "Crop Area -  The Inside option will get rid of what is Outside the Boundary and keep what is Inside. The Outside option specifies that you want to keep what is outside the Crop Boundary and get rid of the objects inside the Boundary."
        },
        {
            "type": "image",
            "data": "image866.gif",
            "description": "[Placeholder for AI-generated description]"
        },
        {
            "type": "text",
            "data": "The Inside option can be a bit aggressive as it will remove all Objects in the current view if it is not inside the boundary. To keep this option from being so aggressive you can limit the Objects that are affected by a Crop by selecting the Objects first."
        },
        {
            "type": "image",
            "data": "Warning.png",
            "description": "[Placeholder for AI-generated description]"
        },
        {
            "type": "text",
            "data": "Remember you can always click Undo option in the Quick Access Toolbar or use the    +    Undo shortcut to Undo your changes."
        },
        {
            "type": "image",
            "data": "Information.png",
            "description": "[Placeholder for AI-generated description]"
        },
        {
            "type": "image",
            "data": "ctrl_key.png",
            "description": "[Placeholder for AI-generated description]"
        },
        {
            "type": "image",
            "data": "letter_z.png",
            "description": "[Placeholder for AI-generated description]"
        },
        {
            "type": "text",
            "data": "Remember you can select multiple Objects by holding the   key on the keyboard down as you click the Objects."
        },
        {
            "type": "image",
            "data": "Information.png",
            "description": "[Placeholder for AI-generated description]"
        },
        {
            "type": "image",
            "data": "ctrl_key.png",
            "description": "[Placeholder for AI-generated description]"
        },
        {
            "type": "text",
            "data": "Bend"
        },
        {
            "type": "image",
            "data": "image149.png",
            "description": "[Placeholder for AI-generated description]"
        },
        {
            "type": "text",
            "data": "This tool allows you to select a Line and turn it into an Arc by dragging it to  Bend  it."
        },
        {
            "type": "text",
            "data": "Line"
        },
        {
            "type": "image",
            "data": "image150.png",
            "description": "[Placeholder for AI-generated description]"
        },
        {
            "type": "text",
            "data": "This tool allows the creation of  Line s to define the shape of your Part. After selecting and placing a line, the line properties window will display in the sidebar. Clicking on the items listed in this window will allow modification of that item."
        },
        {
            "type": "image",
            "data": "image148.gif",
            "description": "[Placeholder for AI-generated description]"
        },
        {
            "type": "text",
            "data": "Chained Line"
        },
        {
            "type": "image",
            "data": "image151.png",
            "description": "[Placeholder for AI-generated description]"
        },
        {
            "type": "text",
            "data": "This tool allows the continuous creation of connected Lines."
        },
        {
            "type": "text",
            "data": "Line Box"
        },
        {
            "type": "image",
            "data": "image152.png",
            "description": "[Placeholder for AI-generated description]"
        },
        {
            "type": "text",
            "data": "This tool allows the creation of a Rectangle."
        },
        {
            "type": "text",
            "data": "Arcs"
        },
        {
            "type": "image",
            "data": "image153.png",
            "description": "[Placeholder for AI-generated description]"
        },
        {
            "type": "image",
            "data": "image154.png",
            "description": "[Placeholder for AI-generated description]"
        },
        {
            "type": "text",
            "data": "Arc by Radius"
        },
        {
            "type": "image",
            "data": "image155.png",
            "description": "[Placeholder for AI-generated description]"
        },
        {
            "type": "text",
            "data": "This option allows definition of a point where a radius begins, the radius, and the degrees of radius. The first mouse click marks the center of the radius, pull the radius that you want and click again."
        },
        {
            "type": "image",
            "data": "image153.gif",
            "description": "[Placeholder for AI-generated description]"
        },
        {
            "type": "text",
            "data": "A circle will appear with a radius line within it. Move the cursor and the circle opening becomes an arc as you do so."
        },
        {
            "type": "image",
            "data": "image154.gif",
            "description": "[Placeholder for AI-generated description]"
        },
        {
            "type": "text",
            "data": "When you reach the correct position, a third click will set the arc at the selected point."
        },
        {
            "type": "image",
            "data": "image155.gif",
            "description": "[Placeholder for AI-generated description]"
        },
        {
            "type": "text",
            "data": "3 Points Arc"
        },
        {
            "type": "image",
            "data": "image156.png",
            "description": "[Placeholder for AI-generated description]"
        },
        {
            "type": "text",
            "data": "This option lets you place two points to define the opening of the arc, and the third point pulls the arc increasing the radius. A 3 Points Arc is very handy when you have three known points to Snap to."
        },
        {
            "type": "text",
            "data": "In the example below I want to create the Arc shown in red."
        },
        {
            "type": "image",
            "data": "image175.gif",
            "description": "[Placeholder for AI-generated description]"
        },
        {
            "type": "text",
            "data": "To begin I select the  Arcs|3 Points Arc  option from the Ribbonbar then Left Click the End Point (With Snap To Points on) of the first line."
        },
        {
            "type": "image",
            "data": "image179.gif",
            "description": "[Placeholder for AI-generated description]"
        },
        {
            "type": "text",
            "data": "Next I Left Click the Mid Point of the second line."
        },
        {
            "type": "image",
            "data": "image182.gif",
            "description": "[Placeholder for AI-generated description]"
        },
        {
            "type": "text",
            "data": "And the last and third point I Left Click the End point of the third line."
        },
        {
            "type": "image",
            "data": "image185.gif",
            "description": "[Placeholder for AI-generated description]"
        },
        {
            "type": "text",
            "data": "And now I have the Arc."
        },
        {
            "type": "image",
            "data": "image186.gif",
            "description": "[Placeholder for AI-generated description]"
        },
        {
            "type": "text",
            "data": "Check"
        },
        {
            "type": "image",
            "data": "image157.png",
            "description": "[Placeholder for AI-generated description]"
        },
        {
            "type": "text",
            "data": "This option will check your Assembly or Part Shape to make sure it is valid. Objects that are valid will be Green and objects which are not will be Red. Usually a Shape is judged as invalid if it is not a complete enclosed shape. See illustrations below for examples."
        },
        {
            "type": "text",
            "data": "Invalid"
        },
        {
            "type": "image",
            "data": "image189.gif",
            "description": "[Placeholder for AI-generated description]"
        },
        {
            "type": "text",
            "data": "Valid"
        },
        {
            "type": "image",
            "data": "image190.gif",
            "description": "[Placeholder for AI-generated description]"
        },
        {
            "type": "text",
            "data": "Set Start"
        },
        {
            "type": "image",
            "data": "image877.gif",
            "description": "[Placeholder for AI-generated description]"
        },
        {
            "type": "text",
            "data": "Available only with open Route Paths this option allows you to set the Start Point for the Route. The start point is indicated visually by a blue circle with an arrow pointing in its direction as indicated below."
        },
        {
            "type": "image",
            "data": "image192.gif",
            "description": "[Placeholder for AI-generated description]"
        }
    ],
    "source_file": "NCEnglish\\Ribbonbar\\Main_Tab\\Parts\\Edit\\Edit_Shape.htm",
    "version": "2024",
    "source_type": "help_file"
}