{
    "id": "6b8dbe19-14a4-4cbb-8909-fcc0e86ac1cc",
    "title": "Elcon_Quadra",
    "content": [
        {
            "type": "text",
            "data": "Elcon Quadra"
        },
        {
            "type": "text",
            "data": "This is a  Panel Saw  Link."
        },
        {
            "type": "text",
            "data": "Elcon Beam Saw. Optimization priority must be set to Labor and Eliminate 3rd Phase Cuts must be set True to ensure optimization does not exceed the control's limitations."
        }
    ],
    "source_file": "NCEnglish_Optimizer\\Ribbonbar\\Main_Tab\\Machine\\NC_Links\\Saw_Links\\Elcon_Quadra.htm",
    "version": "2024",
    "source_type": "help_file"
}