{
    "id": "b4446a4a-c33f-415c-81be-4455c8498a80",
    "title": "EnRoute",
    "content": [
        {
            "type": "text",
            "data": "EnRoute"
        },
        {
            "type": "text",
            "data": "This is a Parts Router and/or Point-to-Point Link."
        },
        {
            "type": "text",
            "data": "Use this output with Scanvec EnRoute. EnRoute supports tool compensation for routers and saws. The following information from the tool catalog can not be used by EnRoute and is therefore ignored: Descent rate and maximum depth per pass. Layer names from the tool catalog are ignored and will be generated automatically to the default settings:"
        },
        {
            "type": "text",
            "data": "Panel Dimensions: BD"
        },
        {
            "type": "text",
            "data": "Outline: OT_T + Tool Number + D + Tool Diameter + F + Feed Rate + Tool Comp"
        },
        {
            "type": "text",
            "data": "Routing: RT_T + Tool Number + D + Tool Diameter + F + Feed Rate + Tool Comp"
        },
        {
            "type": "text",
            "data": "Grooving: SW_T + Tool Number"
        },
        {
            "type": "text",
            "data": "Vertical Boring: VF_T + Tool Number"
        },
        {
            "type": "text",
            "data": "Through Boring: VT_T + Tool Number"
        },
        {
            "type": "text",
            "data": "Horizontal Boring On Left: HL_T + Tool Number"
        }
    ],
    "source_file": "NCEnglish\\Ribbonbar\\Main_Tab\\Machine\\NC_Links\\Parts_Router_P-2-P_Links\\EnRoute.htm",
    "version": "2024",
    "source_type": "help_file"
}