{
    "id": "d51db638-bfa6-4c05-8de3-a10561a79fa2",
    "title": "Fimal_Concept_350",
    "content": [
        {
            "type": "text",
            "data": "Fimal Concept 350"
        },
        {
            "type": "text",
            "data": "Saw output for Fimal Concept 350.This is a binary output file."
        },
        {
            "type": "text",
            "data": "Due to the limitation of a single cut only representing a single label it is recommended this output should not be booked."
        }
    ],
    "source_file": "NCEnglish\\Ribbonbar\\Main_Tab\\Machine\\NC_Links\\Saw_Links\\Fimal_Concept_350.htm",
    "version": "2024",
    "source_type": "help_file"
}