{
    "id": "d05106e5-1e19-4fcd-8447-3cbec20c590f",
    "title": "Frame_and_Panel-Mortise_and_Tenon",
    "content": [
        {
            "type": "image",
            "data": "image27311.gif",
            "description": "[Placeholder for AI-generated description]"
        },
        {
            "type": "text",
            "data": "Creating a Frame and Panel Door using Mortise & Tenon"
        },
        {
            "type": "text",
            "data": "You do a mortise & tenon Door pretty much the same way you build any other Door. Except that before adding parts to the Door at the Construction tab you would go to  Setup | Construction Settings . \u00a0At the \"Setup Construction Defaults\" screen you would check the check box for mortise and tenon and enter the depth of the mortise and tenon you want to use. Also before adding parts to the Door make sure you do not have an Inside Edge Profile selected under \"Sample Profiles\", and that you do not select an \"Inside Edge Profile\" while at the \"Profile\" tab. After the door is created go back to \"Construction Settings\" and deselect mortise and tenon."
        },
        {
            "type": "link",
            "data": {
                "text": "Setup | Construction Settings",
                "uuid": "85a260b9-0533-4f26-bee2-ad6fce8605eb",
                "description": "[Placeholder for AI-generated description]"
            }
        }
    ],
    "source_file": "CVEnglish_Essential\\Tips_Tricks_&_FAQs\\The_Door_Catalog\\Sample_Door_Types\\Frame_and_Panel-Mortise_and_Tenon.htm",
    "version": "2024",
    "source_type": "help_file"
}