{
    "id": "86623c18-2d1d-4405-bc25-13aaa001e32d",
    "title": "Gabbiani_Prima",
    "content": [
        {
            "type": "text",
            "data": "Gabbiani Prima"
        },
        {
            "type": "text",
            "data": "This is a  Panel Saw  Link."
        },
        {
            "type": "text",
            "data": "Output for Gabbiani Prima/Class/X1000 Control. Optimization priority must be set to Labor to ensure optimization does not exceed the control's limitations."
        }
    ],
    "source_file": "NCEnglish_Optimizer\\Ribbonbar\\Main_Tab\\Machine\\NC_Links\\Saw_Links\\Gabbiani_Prima.htm",
    "version": "2024",
    "source_type": "help_file"
}