{
    "id": "c541155a-5436-4b3e-ac37-308a3dbad6e5",
    "title": "Generating_Label-IT",
    "content": [
        {
            "type": "text",
            "data": "Generating +LabelOutput"
        },
        {
            "type": "image",
            "data": "Label.png",
            "description": "[Placeholder for AI-generated description]"
        },
        {
            "type": "text",
            "data": "+Labeloutput is all generated on the S2M CENTER station. The process is outlined below:"
        },
        {
            "type": "text",
            "data": "Click on  Utilities Tab | +LabelSetup . \n \n \n The first tab upon entering +LabelSetup is Jobs. This screen shows currently active and inactive +Labeljobs. You can remove any of these jobs from the system by simply clicking the check box\n        beside the job and clicking the \"Remove Selected Jobs\" button."
        },
        {
            "type": "text",
            "data": "Click on  Utilities Tab | +LabelSetup ."
        },
        {
            "type": "text",
            "data": "Click on  Utilities Tab | +LabelSetup ."
        },
        {
            "type": "text",
            "data": "The first tab upon entering +LabelSetup is Jobs. This screen shows currently active and inactive +Labeljobs. You can remove any of these jobs from the system by simply clicking the check box\n        beside the job and clicking the \"Remove Selected Jobs\" button."
        },
        {
            "type": "text",
            "data": "The first tab upon entering +LabelSetup is Jobs. This screen shows currently active and inactive +Labeljobs. You can remove any of these jobs from the system by simply clicking the check box\n        beside the job and clicking the \"Remove Selected Jobs\" button."
        },
        {
            "type": "image",
            "data": "image368.png",
            "description": "[Placeholder for AI-generated description]"
        },
        {
            "type": "text",
            "data": "You can also select the Job Type from the Jobs Tab. The first option is \"Linked (Small)\" this +Label\n    Job type requires the  psnc.mdb database  file be located in the same folder that you are outputting the +Label Job to. The second option \"Self-Contained (Large)\"\n    creates a stand-alone +Label file that can be used on any +Label station and does not require a machine database for support. Although a bit larger it is the most stable +Label job file as it contains your Label designs and requires no linking back\n    to the S2M CENTER."
        },
        {
            "type": "image",
            "data": "Information.png",
            "description": "[Placeholder for AI-generated description]"
        },
        {
            "type": "text",
            "data": "An additional capability is the ability to control the Unit of Measure for the +Label. Click the Unit of Measure buttons at the lower left to control this."
        },
        {
            "type": "image",
            "data": "Information.png",
            "description": "[Placeholder for AI-generated description]"
        },
        {
            "type": "text",
            "data": "Click OK to exit +Label Setup."
        },
        {
            "type": "text",
            "data": "Click OK to exit +Label Setup."
        },
        {
            "type": "text",
            "data": "Click OK to exit +Label Setup."
        },
        {
            "type": "text",
            "data": "Optimize your jobs as you normally would. \n \n \n Once on the Pattern screen, output your NC instructions as normal. \n \n \n Enable the \"Output to +Label\" option. Type in the name of the +Label job. You may want to give the job a name that will tie back to your job name or number. This is the name the +Label  operator    will select\n        to start processing the job."
        },
        {
            "type": "text",
            "data": "Optimize your jobs as you normally would."
        },
        {
            "type": "text",
            "data": "Optimize your jobs as you normally would."
        },
        {
            "type": "text",
            "data": "Once on the Pattern screen, output your NC instructions as normal."
        },
        {
            "type": "text",
            "data": "Once on the Pattern screen, output your NC instructions as normal."
        },
        {
            "type": "text",
            "data": "Enable the \"Output to +Label\" option. Type in the name of the +Label job. You may want to give the job a name that will tie back to your job name or number. This is the name the +Label  operator    will select\n        to start processing the job."
        },
        {
            "type": "text",
            "data": "Enable the \"Output to +Label\" option. Type in the name of the +Label job. You may want to give the job a name that will tie back to your job name or number. This is the name the +Label  operator    will select\n        to start processing the job."
        },
        {
            "type": "image",
            "data": "image370.png",
            "description": "[Placeholder for AI-generated description]"
        },
        {
            "type": "text",
            "data": "Click on Run."
        },
        {
            "type": "text",
            "data": "Click on Run."
        },
        {
            "type": "text",
            "data": "Click on Run."
        },
        {
            "type": "text",
            "data": "You have now successfully output to the +Label Station. See the Topic on \" Using +Labelin Production \" to learn how to access and use this output."
        }
    ],
    "source_file": "NCEnglish\\Ribbonbar\\Utilities_Tab\\xLabel_Setup\\Generating_Label-IT.htm",
    "version": "2024",
    "source_type": "help_file"
}