{
    "id": "f41411c8-70c7-4faf-8356-8a5427a7574a",
    "title": "Giben_Prismatic",
    "content": [
        {
            "type": "text",
            "data": "Giben Prismatic"
        },
        {
            "type": "text",
            "data": "This is a  Panel Saw  Link."
        },
        {
            "type": "text",
            "data": "Giben Prismatic 201/301 with GDRIVE controller - AC and AD formats."
        }
    ],
    "source_file": "NCEnglish_Optimizer\\Ribbonbar\\Main_Tab\\Machine\\NC_Links\\Saw_Links\\Giben_Prismatic.htm",
    "version": "2024",
    "source_type": "help_file"
}