{
    "id": "3e65d556-5935-4064-a8de-9f02ecb78044",
    "title": "Glass_Doors",
    "content": [
        {
            "type": "text",
            "data": "Creating Glass Doors"
        },
        {
            "type": "text",
            "data": "You do a glass Door pretty much the same way you build any other Door. Just follow the steps for the type of Door you are trying to make. The only difference is that when you get to the step where you pick the panel type select \"Glass Panel\" as the panel type."
        },
        {
            "type": "text",
            "data": "Many times when doing glass Doors the Mid Rails and/or Stiles will be thinner (less in width) than you might normally make them. If this is the case, then you would go to  Setup | Construction Settings  and change your default Rail and/or Stile widths to suit the Door you are creating, before you add them to your Door at the Construction tab (it is easier to create the door if you preset them)."
        },
        {
            "type": "link",
            "data": {
                "text": "Setup | Construction Settings",
                "uuid": "85a260b9-0533-4f26-bee2-ad6fce8605eb",
                "description": "[Placeholder for AI-generated description]"
            }
        }
    ],
    "source_file": "CVEnglish_Essential\\Tips_Tricks_&_FAQs\\The_Door_Catalog\\Sample_Door_Types\\Glass_Doors.htm",
    "version": "2024",
    "source_type": "help_file"
}