{
    "id": "91dbd6dc-e6a9-4304-9193-ad73bd518891",
    "title": "Help",
    "content": [
        {
            "type": "text",
            "data": "Help"
        },
        {
            "type": "image",
            "data": "image1149.gif",
            "description": "[Placeholder for AI-generated description]"
        },
        {
            "type": "image",
            "data": "image1150.gif",
            "description": "[Placeholder for AI-generated description]"
        },
        {
            "type": "text",
            "data": "Help gives you access to the following options:"
        },
        {
            "type": "image",
            "data": "image1151.gif",
            "description": "[Placeholder for AI-generated description]"
        },
        {
            "type": "text",
            "data": "Accesses this Help System. For information on how to use the S2M Optimizer \n Help file see the  Using \n Help  topic."
        },
        {
            "type": "link",
            "data": {
                "text": "Using \n Help",
                "uuid": "d47e9041-d267-4231-88fa-993ff8f4e176",
                "description": "[Placeholder for AI-generated description]"
            }
        },
        {
            "type": "image",
            "data": "image1152.gif",
            "description": "[Placeholder for AI-generated description]"
        },
        {
            "type": "text",
            "data": "Access the eSupport web site. You must have an Internet Connection setup \n to use the eSupport web site."
        },
        {
            "type": "image",
            "data": "image1153.gif",
            "description": "[Placeholder for AI-generated description]"
        },
        {
            "type": "text",
            "data": "Access the Training Options for the S2M Optimizer. You must have an \n Internet Connection setup to view the Training Options."
        },
        {
            "type": "image",
            "data": "image268.gif",
            "description": "[Placeholder for AI-generated description]"
        },
        {
            "type": "text",
            "data": "This option allows you to start a Team Viewer desktop sharing session \n with a Vero Technician. Use this option when instructed by your Vero Technician \n and provide the displayed ID and Password."
        },
        {
            "type": "image",
            "data": "image271.gif",
            "description": "[Placeholder for AI-generated description]"
        }
    ],
    "source_file": "NCEnglish_Optimizer\\Ribbonbar\\Main_Tab\\Help.htm",
    "version": "2024",
    "source_type": "help_file"
}