{
    "id": "0ba23238-fdb0-4c52-8427-b9e091591cd8",
    "title": "Homag_Edgebander",
    "content": [
        {
            "type": "text",
            "data": "Homag Edgebander"
        },
        {
            "type": "text",
            "data": "This link will create a .csv file that can be used with the Homag CNC Edgebander."
        }
    ],
    "source_file": "NCEnglish\\Ribbonbar\\Main_Tab\\Machine\\NC_Links\\Other\\Homag_Edgebander.htm",
    "version": "2024",
    "source_type": "help_file"
}