{
    "id": "56f43cbe-597f-4ac2-b6c0-e5d97ce675da",
    "title": "Import_Cutlist",
    "content": [
        {
            "type": "text",
            "data": "Import Cutlist"
        },
        {
            "type": "image",
            "data": "image68.gif",
            "description": "[Placeholder for AI-generated description]"
        },
        {
            "type": "text",
            "data": "Import Cutlist allows you to bring in a list of Parts in a CSV format \n for Optimization. You can use your favorite spreadsheet application or \n design application to create a CSV that can be imported directly into \n the S2M Optimizer."
        },
        {
            "type": "text",
            "data": "This utility examines the text file that you are importing and helps \n you ensure that the data is imported in the way that you want. You can \n use this Utility to define what each field in your Text file represents \n so it is imported properly."
        },
        {
            "type": "image",
            "data": "image256.gif",
            "description": "[Placeholder for AI-generated description]"
        },
        {
            "type": "text",
            "data": "Toolbar"
        },
        {
            "type": "text",
            "data": "There \n are four options in the toolbar:"
        },
        {
            "type": "image",
            "data": "image71.gif",
            "description": "[Placeholder for AI-generated description]"
        },
        {
            "type": "text",
            "data": "Select Configuration"
        },
        {
            "type": "image",
            "data": "image955.gif",
            "description": "[Placeholder for AI-generated description]"
        },
        {
            "type": "text",
            "data": "Allows you to select which of your Saved \n data field configurations to use."
        },
        {
            "type": "text",
            "data": "Save"
        },
        {
            "type": "image",
            "data": "image72.gif",
            "description": "[Placeholder for AI-generated description]"
        },
        {
            "type": "text",
            "data": "Allows you to Save the current configuration \n for re-use."
        },
        {
            "type": "text",
            "data": "Rename"
        },
        {
            "type": "image",
            "data": "image958.gif",
            "description": "[Placeholder for AI-generated description]"
        },
        {
            "type": "text",
            "data": "Allows you to rename the currently selected \n configuration."
        },
        {
            "type": "text",
            "data": "Delete"
        },
        {
            "type": "image",
            "data": "image959.gif",
            "description": "[Placeholder for AI-generated description]"
        },
        {
            "type": "text",
            "data": "Allows you to delete the currently selected \n configuration."
        },
        {
            "type": "text",
            "data": "General Options"
        },
        {
            "type": "text",
            "data": "There are four general options available to configure your Text file:"
        },
        {
            "type": "image",
            "data": "image257.gif",
            "description": "[Placeholder for AI-generated description]"
        },
        {
            "type": "text",
            "data": "Fields -  This option allows \n you to establish how the fields in the Text file are defined.  If \n items in the text file are separated by tabs, colons, semicolons, spaces, \n or other characters, select Delimited; then select what the delimiter \n is (Tab, Comma, Semicolon, Space, Other).  If all of the items in \n each column are the same length, select Fixed width."
        },
        {
            "type": "text",
            "data": "Text Qualifier -  Select the \n character that encloses values in your text file. When Solid encounters \n the text qualifier character, all of the text that follows that character \n and precedes the next occurrence of that character is imported as one \n value, even if the text contains a delimiter character. For example, if \n the delimiter is a comma (,) and the text qualifier is a quotation mark \n (\"), \"Tuscaloosa, Alabama\" is imported into one field as \n Tuscaloosa, Alabama."
        },
        {
            "type": "text",
            "data": "Dimensions -  Select whether \n the file you are importing is Inches or Metric."
        },
        {
            "type": "text",
            "data": "Start Import at Line -  Type \n or select a line number to specify the first line of the data that you \n want to import."
        },
        {
            "type": "text",
            "data": "Import Preview Area"
        },
        {
            "type": "image",
            "data": "image258.gif",
            "description": "[Placeholder for AI-generated description]"
        },
        {
            "type": "text",
            "data": "In this are you will see all of the columns that the S2M Optimizer has \n available for your Text file. Click the column header of the column(s) \n that you do not want Ignored and set its type. There are eleven options:"
        },
        {
            "type": "image",
            "data": "image134.gif",
            "description": "[Placeholder for AI-generated description]"
        },
        {
            "type": "text",
            "data": "Ignore -  Will ignore this column \n when importing."
        },
        {
            "type": "text",
            "data": "Name -  The Part's Name/Description."
        },
        {
            "type": "text",
            "data": "Width -  The Part's Width."
        },
        {
            "type": "text",
            "data": "Length -  The Part's Length."
        },
        {
            "type": "text",
            "data": "Thickness -  The Part's Thickness."
        },
        {
            "type": "text",
            "data": "Quantity -  The Part's Quantity."
        },
        {
            "type": "text",
            "data": "Material -  The Material the \n Part will be cut from."
        },
        {
            "type": "text",
            "data": "Grain -  Establishes if the Part \n is Grained or not."
        },
        {
            "type": "text",
            "data": "Assembly -  The Name/Description \n of the Assembly the Part is used in."
        },
        {
            "type": "text",
            "data": "Assembly Number -  The Assembly \n Number of the Assembly the Part is used in."
        },
        {
            "type": "text",
            "data": "Banding -  The banding instructions \n for the Part. The banding instructions should only include Banding Codes \n you have defined within the S2M Center Material Catalog (lower case letters). \n N or 0 (zero) would equal an Edge with no Banding. The banding instructions \n will only define four edges. In the example below would be the \"Banding\" \n for the illustrated Part."
        },
        {
            "type": "text",
            "data": "4NbNN"
        },
        {
            "type": "image",
            "data": "image135.gif",
            "description": "[Placeholder for AI-generated description]"
        },
        {
            "type": "text",
            "data": "4 Edges starting from the reference point and going clockwise you get \n None, b , None, None."
        }
    ],
    "source_file": "NCEnglish_Optimizer\\Ribbonbar\\Main_Tab\\Import_Cutlist.htm",
    "version": "2024",
    "source_type": "help_file"
}