{
    "id": "a7f832cc-f194-4026-bc78-e48982d8f22b",
    "title": "Import-Export_PNC",
    "content": [
        {
            "type": "text",
            "data": "Import NC and   Export PNC"
        },
        {
            "type": "image",
            "data": "image390.png",
            "description": "[Placeholder for AI-generated description]"
        },
        {
            "type": "image",
            "data": "image391.png",
            "description": "[Placeholder for AI-generated description]"
        },
        {
            "type": "text",
            "data": "Import NC"
        },
        {
            "type": "image",
            "data": "image390.png",
            "description": "[Placeholder for AI-generated description]"
        },
        {
            "type": "text",
            "data": "Import NC allows you to build a single Job from multiple NC Imports."
        },
        {
            "type": "image",
            "data": "image392.png",
            "description": "[Placeholder for AI-generated description]"
        },
        {
            "type": "text",
            "data": "Export PNC"
        },
        {
            "type": "image",
            "data": "image391.png",
            "description": "[Placeholder for AI-generated description]"
        },
        {
            "type": "text",
            "data": "Creates a PNC file of the Open Job."
        },
        {
            "type": "image",
            "data": "image393.png",
            "description": "[Placeholder for AI-generated description]"
        }
    ],
    "source_file": "NCEnglish\\Ribbonbar\\Utilities_Tab\\Import-Export_PNC.htm",
    "version": "2024",
    "source_type": "help_file"
}