{
    "id": "ab885988-e835-4f11-b003-5cc72cb65844",
    "title": "Import_Laminate_Chips_from_a_Web_Site",
    "content": [
        {
            "type": "text",
            "data": "Import Laminate Chips from a Web Site"
        },
        {
            "type": "text",
            "data": "Is it possible to go to a Laminate suppliers web site and pick a laminate color & import it to your laminate color selection?"
        },
        {
            "type": "text",
            "data": "Yes, if you go to the major laminate companies' web sites they have samples of their laminates available for download. Some even have their full line of textures/colors available for download as well."
        },
        {
            "type": "text",
            "data": "You'll want to download the textures somewhere that you'll know where to find them. See the  Creating New Textures  topic for more information."
        },
        {
            "type": "link",
            "data": {
                "text": "Creating New Textures",
                "uuid": "aa224566-2adf-4eb7-a169-5b2371d5571d",
                "description": "[Placeholder for AI-generated description]"
            }
        }
    ],
    "source_file": "CVEnglish_Essential\\Tips_Tricks_&_FAQs\\FAQs\\HDI-Presentation\\Import_Laminate_Chips_from_a_Web_Site.htm",
    "version": "2024",
    "source_type": "help_file"
}