{
    "id": "145fc3aa-d435-40e8-bdfb-0efb171aa9df",
    "title": "Increase_the_Size_of_My_Scenes",
    "content": [
        {
            "type": "text",
            "data": "Increase the Size of My Scenes"
        },
        {
            "type": "text",
            "data": "How can I make my views in the Drawings area larger to fit the page?"
        },
        {
            "type": "text",
            "data": "In the Drawings area of Solid, drag the Scene onto the paper and  right click  in the middle of the scene and go to Scale."
        },
        {
            "type": "link",
            "data": {
                "text": "right click",
                "uuid": "2a1a884e-1277-4740-bf21-6082b5971a32",
                "description": "[Placeholder for AI-generated description]"
            }
        },
        {
            "type": "text",
            "data": "OR"
        },
        {
            "type": "text",
            "data": "Click the Scene and then click and drag the handles on the Scene if Scale is not important."
        }
    ],
    "source_file": "CVEnglish_Essential\\Tips_Tricks_&_FAQs\\FAQs\\HDI-Presentation\\Increase_the_Size_of_My_Scenes.htm",
    "version": "2024",
    "source_type": "help_file"
}