{
    "id": "6cf45fe8-f267-439e-8bd8-49cc822e72ed",
    "title": "Install_Support_Folder",
    "content": [
        {
            "type": "text",
            "data": "Install Support Folder"
        },
        {
            "type": "text",
            "data": "CPUID.exe"
        },
        {
            "type": "text",
            "data": "A utility that outputs CPU information, including supported CPU features. A troubleshooting utility to verify the CPU is supported."
        },
        {
            "type": "text",
            "data": "ZPLView.exe"
        },
        {
            "type": "text",
            "data": "A utility for viewing ZPL (.zpl) files generated by the Real-time Label Image feature of the S2M CENTER."
        },
        {
            "type": "text",
            "data": "BlumDynaplan"
        },
        {
            "type": "text",
            "data": "Contains the BXFExt.ini (Stores Part Name Localization entries) referred to in the following S2M CENTER Help File Topic:  Ribbonbar>Import DXF>Other CAD Importers>Blum Dynaplan"
        },
        {
            "type": "text",
            "data": "DependencyWalker"
        },
        {
            "type": "text",
            "data": "A utility used for troubleshooting certain installation or run-time issues. Visit the Dependency Walker website for more information.  http://dependencywalker.com/help/html/contents.htm"
        },
        {
            "type": "text",
            "data": "HASP"
        },
        {
            "type": "text",
            "data": "Contains Hasp driver files used during the installation of the ALPHACAM engine."
        },
        {
            "type": "text",
            "data": "International"
        },
        {
            "type": "text",
            "data": "Tools used for performing language and feature Localization in CABINET VISION and the S2M CENTER."
        },
        {
            "type": "text",
            "data": "IS Setup"
        },
        {
            "type": "text",
            "data": "InstallShield documentation for troubleshooting Installation error messages and other installation related issues."
        },
        {
            "type": "text",
            "data": "MsiCleanUpUtility"
        },
        {
            "type": "text",
            "data": "Microsoft Windows Installer Clean-Up Utility used for troubleshooting certain installation and/or uninstallation issues."
        },
        {
            "type": "text",
            "data": "MsiZap"
        },
        {
            "type": "text",
            "data": "A command line utility that removes all Windows Installer information for a product installed on a computer. The folder contains documentation for the utility along with Product Codes for CV, S2M CENTER, and ALPHACAM to remove their Windows Installer information."
        },
        {
            "type": "text",
            "data": "Optimizer"
        },
        {
            "type": "text",
            "data": "Tools used to set low level parameters used by the S2M CENTER Optimizer and Block Nesting engine. See accompanying documentation for further information."
        },
        {
            "type": "text",
            "data": "PartListCreator"
        },
        {
            "type": "text",
            "data": "The setup (installer) for the S2M CENTER Part List Creator Utility as described in the  Creating an S2M CENTERPart List  topic ."
        },
        {
            "type": "link",
            "data": {
                "text": "Creating an S2M CENTERPart List",
                "uuid": "fa3f394a-5645-41a1-812d-ac49f29e3f79",
                "description": "[Placeholder for AI-generated description]"
            }
        },
        {
            "type": "text",
            "data": "PSendMail"
        },
        {
            "type": "text",
            "data": "A command line utility for e-mailing a file as an attachment."
        },
        {
            "type": "text",
            "data": "Sentinel RMS License Manager 8.5.5"
        },
        {
            "type": "text",
            "data": "Contains the Sentinel RMS License Manager installation files."
        },
        {
            "type": "text",
            "data": "VBA"
        },
        {
            "type": "text",
            "data": "Contains files used during the installation of the ALPHACAM engine."
        }
    ],
    "source_file": "NCEnglish\\Tid-Bits\\Install_Support_Folder.htm",
    "version": "2024",
    "source_type": "help_file"
}