{
    "id": "97bc555a-d879-4326-a646-4f1c478bdeaa",
    "title": "Intellistore",
    "content": [
        {
            "type": "text",
            "data": "Intellistore"
        },
        {
            "type": "text",
            "data": "Output for the Homag Intellistore Material Handling system."
        },
        {
            "type": "text",
            "data": "Homag Intellistore Material Handling system. Materials can by synchronized with this system in the  Offcut Manager ."
        }
    ],
    "source_file": "NCEnglish\\Ribbonbar\\Main_Tab\\Machine\\NC_Links\\Material_Handling\\Intellistore.htm",
    "version": "2024",
    "source_type": "help_file"
}