{
    "id": "5a5cabe8-a442-43b2-bc72-d35043d0c3be",
    "title": "Intelli-CAM_-_All_Parts_Full_Outline_(Mirror)",
    "content": [
        {
            "type": "text",
            "data": "Intelli-CAM - All Parts Full Outline (Mirror)"
        },
        {
            "type": "text",
            "data": "This is a Parts Router and/or Point-to-Point Link."
        },
        {
            "type": "text",
            "data": "Intelli-CAM - Parts Full Outline (Mirror) - This is the preferred method if ALL of your Parts were cut on a Panel Saw oversized and you want to make a perimeter clean-up cut on the Part and you want to take advantage of Mirroring."
        }
    ],
    "source_file": "NCEnglish\\Ribbonbar\\Main_Tab\\Machine\\NC_Links\\Parts_Router_P-2-P_Links\\Intelli-CAM_-_All_Parts_Full_Outline_(Mirror).htm",
    "version": "2024",
    "source_type": "help_file"
}