{
    "id": "24831d6c-27af-42ec-8caa-7a8ceebdb74c",
    "title": "Intelli-CAM_-_Parts_(0)_Full_Outline_Only",
    "content": [
        {
            "type": "text",
            "data": "Intelli-CAM - All Parts Full Outline"
        },
        {
            "type": "text",
            "data": "This is a Parts Router and/or Point-to-Point Link."
        },
        {
            "type": "text",
            "data": "Intelli-CAM - Parts Full Outline - This is the preferred method if ALL of your Parts were cut on a Panel Saw oversized and you want to make a perimeter clean-up cut on the Part."
        }
    ],
    "source_file": "NCEnglish\\Ribbonbar\\Main_Tab\\Machine\\NC_Links\\Parts_Router_P-2-P_Links\\Intelli-CAM_-_Parts_(0)_Full_Outline_Only.htm",
    "version": "2024",
    "source_type": "help_file"
}