{
    "id": "5bea973e-b8df-4014-a97e-03eaa42b52d6",
    "title": "IntelliCAM_-_Parts_(No_Mirror)",
    "content": [
        {
            "type": "text",
            "data": "Intelli-CAM - Parts (No Mirror)"
        },
        {
            "type": "text",
            "data": "This is a Parts Router and/or Point-to-Point Link."
        },
        {
            "type": "text",
            "data": "Intelli-CAM Parts (No Mirror) - No parts will be mirrored. This is the preferred method if your parts were milled in a routed nest and any secondary operations will be sent to a router."
        }
    ],
    "source_file": "NCEnglish\\Ribbonbar\\Main_Tab\\Machine\\NC_Links\\Parts_Router_P-2-P_Links\\IntelliCAM_-_Parts_(No_Mirror).htm",
    "version": "2024",
    "source_type": "help_file"
}