{
    "id": "47bafdba-0132-4e1c-8267-7bc0ff4592ee",
    "title": "IntelliCAM_-_Nest",
    "content": [
        {
            "type": "text",
            "data": "IntelliCAM - Nest"
        },
        {
            "type": "text",
            "data": "This is a Primary Machine Link."
        },
        {
            "type": "text",
            "data": "IntelliCAM Nested Sheet Output to NC Code."
        }
    ],
    "source_file": "NCEnglish\\Ribbonbar\\Main_Tab\\Machine\\NC_Links\\Nest_Router\\IntelliCAM_-_Nest.htm",
    "version": "2024",
    "source_type": "help_file"
}