{
    "id": "b90e6692-fef9-4ea8-a560-e4dee3ba33c9",
    "title": "Koch_Sprint_Plus_II_L",
    "content": [
        {
            "type": "text",
            "data": "Koch Sprint Plus II/L"
        },
        {
            "type": "text",
            "data": "This is a Drill & Dowel Link"
        },
        {
            "type": "text",
            "data": "Has the following machine parameters:"
        },
        {
            "type": "text",
            "data": "One \n\t program per part (Boolean) -  Output one program per part \n\t rather than per edge \n Use \n\t part len as prog len (Boolean) -  Use parts length as program \n\t length rather than edge against the fence. Without this set \n\t L & Rs length = part width \n Display \n\t RPM (Boolean) -  Display RPM (Spindle Speed) in output. Without \n\t this, the spindle speed is set to 0 \n Display \n\t Operation Depth (Boolean) -  Display operation depth in output. \n\t Without this, the depth is set to 0"
        },
        {
            "type": "text",
            "data": "One \n\t program per part (Boolean) -  Output one program per part \n\t rather than per edge"
        },
        {
            "type": "text",
            "data": "One \n\t program per part (Boolean) -  Output one program per part \n\t rather than per edge"
        },
        {
            "type": "text",
            "data": "Use \n\t part len as prog len (Boolean) -  Use parts length as program \n\t length rather than edge against the fence. Without this set \n\t L & Rs length = part width"
        },
        {
            "type": "text",
            "data": "Use \n\t part len as prog len (Boolean) -  Use parts length as program \n\t length rather than edge against the fence. Without this set \n\t L & Rs length = part width"
        },
        {
            "type": "text",
            "data": "Display \n\t RPM (Boolean) -  Display RPM (Spindle Speed) in output. Without \n\t this, the spindle speed is set to 0"
        },
        {
            "type": "text",
            "data": "Display \n\t RPM (Boolean) -  Display RPM (Spindle Speed) in output. Without \n\t this, the spindle speed is set to 0"
        },
        {
            "type": "text",
            "data": "Display \n\t Operation Depth (Boolean) -  Display operation depth in output. \n\t Without this, the depth is set to 0"
        },
        {
            "type": "text",
            "data": "Display \n\t Operation Depth (Boolean) -  Display operation depth in output. \n\t Without this, the depth is set to 0"
        },
        {
            "type": "text",
            "data": "Has the following tool parameters:"
        },
        {
            "type": "text",
            "data": "Canned \n\t Cycle Number (string) -  the canned cycle number to use with \n\t this tool \n Operation \n\t Type (string) -  The type of operation that this tool represents"
        },
        {
            "type": "text",
            "data": "Canned \n\t Cycle Number (string) -  the canned cycle number to use with \n\t this tool"
        },
        {
            "type": "text",
            "data": "Canned \n\t Cycle Number (string) -  the canned cycle number to use with \n\t this tool"
        },
        {
            "type": "text",
            "data": "Operation \n\t Type (string) -  The type of operation that this tool represents"
        },
        {
            "type": "text",
            "data": "Operation \n\t Type (string) -  The type of operation that this tool represents"
        }
    ],
    "source_file": "NCEnglish\\Ribbonbar\\Main_Tab\\Machine\\NC_Links\\Drill_and_Dowel_Links\\Koch_Sprint_Plus_II_L.htm",
    "version": "2024",
    "source_type": "help_file"
}