{
    "id": "8a6d2bd9-6fae-4748-9e0a-304d3756ae40",
    "title": "Line_Bore",
    "content": [
        {
            "type": "text",
            "data": "Line Boring"
        },
        {
            "type": "text",
            "data": "The Line Boring Connection Type allows you to define Line Boring. The following diagram shows the options available for\u00a0the Line Boring Connection Type. Click a specific option in the diagram for more information or continue through this topic for information on all the options."
        },
        {
            "type": "image",
            "data": "image988.png",
            "description": "[Placeholder for AI-generated description]"
        },
        {
            "type": "text",
            "data": "Side Clearance (Standard #72)"
        },
        {
            "type": "image",
            "data": "image990.png",
            "description": "[Placeholder for AI-generated description]"
        },
        {
            "type": "text",
            "data": "Required or Case (Standard #73)"
        },
        {
            "type": "image",
            "data": "image991.png",
            "description": "[Placeholder for AI-generated description]"
        },
        {
            "type": "text",
            "data": "Line Bore Quantity (Standard #74)"
        },
        {
            "type": "image",
            "data": "image992.png",
            "description": "[Placeholder for AI-generated description]"
        },
        {
            "type": "text",
            "data": "Line Bore Hole Diameter (Standard #75)"
        },
        {
            "type": "image",
            "data": "image993.png",
            "description": "[Placeholder for AI-generated description]"
        },
        {
            "type": "text",
            "data": "Line Bore Hole Depth (Standard #76)"
        },
        {
            "type": "image",
            "data": "image994.png",
            "description": "[Placeholder for AI-generated description]"
        },
        {
            "type": "text",
            "data": "Hole Position (Standard #87)"
        },
        {
            "type": "image",
            "data": "image995.png",
            "description": "[Placeholder for AI-generated description]"
        },
        {
            "type": "text",
            "data": "Front Hole Position (Standard #77)"
        },
        {
            "type": "image",
            "data": "image996.png",
            "description": "[Placeholder for AI-generated description]"
        },
        {
            "type": "text",
            "data": "Rear Hole Position (Standard #78)"
        },
        {
            "type": "image",
            "data": "image997.png",
            "description": "[Placeholder for AI-generated description]"
        },
        {
            "type": "text",
            "data": "Mid Line Spacing (Standard #80)"
        },
        {
            "type": "image",
            "data": "image998.png",
            "description": "[Placeholder for AI-generated description]"
        },
        {
            "type": "text",
            "data": "Hole Positions (Standard #88)"
        },
        {
            "type": "image",
            "data": "image1000.png",
            "description": "[Placeholder for AI-generated description]"
        },
        {
            "type": "text",
            "data": "Mid Holes (Standard #89)"
        },
        {
            "type": "image",
            "data": "image1001.png",
            "description": "[Placeholder for AI-generated description]"
        },
        {
            "type": "text",
            "data": "Hole Spacing (Standard #79)"
        },
        {
            "type": "image",
            "data": "image999.png",
            "description": "[Placeholder for AI-generated description]"
        },
        {
            "type": "text",
            "data": "Mid Line Spacing (Standard #90)"
        },
        {
            "type": "image",
            "data": "image1002.png",
            "description": "[Placeholder for AI-generated description]"
        }
    ],
    "source_file": "CVEnglish_Essential\\System_Level\\Ribbonbar\\Main_Tab\\Construction_Group\\Connections\\Line_Bore.htm",
    "version": "2024",
    "source_type": "help_file"
}