{
    "id": "912552fd-7504-4786-81d7-7d19e1d0edca",
    "title": "Macmazza_SEZ2000",
    "content": [
        {
            "type": "text",
            "data": "Macmazza SEZ2000"
        },
        {
            "type": "text",
            "data": "This is a  Panel Saw  Link."
        },
        {
            "type": "text",
            "data": "This link is for Macmazza SEZ2000 saws."
        }
    ],
    "source_file": "NCEnglish_Optimizer\\Ribbonbar\\Main_Tab\\Machine\\NC_Links\\Saw_Links\\Macmazza_SEZ2000.htm",
    "version": "2024",
    "source_type": "help_file"
}