{
    "id": "e503da66-da01-46da-9eb4-b9be1777bd3d",
    "title": "Main_Tab",
    "content": [
        {
            "type": "text",
            "data": "Main Tab"
        },
        {
            "type": "text",
            "data": "Click \n the options below for more Information"
        },
        {
            "type": "text",
            "data": "At Parts and Materials View"
        },
        {
            "type": "image",
            "data": "Parts_Main_Tab.png",
            "description": "[Placeholder for AI-generated description]"
        },
        {
            "type": "text",
            "data": "At Patterns and Parts View"
        },
        {
            "type": "image",
            "data": "image194.gif",
            "description": "[Placeholder for AI-generated description]"
        }
    ],
    "source_file": "NCEnglish_Optimizer\\Ribbonbar\\Main_Tab\\Main_Tab.htm",
    "version": "2024",
    "source_type": "help_file"
}