{
    "id": "dd203a45-378b-49e7-a193-d87a69f0d161",
    "title": "Martin_T74",
    "content": [
        {
            "type": "text",
            "data": "Martin T74"
        },
        {
            "type": "text",
            "data": "This is a  Panel Saw  Link."
        },
        {
            "type": "text",
            "data": "Saw output for the Martin T74 Sliding Table Saw. This link may be valid with the entire Martin T7x series of controls."
        }
    ],
    "source_file": "NCEnglish_Optimizer\\Ribbonbar\\Main_Tab\\Machine\\NC_Links\\Saw_Links\\Martin_T74.htm",
    "version": "2024",
    "source_type": "help_file"
}