{
    "id": "35d2b352-2dcc-4f8c-90a2-68aca7aa8d83",
    "title": "Material_Handling",
    "content": [
        {
            "type": "text",
            "data": "Material Handling"
        },
        {
            "type": "text",
            "data": "This Machine Type is specifically for automated Material Handling Systems. Following are the Output Tab options for Material Handlers:"
        },
        {
            "type": "text",
            "data": "Output Tab - Material Handling"
        },
        {
            "type": "text",
            "data": "To change information in these fields, highlight the field name at the left. Then click on the data at the right and enter the new values. Some of the options below require that you select a specific Machine prior\n    to seeing the option, Offcut Import File is an example, and it appears on the Setup tab only after selecting the Winstore NC Link."
        },
        {
            "type": "text",
            "data": "Import Group"
        },
        {
            "type": "text",
            "data": "Import File  - Utilize the Browse   button in the field to set the Import File and its location\n        for your Material Handling system."
        },
        {
            "type": "text",
            "data": "Import File  - Utilize the Browse   button in the field to set the Import File and its location\n        for your Material Handling system."
        },
        {
            "type": "text",
            "data": "Import File  - Utilize the Browse   button in the field to set the Import File and its location\n        for your Material Handling system."
        },
        {
            "type": "image",
            "data": "image297.gif",
            "description": "[Placeholder for AI-generated description]"
        },
        {
            "type": "image",
            "data": "image1378.gif",
            "description": "[Placeholder for AI-generated description]"
        },
        {
            "type": "text",
            "data": "Auto Sync on Optimize  - If this is set true the Sync will occur each time you Create CNC / Optimize. If false the you would need to click  Add Offcuts         to Sync the offcuts."
        },
        {
            "type": "text",
            "data": "Auto Sync on Optimize  - If this is set true the Sync will occur each time you Create CNC / Optimize. If false the you would need to click  Add Offcuts         to Sync the offcuts."
        },
        {
            "type": "text",
            "data": "Auto Sync on Optimize  - If this is set true the Sync will occur each time you Create CNC / Optimize. If false the you would need to click  Add Offcuts         to Sync the offcuts."
        },
        {
            "type": "image",
            "data": "image1379.gif",
            "description": "[Placeholder for AI-generated description]"
        },
        {
            "type": "text",
            "data": "Create Import File Command  - Option for the Intellistore link."
        },
        {
            "type": "text",
            "data": "Create Import File Command  - Option for the Intellistore link."
        },
        {
            "type": "text",
            "data": "Create Import File Command  - Option for the Intellistore link."
        },
        {
            "type": "image",
            "data": "image1380.gif",
            "description": "[Placeholder for AI-generated description]"
        },
        {
            "type": "text",
            "data": "Offcut Import File  - Utilize the Browse   button in the field to set the Offcut Import File\n        and its location for your Material Handling system."
        },
        {
            "type": "text",
            "data": "Offcut Import File  - Utilize the Browse   button in the field to set the Offcut Import File\n        and its location for your Material Handling system."
        },
        {
            "type": "text",
            "data": "Offcut Import File  - Utilize the Browse   button in the field to set the Offcut Import File\n        and its location for your Material Handling system."
        },
        {
            "type": "image",
            "data": "image297.gif",
            "description": "[Placeholder for AI-generated description]"
        },
        {
            "type": "image",
            "data": "image1381.gif",
            "description": "[Placeholder for AI-generated description]"
        },
        {
            "type": "text",
            "data": "More Information"
        },
        {
            "type": "text",
            "data": "Program Flow Diagram"
        },
        {
            "type": "image",
            "data": "Material_Handling_Flow_Diagram.png",
            "description": "[Placeholder for AI-generated description]"
        },
        {
            "type": "text",
            "data": "User Interface"
        },
        {
            "type": "text",
            "data": "Once you have the Machine(s) setup you still have to turn the system on. This is done in the  Offcut Manager :"
        },
        {
            "type": "image",
            "data": "image214.png",
            "description": "[Placeholder for AI-generated description]"
        },
        {
            "type": "text",
            "data": "Simply select your Material Handling System and enable the  Sync with  option. You can test the link by clicking the Sync Now button."
        },
        {
            "type": "text",
            "data": "If  Auto Sync  is disabled you will need to click the  Add Offcuts  sidebar option prior to clicking  Optimize ."
        },
        {
            "type": "link",
            "data": {
                "text": "Auto Sync",
                "uuid": "35d2b352-2dcc-4f8c-90a2-68aca7aa8d83",
                "description": "[Placeholder for AI-generated description]"
            }
        },
        {
            "type": "text",
            "data": "If  Auto Sync  is enabled simply click the  Optimize  sidebar option and the Offcuts are automatically added."
        },
        {
            "type": "link",
            "data": {
                "text": "Auto Sync",
                "uuid": "35d2b352-2dcc-4f8c-90a2-68aca7aa8d83",
                "description": "[Placeholder for AI-generated description]"
            }
        },
        {
            "type": "text",
            "data": "If the import file can not be found you will be prompted to select a file."
        }
    ],
    "source_file": "NCEnglish\\Ribbonbar\\Main_Tab\\Machine\\Machine_Types\\Material_Handling.htm",
    "version": "2024",
    "source_type": "help_file"
}