{
    "id": "8ac265cd-f6b2-43c8-a869-4225306ce090",
    "title": "Material_Properties",
    "content": [
        {
            "type": "text",
            "data": "Material Properties"
        },
        {
            "type": "text",
            "data": "Let's take a look at the Material Properties area."
        },
        {
            "type": "image",
            "data": "image85.gif",
            "description": "[Placeholder for AI-generated description]"
        },
        {
            "type": "text",
            "data": "There are three sections in the Material option section:"
        },
        {
            "type": "text",
            "data": "Product Properties  - There are five options here:"
        },
        {
            "type": "text",
            "data": "Product Properties  - There are five options here:"
        },
        {
            "type": "text",
            "data": "Product Properties  - There are five options here:"
        },
        {
            "type": "image",
            "data": "image86.gif",
            "description": "[Placeholder for AI-generated description]"
        },
        {
            "type": "text",
            "data": "Name  - Enter a unique name to identify the Material here. \n \n \n Description  - Enter a Material description here. \n \n \n Type -  Allows you to set the Materials Type. \n \n \n Grain  - Select Yes/No to choose whether or not to limit part rotation on the Material due to grain. \n \n \n Cost  - Enter the Cost of this Material at the specified size here. \n \n \n \n \n Size  - There are three options here:"
        },
        {
            "type": "text",
            "data": "Name  - Enter a unique name to identify the Material here. \n \n \n Description  - Enter a Material description here. \n \n \n Type -  Allows you to set the Materials Type. \n \n \n Grain  - Select Yes/No to choose whether or not to limit part rotation on the Material due to grain. \n \n \n Cost  - Enter the Cost of this Material at the specified size here."
        },
        {
            "type": "text",
            "data": "Name  - Enter a unique name to identify the Material here. \n \n \n Description  - Enter a Material description here. \n \n \n Type -  Allows you to set the Materials Type. \n \n \n Grain  - Select Yes/No to choose whether or not to limit part rotation on the Material due to grain. \n \n \n Cost  - Enter the Cost of this Material at the specified size here."
        },
        {
            "type": "text",
            "data": "Name  - Enter a unique name to identify the Material here."
        },
        {
            "type": "text",
            "data": "Name  - Enter a unique name to identify the Material here."
        },
        {
            "type": "text",
            "data": "Description  - Enter a Material description here."
        },
        {
            "type": "text",
            "data": "Description  - Enter a Material description here."
        },
        {
            "type": "text",
            "data": "Type -  Allows you to set the Materials Type."
        },
        {
            "type": "text",
            "data": "Type -  Allows you to set the Materials Type."
        },
        {
            "type": "text",
            "data": "Grain  - Select Yes/No to choose whether or not to limit part rotation on the Material due to grain."
        },
        {
            "type": "text",
            "data": "Grain  - Select Yes/No to choose whether or not to limit part rotation on the Material due to grain."
        },
        {
            "type": "text",
            "data": "Cost  - Enter the Cost of this Material at the specified size here."
        },
        {
            "type": "text",
            "data": "Cost  - Enter the Cost of this Material at the specified size here."
        },
        {
            "type": "text",
            "data": "Size  - There are three options here:"
        },
        {
            "type": "text",
            "data": "Size  - There are three options here:"
        },
        {
            "type": "image",
            "data": "image87.gif",
            "description": "[Placeholder for AI-generated description]"
        },
        {
            "type": "text",
            "data": "Width  - Enter the Materials sheet Width here. \n \n \n Length  - Enter the Materials sheet Length here. \n \n \n Thick  - Enter the Materials Thickness here. \n \n \n \n \n Face Properties  - There are three options here:"
        },
        {
            "type": "text",
            "data": "Width  - Enter the Materials sheet Width here. \n \n \n Length  - Enter the Materials sheet Length here. \n \n \n Thick  - Enter the Materials Thickness here."
        },
        {
            "type": "text",
            "data": "Width  - Enter the Materials sheet Width here. \n \n \n Length  - Enter the Materials sheet Length here. \n \n \n Thick  - Enter the Materials Thickness here."
        },
        {
            "type": "text",
            "data": "Width  - Enter the Materials sheet Width here."
        },
        {
            "type": "text",
            "data": "Width  - Enter the Materials sheet Width here."
        },
        {
            "type": "text",
            "data": "Length  - Enter the Materials sheet Length here."
        },
        {
            "type": "text",
            "data": "Length  - Enter the Materials sheet Length here."
        },
        {
            "type": "text",
            "data": "Thick  - Enter the Materials Thickness here."
        },
        {
            "type": "text",
            "data": "Thick  - Enter the Materials Thickness here."
        },
        {
            "type": "text",
            "data": "Face Properties  - There are three options here:"
        },
        {
            "type": "text",
            "data": "Face Properties  - There are three options here:"
        },
        {
            "type": "image",
            "data": "image88.gif",
            "description": "[Placeholder for AI-generated description]"
        },
        {
            "type": "text",
            "data": "Face Surface  - Description of the Materials Face Surface. \n \n \n Back Surface  - Description of the Materials Back Surface. \n \n \n Edge Surface  - Description of the Materials Edge Surface."
        },
        {
            "type": "text",
            "data": "Face Surface  - Description of the Materials Face Surface. \n \n \n Back Surface  - Description of the Materials Back Surface. \n \n \n Edge Surface  - Description of the Materials Edge Surface."
        },
        {
            "type": "text",
            "data": "Face Surface  - Description of the Materials Face Surface. \n \n \n Back Surface  - Description of the Materials Back Surface. \n \n \n Edge Surface  - Description of the Materials Edge Surface."
        },
        {
            "type": "text",
            "data": "Face Surface  - Description of the Materials Face Surface."
        },
        {
            "type": "text",
            "data": "Face Surface  - Description of the Materials Face Surface."
        },
        {
            "type": "text",
            "data": "Back Surface  - Description of the Materials Back Surface."
        },
        {
            "type": "text",
            "data": "Back Surface  - Description of the Materials Back Surface."
        },
        {
            "type": "text",
            "data": "Edge Surface  - Description of the Materials Edge Surface."
        },
        {
            "type": "text",
            "data": "Edge Surface  - Description of the Materials Edge Surface."
        }
    ],
    "source_file": "NCEnglish_Optimizer\\Ribbonbar\\Utilities_Tab\\Material_Catalog\\Material_Properties.htm",
    "version": "2024",
    "source_type": "help_file"
}