{
    "id": "c43f935a-05c8-4b78-ae40-9ed5513a87aa",
    "title": "Mayer_PC6200_controller",
    "content": [
        {
            "type": "text",
            "data": "Mayer PC6200 controller"
        },
        {
            "type": "text",
            "data": "This is a  Panel Saw  Link."
        },
        {
            "type": "text",
            "data": "This link is for Mayer saws with the PC6200 controller."
        }
    ],
    "source_file": "NCEnglish\\Ribbonbar\\Main_Tab\\Machine\\NC_Links\\Saw_Links\\Mayer_PC6200_controller.htm",
    "version": "2024",
    "source_type": "help_file"
}