{
    "id": "522a3da4-f0d5-4120-9620-99ce127468a7",
    "title": "Mayer",
    "content": [
        {
            "type": "text",
            "data": "Mayer"
        },
        {
            "type": "text",
            "data": "This is a  Panel Saw  Link."
        },
        {
            "type": "text",
            "data": "This link is for Mayer saws with the PC5400 controller."
        }
    ],
    "source_file": "NCEnglish_Optimizer\\Ribbonbar\\Main_Tab\\Machine\\NC_Links\\Saw_Links\\Mayer.htm",
    "version": "2024",
    "source_type": "help_file"
}