{
    "id": "aa224566-2adf-4eb7-a169-5b2371d5571d",
    "title": "MCE_Texture",
    "content": [
        {
            "type": "text",
            "data": "Top \n > \n \n \n System Level \n > \n \n Ribbonbar \n > \n \n Main Tab \n > \n \n Catalogs Group \n > \n \n Material Manager \n > \n \n Ribbonbar \n > \n \n Texture"
        },
        {
            "type": "text",
            "data": "Top \n >"
        },
        {
            "type": "text",
            "data": "System Level \n >"
        },
        {
            "type": "link",
            "data": {
                "text": "System Level",
                "uuid": "4450866f-fd9c-46df-abf3-7843c5a1ef37",
                "description": "[Placeholder for AI-generated description]"
            }
        },
        {
            "type": "text",
            "data": "Ribbonbar \n >"
        },
        {
            "type": "link",
            "data": {
                "text": "Ribbonbar",
                "uuid": "3bbac75c-2b61-42af-9bce-b90335e66dde",
                "description": "[Placeholder for AI-generated description]"
            }
        },
        {
            "type": "text",
            "data": "Main Tab \n >"
        },
        {
            "type": "link",
            "data": {
                "text": "Main Tab",
                "uuid": "3bbac75c-2b61-42af-9bce-b90335e66dde",
                "description": "[Placeholder for AI-generated description]"
            }
        },
        {
            "type": "text",
            "data": "Catalogs Group \n >"
        },
        {
            "type": "link",
            "data": {
                "text": "Catalogs Group",
                "uuid": "f4a43f08-b40b-442c-8f03-a96c2a64640f",
                "description": "[Placeholder for AI-generated description]"
            }
        },
        {
            "type": "text",
            "data": "Material Manager \n >"
        },
        {
            "type": "link",
            "data": {
                "text": "Material Manager",
                "uuid": "2fed939d-ba55-4f35-94da-993f0e1b392e",
                "description": "[Placeholder for AI-generated description]"
            }
        },
        {
            "type": "text",
            "data": "Ribbonbar \n >"
        },
        {
            "type": "link",
            "data": {
                "text": "Ribbonbar",
                "uuid": "afe34400-22a2-4d51-9383-a40dbf0ad041",
                "description": "[Placeholder for AI-generated description]"
            }
        },
        {
            "type": "text",
            "data": "Texture"
        },
        {
            "type": "text",
            "data": "Texture"
        },
        {
            "type": "text",
            "data": "Textures"
        },
        {
            "type": "image",
            "data": "image2409.gif",
            "description": "[Placeholder for AI-generated description]"
        },
        {
            "type": "text",
            "data": "A Texture is a pattern that will appear on your finished objects such as wood grain or any other visible feature. Textures will generally show through the Finish color in a Room adding the element of realism to your objects. Typically, Textures are black and white, and receive color from a Finish at the Room Level, however, this is not always the case. A Texture can be a sample of Marble, complete with the color and pattern that you choose to scan into Solid for use in your presentations. You will have to experiment with scanning in order to find the size and type of acceptable (scannable) images that do not distort when you shrink them to the size necessary to appear on a scaled Solid rendering. A hint that may help is to search for books from hobbyists who create miniature items. Examples might be doll house publications, model railroad publications, etc. Typically, the textures you will find there are created at the scale they will be rendered at, and do not need to be reduced, and do not suffer the distortion that often accompanies the reduction process."
        },
        {
            "type": "image",
            "data": "Texture_1.png",
            "description": "[Placeholder for AI-generated description]"
        },
        {
            "type": "text",
            "data": "Toolbar"
        },
        {
            "type": "text",
            "data": "The toolbar has the following options:"
        },
        {
            "type": "text",
            "data": "Import Image -  \u00a0Allows you to Import an image as a new Texture. See The Bitmap Method below for more information."
        },
        {
            "type": "image",
            "data": "image2267.gif",
            "description": "[Placeholder for AI-generated description]"
        },
        {
            "type": "text",
            "data": "Delete -  Allows you to Delete the selected Texture."
        },
        {
            "type": "image",
            "data": "image2268.gif",
            "description": "[Placeholder for AI-generated description]"
        },
        {
            "type": "text",
            "data": "List View -  Switches the Working Area to List View, as shown in the illustration above."
        },
        {
            "type": "image",
            "data": "image2269.gif",
            "description": "[Placeholder for AI-generated description]"
        },
        {
            "type": "text",
            "data": "Thumbnail View -  Switches the Working Area to Thumbnail View, as shown in the illustration below."
        },
        {
            "type": "image",
            "data": "image2270.gif",
            "description": "[Placeholder for AI-generated description]"
        },
        {
            "type": "image",
            "data": "Texture_2.png",
            "description": "[Placeholder for AI-generated description]"
        },
        {
            "type": "text",
            "data": "To edit the Properties of a Texture in Thumbnail View simply double click the Texture or right click the Texture and select Properties. You will be presented with the following Properties window."
        },
        {
            "type": "image",
            "data": "Information.png",
            "description": "[Placeholder for AI-generated description]"
        },
        {
            "type": "image",
            "data": "image237.gif",
            "description": "[Placeholder for AI-generated description]"
        },
        {
            "type": "text",
            "data": "Sidebar"
        },
        {
            "type": "text",
            "data": "Search Pane -  See the  Material Manager sidebar  topic for more information."
        },
        {
            "type": "link",
            "data": {
                "text": "Material Manager sidebar",
                "uuid": "ca2dde60-b199-4f82-b7d7-4d14cb21f1a4",
                "description": "[Placeholder for AI-generated description]"
            }
        },
        {
            "type": "text",
            "data": "Category Pane -  See the  Material Manager sidebar  topic for more information."
        },
        {
            "type": "link",
            "data": {
                "text": "Material Manager sidebar",
                "uuid": "ca2dde60-b199-4f82-b7d7-4d14cb21f1a4",
                "description": "[Placeholder for AI-generated description]"
            }
        },
        {
            "type": "text",
            "data": "Working Area (List View)"
        },
        {
            "type": "image",
            "data": "Texture_1.png",
            "description": "[Placeholder for AI-generated description]"
        },
        {
            "type": "text",
            "data": "Following are the Texture Properties available in the Working Area (List View):"
        },
        {
            "type": "text",
            "data": "Name -  The Name of the Texture (This value can be edited). \n \n \n Description  - The Description of the Texture (This value can be edited). \n \n \n Path -  The Path to the file the Texture is using (This value can not be edited). \n \n \n Decal -  If Enabled this will instruct the System to not blend the Finish with the Texture. \n \n \n Tile -  If Enabled instructs the System to repeat Texture at the specified World Width/World Height across the surface it is being applied to. \n \n \n World Width -  The Width the image should represent in a real-world dimension. \n \n \n World Height -  The Height the image should represent in a real-world dimension."
        },
        {
            "type": "text",
            "data": "Name -  The Name of the Texture (This value can be edited)."
        },
        {
            "type": "text",
            "data": "Name -  The Name of the Texture (This value can be edited)."
        },
        {
            "type": "text",
            "data": "Description  - The Description of the Texture (This value can be edited)."
        },
        {
            "type": "text",
            "data": "Description  - The Description of the Texture (This value can be edited)."
        },
        {
            "type": "text",
            "data": "Path -  The Path to the file the Texture is using (This value can not be edited)."
        },
        {
            "type": "text",
            "data": "Path -  The Path to the file the Texture is using (This value can not be edited)."
        },
        {
            "type": "text",
            "data": "Decal -  If Enabled this will instruct the System to not blend the Finish with the Texture."
        },
        {
            "type": "text",
            "data": "Decal -  If Enabled this will instruct the System to not blend the Finish with the Texture."
        },
        {
            "type": "text",
            "data": "Tile -  If Enabled instructs the System to repeat Texture at the specified World Width/World Height across the surface it is being applied to."
        },
        {
            "type": "text",
            "data": "Tile -  If Enabled instructs the System to repeat Texture at the specified World Width/World Height across the surface it is being applied to."
        },
        {
            "type": "text",
            "data": "World Width -  The Width the image should represent in a real-world dimension."
        },
        {
            "type": "text",
            "data": "World Width -  The Width the image should represent in a real-world dimension."
        },
        {
            "type": "text",
            "data": "World Height -  The Height the image should represent in a real-world dimension."
        },
        {
            "type": "text",
            "data": "World Height -  The Height the image should represent in a real-world dimension."
        },
        {
            "type": "text",
            "data": "The Bitmap Method"
        },
        {
            "type": "text",
            "data": "Here, a new Texture created using the Paint program that ships with Microsoft Windows\u2122 will be imported for use as speaker cloth on Doors for a Job. The Texture was created in the favored 200 by 200 pixel size, and saved as a Bitmap file to the C:\\Planit\\Solid_9_0\\Database\\Graphics folder as spk.bmp."
        },
        {
            "type": "text",
            "data": "To add a Texture choose the Category where you want it located then click the New option in the ribbonbar and select the Bitmap or JPG file from the Graphics sub-folder where you saved the file you made. Files that you copy to your computer can be saved to the same folder as those you make and imported in the same fashion."
        },
        {
            "type": "text",
            "data": "Since this is a file that exists on my computer I will choose the \"Load an image from a file\" option in the toolbar."
        },
        {
            "type": "image",
            "data": "image238.gif",
            "description": "[Placeholder for AI-generated description]"
        },
        {
            "type": "text",
            "data": "Browse to, and select you image file then click Open."
        },
        {
            "type": "image",
            "data": "image239.gif",
            "description": "[Placeholder for AI-generated description]"
        },
        {
            "type": "text",
            "data": "Go ahead and fill out all the Properties, when you are happy with the Properties click the Save option in the toolbar."
        },
        {
            "type": "image",
            "data": "image240.gif",
            "description": "[Placeholder for AI-generated description]"
        },
        {
            "type": "text",
            "data": "The  \"Decal\"  check box, must be checked if you want the Texture to stand alone, I.E., not to be tinted by the Room Finish."
        },
        {
            "type": "image",
            "data": "Information.png",
            "description": "[Placeholder for AI-generated description]"
        },
        {
            "type": "text",
            "data": "The  \"Tile\"  check box should be checked if you want the pattern to repeat on your object. Without checking this box, the Texture will appear one time, and may not cover all the surfaces you have applied it to. Make sure to set the World Width and World Height at 12 each. After verifying the appearance of your new Texture you can adjust these World dimensions to tweak the appearance of the Texture when displayed."
        },
        {
            "type": "text",
            "data": "To add this Texture to a Door as speaker cloth, create the speaker cloth as a \" Miscellaneous \" Material in the  Material Manager , and choose the new Texture for the face Texture. From the  Door Material Schedules , create a Schedule referencing the Material as one with speaker cloth (Birch/Spker) and assign the speaker cloth to the \"Flat Panel\" category. You will see the following if viewed in High Detail in a Job. Note how the speaker cloth is not tinted by the Cabinet color and how the pattern repeats to fill each Door."
        },
        {
            "type": "link",
            "data": {
                "text": "Miscellaneous",
                "uuid": "bdf8b7f0-ec6c-4153-836d-eb05792f2aa4",
                "description": "[Placeholder for AI-generated description]"
            }
        },
        {
            "type": "link",
            "data": {
                "text": "Material Manager",
                "uuid": "2fed939d-ba55-4f35-94da-993f0e1b392e",
                "description": "[Placeholder for AI-generated description]"
            }
        },
        {
            "type": "link",
            "data": {
                "text": "Door Material Schedules",
                "uuid": "94b9f888-f73f-4e07-b5c4-a992aa50b3ee",
                "description": "[Placeholder for AI-generated description]"
            }
        },
        {
            "type": "image",
            "data": "image878.bmp",
            "description": "[Placeholder for AI-generated description]"
        },
        {
            "type": "text",
            "data": "The ultimate secret to successful Texture creation and usage is to experiment with the resolution and scale of the items you chose to use. You will quickly understand the relationship and how to improve the image after viewing your Textures in a practice Job. Textures are not limited to patterns, even company logos, initials, etc..., can be used."
        },
        {
            "type": "text",
            "data": "Textures can also be added from within a Job in the 3D View when selecting Textures to use in your Room or Assembly."
        },
        {
            "type": "image",
            "data": "Information.png",
            "description": "[Placeholder for AI-generated description]"
        }
    ],
    "source_file": "CVEnglish_Essential\\System_Level\\Ribbonbar\\Main_Tab\\Catalogs_Group\\Material_Manager\\Ribbonbar\\MCE_Texture.htm",
    "version": "2024",
    "source_type": "help_file"
}