{
    "id": "0b0880f1-d625-4665-a286-d3d4b751ed40",
    "title": "Mortise_and_Tenon",
    "content": [
        {
            "type": "text",
            "data": "Mortise & Tenon"
        },
        {
            "type": "text",
            "data": "The Mortise and Tenon Connection Type allows you to define Mortise and Tenons. The following diagram shows the options available for\u00a0the Mortise and Tenon Connection Type. Click a specific option in the diagram for more information or continue through this topic for information on all the options."
        },
        {
            "type": "image",
            "data": "image989.png",
            "description": "[Placeholder for AI-generated description]"
        },
        {
            "type": "text",
            "data": "Tenon Depth (Standard #91)"
        },
        {
            "type": "image",
            "data": "image1003.png",
            "description": "[Placeholder for AI-generated description]"
        },
        {
            "type": "text",
            "data": "Pocket Width (Standard #92)"
        },
        {
            "type": "image",
            "data": "image1004.png",
            "description": "[Placeholder for AI-generated description]"
        },
        {
            "type": "text",
            "data": "S2M Dado Extension (Standard #93)"
        },
        {
            "type": "image",
            "data": "image1005.png",
            "description": "[Placeholder for AI-generated description]"
        },
        {
            "type": "text",
            "data": "Top Shoulder Width (Standard #94)"
        },
        {
            "type": "image",
            "data": "image1006.png",
            "description": "[Placeholder for AI-generated description]"
        },
        {
            "type": "text",
            "data": "Bottom Shoulder Width (Standard #95)"
        },
        {
            "type": "image",
            "data": "image1007.png",
            "description": "[Placeholder for AI-generated description]"
        },
        {
            "type": "text",
            "data": "Front Shoulder Width (Standard #96)"
        },
        {
            "type": "image",
            "data": "image1008.png",
            "description": "[Placeholder for AI-generated description]"
        },
        {
            "type": "text",
            "data": "Rear Shoulder Width (Standard #97)"
        },
        {
            "type": "image",
            "data": "image1009.png",
            "description": "[Placeholder for AI-generated description]"
        },
        {
            "type": "text",
            "data": "Width Adjustment (Standard #98)"
        },
        {
            "type": "image",
            "data": "image1010.png",
            "description": "[Placeholder for AI-generated description]"
        },
        {
            "type": "text",
            "data": "Length Adjustment (Standard #99)"
        },
        {
            "type": "image",
            "data": "image1011.png",
            "description": "[Placeholder for AI-generated description]"
        },
        {
            "type": "text",
            "data": "Depth Adjustment (Standard #100)"
        },
        {
            "type": "image",
            "data": "image1012.png",
            "description": "[Placeholder for AI-generated description]"
        }
    ],
    "source_file": "CVEnglish_Essential\\System_Level\\Ribbonbar\\Main_Tab\\Construction_Group\\Connections\\Mortise_and_Tenon.htm",
    "version": "2024",
    "source_type": "help_file"
}