{
    "id": "a3544522-eaec-4c37-8eca-98fb128990c0",
    "title": "MS_Drawer_Box",
    "content": [
        {
            "type": "text",
            "data": "Top \n > \n \n \n System Level \n > \n \n Ribbonbar \n > \n \n Main Tab \n > \n \n Catalogs Group \n > \n \n Material Schedule Manager \n > \n \n Drawer Box"
        },
        {
            "type": "text",
            "data": "Top \n >"
        },
        {
            "type": "text",
            "data": "System Level \n >"
        },
        {
            "type": "link",
            "data": {
                "text": "System Level",
                "uuid": "4450866f-fd9c-46df-abf3-7843c5a1ef37",
                "description": "[Placeholder for AI-generated description]"
            }
        },
        {
            "type": "text",
            "data": "Ribbonbar \n >"
        },
        {
            "type": "link",
            "data": {
                "text": "Ribbonbar",
                "uuid": "3bbac75c-2b61-42af-9bce-b90335e66dde",
                "description": "[Placeholder for AI-generated description]"
            }
        },
        {
            "type": "text",
            "data": "Main Tab \n >"
        },
        {
            "type": "link",
            "data": {
                "text": "Main Tab",
                "uuid": "3bbac75c-2b61-42af-9bce-b90335e66dde",
                "description": "[Placeholder for AI-generated description]"
            }
        },
        {
            "type": "text",
            "data": "Catalogs Group \n >"
        },
        {
            "type": "link",
            "data": {
                "text": "Catalogs Group",
                "uuid": "f4a43f08-b40b-442c-8f03-a96c2a64640f",
                "description": "[Placeholder for AI-generated description]"
            }
        },
        {
            "type": "text",
            "data": "Material Schedule Manager \n >"
        },
        {
            "type": "link",
            "data": {
                "text": "Material Schedule Manager",
                "uuid": "7a64057c-ee14-4724-b490-38009af08adb",
                "description": "[Placeholder for AI-generated description]"
            }
        },
        {
            "type": "text",
            "data": "Drawer Box"
        },
        {
            "type": "text",
            "data": "Drawer Box"
        },
        {
            "type": "text",
            "data": "Drawer Box"
        },
        {
            "type": "text",
            "data": "Drawer Box Materials are assigned to the various Drawer Parts via the Drawer Box Material Schedule. The image below defines the Materials necessary to build Drawer Boxes from 1/2 inch Melamine."
        },
        {
            "type": "image",
            "data": "MS_Drawer.png",
            "description": "[Placeholder for AI-generated description]"
        },
        {
            "type": "text",
            "data": "Sidebar/Properties"
        },
        {
            "type": "text",
            "data": "The following Properties are available for Drawer Box Parts:"
        },
        {
            "type": "text",
            "data": "ID -  The ID number for the selected Material Schedule. \n \n \n Name -  The Name of the selected Material Schedule. \n \n \n Description -  The Description of the selected Material Schedule. \n \n \n Buy Out -  Enable this option if you Buy-Out the Drawer rather than building it yourself. This will tie in to your Reports (No Parts for Cut Lists) and Bids (No Material Calculation for Drawer Parts)."
        },
        {
            "type": "text",
            "data": "ID -  The ID number for the selected Material Schedule."
        },
        {
            "type": "text",
            "data": "ID -  The ID number for the selected Material Schedule."
        },
        {
            "type": "text",
            "data": "Name -  The Name of the selected Material Schedule."
        },
        {
            "type": "text",
            "data": "Name -  The Name of the selected Material Schedule."
        },
        {
            "type": "text",
            "data": "Description -  The Description of the selected Material Schedule."
        },
        {
            "type": "text",
            "data": "Description -  The Description of the selected Material Schedule."
        },
        {
            "type": "text",
            "data": "Buy Out -  Enable this option if you Buy-Out the Drawer rather than building it yourself. This will tie in to your Reports (No Parts for Cut Lists) and Bids (No Material Calculation for Drawer Parts)."
        },
        {
            "type": "text",
            "data": "Buy Out -  Enable this option if you Buy-Out the Drawer rather than building it yourself. This will tie in to your Reports (No Parts for Cut Lists) and Bids (No Material Calculation for Drawer Parts)."
        }
    ],
    "source_file": "CVEnglish_Essential\\System_Level\\Ribbonbar\\Main_Tab\\Catalogs_Group\\Material_Schedules\\MS_Drawer_Box.htm",
    "version": "2024",
    "source_type": "help_file"
}