{
    "id": "94b9f888-f73f-4e07-b5c4-a992aa50b3ee",
    "title": "MS_Doors",
    "content": [
        {
            "type": "text",
            "data": "Top \n > \n \n \n System Level \n > \n \n Ribbonbar \n > \n \n Main Tab \n > \n \n Catalogs Group \n > \n \n Material Schedule Manager \n > \n \n Door"
        },
        {
            "type": "text",
            "data": "Top \n >"
        },
        {
            "type": "text",
            "data": "System Level \n >"
        },
        {
            "type": "link",
            "data": {
                "text": "System Level",
                "uuid": "4450866f-fd9c-46df-abf3-7843c5a1ef37",
                "description": "[Placeholder for AI-generated description]"
            }
        },
        {
            "type": "text",
            "data": "Ribbonbar \n >"
        },
        {
            "type": "link",
            "data": {
                "text": "Ribbonbar",
                "uuid": "3bbac75c-2b61-42af-9bce-b90335e66dde",
                "description": "[Placeholder for AI-generated description]"
            }
        },
        {
            "type": "text",
            "data": "Main Tab \n >"
        },
        {
            "type": "link",
            "data": {
                "text": "Main Tab",
                "uuid": "3bbac75c-2b61-42af-9bce-b90335e66dde",
                "description": "[Placeholder for AI-generated description]"
            }
        },
        {
            "type": "text",
            "data": "Catalogs Group \n >"
        },
        {
            "type": "link",
            "data": {
                "text": "Catalogs Group",
                "uuid": "f4a43f08-b40b-442c-8f03-a96c2a64640f",
                "description": "[Placeholder for AI-generated description]"
            }
        },
        {
            "type": "text",
            "data": "Material Schedule Manager \n >"
        },
        {
            "type": "link",
            "data": {
                "text": "Material Schedule Manager",
                "uuid": "7a64057c-ee14-4724-b490-38009af08adb",
                "description": "[Placeholder for AI-generated description]"
            }
        },
        {
            "type": "text",
            "data": "Door"
        },
        {
            "type": "text",
            "data": "Door"
        },
        {
            "type": "text",
            "data": "Door"
        },
        {
            "type": "text",
            "data": "Every Door or Drawer Front must have at least one Material Schedule assigned to it. Door and Drawer Front construction is set up in the  Door Catalog . Also, you will assign Material Schedules to your Door from the  Door Catalog ."
        },
        {
            "type": "link",
            "data": {
                "text": "Door Catalog",
                "uuid": "2da09610-ccab-42a9-a5ce-4ad5fa83394a",
                "description": "[Placeholder for AI-generated description]"
            }
        },
        {
            "type": "link",
            "data": {
                "text": "Door Catalog",
                "uuid": "d23137a4-bc4e-4584-8c70-1e39159e3313",
                "description": "[Placeholder for AI-generated description]"
            }
        },
        {
            "type": "image",
            "data": "MS_Doors.png",
            "description": "[Placeholder for AI-generated description]"
        },
        {
            "type": "text",
            "data": "Sidebar/Properties"
        },
        {
            "type": "text",
            "data": "The following Properties are available for Doors:"
        },
        {
            "type": "text",
            "data": "ID -  The ID number for the selected Material Schedule. \n \n \n Name -  The Name of the selected Material Schedule. \n \n \n Description -  The Description of the selected Material Schedule. \n \n \n Buy Out -  \u00a0Enable this option you Buy-Out the Door rather than building it yourself. This will tie in to your Reports and Bids. \n \n \n Cost/Door -  This option will simply add the entered amount as a flat rate per Door. \n \n \n Cost/SqFt (SqM) -  This option will multiply the entered amount by the total area of the Door. \n \n \n Minimum Cost -  This option will allow you to set a minimum Door cost for the Door when using this Material Schedule. Note that total door cost is  Door + Mat + Profile (Inside Edge + Outside Edge + Raised Panel + Custom Route) . This value is only for the Material cost so if the Material \"Add Per Door\" and the Material \"Add Per SqFt\" is less than \"Min Cost\" it will use Min Cost for the Material cost. In other words... the Door Cost and Profile Costs will be added to this Minimum Cost. \n \n \n Laminate Face -  Instructs Solid to apply the Material assigned to the Door Face Laminate Part to your Door. \n \n \n Laminate Back -  Instructs Solid to apply the Material assigned to the Door Back Laminate Part to your Door. \n \n \n Banding -  Instructs Solid to apply the Material assigned to the Door Edge Banding Part to your Door."
        },
        {
            "type": "text",
            "data": "ID -  The ID number for the selected Material Schedule."
        },
        {
            "type": "text",
            "data": "ID -  The ID number for the selected Material Schedule."
        },
        {
            "type": "text",
            "data": "Name -  The Name of the selected Material Schedule."
        },
        {
            "type": "text",
            "data": "Name -  The Name of the selected Material Schedule."
        },
        {
            "type": "text",
            "data": "Description -  The Description of the selected Material Schedule."
        },
        {
            "type": "text",
            "data": "Description -  The Description of the selected Material Schedule."
        },
        {
            "type": "text",
            "data": "Buy Out -  \u00a0Enable this option you Buy-Out the Door rather than building it yourself. This will tie in to your Reports and Bids."
        },
        {
            "type": "text",
            "data": "Buy Out -  \u00a0Enable this option you Buy-Out the Door rather than building it yourself. This will tie in to your Reports and Bids."
        },
        {
            "type": "text",
            "data": "Cost/Door -  This option will simply add the entered amount as a flat rate per Door."
        },
        {
            "type": "text",
            "data": "Cost/Door -  This option will simply add the entered amount as a flat rate per Door."
        },
        {
            "type": "text",
            "data": "Cost/SqFt (SqM) -  This option will multiply the entered amount by the total area of the Door."
        },
        {
            "type": "text",
            "data": "Cost/SqFt (SqM) -  This option will multiply the entered amount by the total area of the Door."
        },
        {
            "type": "text",
            "data": "Minimum Cost -  This option will allow you to set a minimum Door cost for the Door when using this Material Schedule. Note that total door cost is  Door + Mat + Profile (Inside Edge + Outside Edge + Raised Panel + Custom Route) . This value is only for the Material cost so if the Material \"Add Per Door\" and the Material \"Add Per SqFt\" is less than \"Min Cost\" it will use Min Cost for the Material cost. In other words... the Door Cost and Profile Costs will be added to this Minimum Cost."
        },
        {
            "type": "text",
            "data": "Minimum Cost -  This option will allow you to set a minimum Door cost for the Door when using this Material Schedule. Note that total door cost is  Door + Mat + Profile (Inside Edge + Outside Edge + Raised Panel + Custom Route) . This value is only for the Material cost so if the Material \"Add Per Door\" and the Material \"Add Per SqFt\" is less than \"Min Cost\" it will use Min Cost for the Material cost. In other words... the Door Cost and Profile Costs will be added to this Minimum Cost."
        },
        {
            "type": "text",
            "data": "Laminate Face -  Instructs Solid to apply the Material assigned to the Door Face Laminate Part to your Door."
        },
        {
            "type": "text",
            "data": "Laminate Face -  Instructs Solid to apply the Material assigned to the Door Face Laminate Part to your Door."
        },
        {
            "type": "text",
            "data": "Laminate Back -  Instructs Solid to apply the Material assigned to the Door Back Laminate Part to your Door."
        },
        {
            "type": "text",
            "data": "Laminate Back -  Instructs Solid to apply the Material assigned to the Door Back Laminate Part to your Door."
        },
        {
            "type": "text",
            "data": "Banding -  Instructs Solid to apply the Material assigned to the Door Edge Banding Part to your Door."
        },
        {
            "type": "text",
            "data": "Banding -  Instructs Solid to apply the Material assigned to the Door Edge Banding Part to your Door."
        },
        {
            "type": "text",
            "data": "Because you control the Laminate and Banding through the Door and Drawer Front Material Schedules, you may wish to create duplicate Schedules with one having Laminate and Banding active and another without. Remember to name the Schedules in a way that lets you know that Laminate is turned on. For example, you may want to have a Schedule called Birch and one called Birch Band. This will allow you to know by name that one Material Schedule is for a Birch Door that has banding turned on."
        },
        {
            "type": "image",
            "data": "Information.png",
            "description": "[Placeholder for AI-generated description]"
        },
        {
            "type": "text",
            "data": "Unlike Material Schedules for  Assembly Parts , the Door Material Schedules allow you to turn Laminate and Banding on or off in the Material Schedule itself. If the Material Schedule that you are creating will be used on Doors that you want to Laminate, simply check the appropriate boxes (for example, if you want to laminate only the face, then check only the Laminate Face box). Then you will obviously do the same in regards to banding the edges."
        },
        {
            "type": "link",
            "data": {
                "text": "Assembly Parts",
                "uuid": "d549fa6c-c6de-4ac1-9837-a3bb3e6af7a5",
                "description": "[Placeholder for AI-generated description]"
            }
        }
    ],
    "source_file": "CVEnglish_Essential\\System_Level\\Ribbonbar\\Main_Tab\\Catalogs_Group\\Material_Schedules\\MS_Doors.htm",
    "version": "2024",
    "source_type": "help_file"
}