{
    "id": "5ce8230a-842f-456f-9f66-3b5f7ae45be7",
    "title": "MS_Hinges",
    "content": [
        {
            "type": "text",
            "data": "Top \n > \n \n \n System Level \n > \n \n Ribbonbar \n > \n \n Main Tab \n > \n \n Catalogs Group \n > \n \n Material Schedule Manager \n > \n \n Hinge"
        },
        {
            "type": "text",
            "data": "Top \n >"
        },
        {
            "type": "text",
            "data": "System Level \n >"
        },
        {
            "type": "link",
            "data": {
                "text": "System Level",
                "uuid": "4450866f-fd9c-46df-abf3-7843c5a1ef37",
                "description": "[Placeholder for AI-generated description]"
            }
        },
        {
            "type": "text",
            "data": "Ribbonbar \n >"
        },
        {
            "type": "link",
            "data": {
                "text": "Ribbonbar",
                "uuid": "3bbac75c-2b61-42af-9bce-b90335e66dde",
                "description": "[Placeholder for AI-generated description]"
            }
        },
        {
            "type": "text",
            "data": "Main Tab \n >"
        },
        {
            "type": "link",
            "data": {
                "text": "Main Tab",
                "uuid": "3bbac75c-2b61-42af-9bce-b90335e66dde",
                "description": "[Placeholder for AI-generated description]"
            }
        },
        {
            "type": "text",
            "data": "Catalogs Group \n >"
        },
        {
            "type": "link",
            "data": {
                "text": "Catalogs Group",
                "uuid": "f4a43f08-b40b-442c-8f03-a96c2a64640f",
                "description": "[Placeholder for AI-generated description]"
            }
        },
        {
            "type": "text",
            "data": "Material Schedule Manager \n >"
        },
        {
            "type": "link",
            "data": {
                "text": "Material Schedule Manager",
                "uuid": "7a64057c-ee14-4724-b490-38009af08adb",
                "description": "[Placeholder for AI-generated description]"
            }
        },
        {
            "type": "text",
            "data": "Hinge"
        },
        {
            "type": "text",
            "data": "Hinge"
        },
        {
            "type": "text",
            "data": "Hinges"
        },
        {
            "type": "text",
            "data": "Hinge Material Schedules are created in the same manner as the  Assembly Parts ."
        },
        {
            "type": "link",
            "data": {
                "text": "Assembly Parts",
                "uuid": "d549fa6c-c6de-4ac1-9837-a3bb3e6af7a5",
                "description": "[Placeholder for AI-generated description]"
            }
        },
        {
            "type": "image",
            "data": "MS_Hinges.png",
            "description": "[Placeholder for AI-generated description]"
        },
        {
            "type": "text",
            "data": "Sidebar/Properties"
        },
        {
            "type": "text",
            "data": "The following Properties are available for Hinges:"
        },
        {
            "type": "text",
            "data": "ID -  The ID number for the selected Material Schedule. \n \n \n Name -  The Name of the selected Material Schedule. \n \n \n Description -  The Description of the selected Material Schedule."
        },
        {
            "type": "text",
            "data": "ID -  The ID number for the selected Material Schedule."
        },
        {
            "type": "text",
            "data": "ID -  The ID number for the selected Material Schedule."
        },
        {
            "type": "text",
            "data": "Name -  The Name of the selected Material Schedule."
        },
        {
            "type": "text",
            "data": "Name -  The Name of the selected Material Schedule."
        },
        {
            "type": "text",
            "data": "Description -  The Description of the selected Material Schedule."
        },
        {
            "type": "text",
            "data": "Description -  The Description of the selected Material Schedule."
        },
        {
            "type": "text",
            "data": "Hinge schedules should be set up for different configurations that you may want to use at the Assembly Level. One thing to keep in mind: When using a Face Frame Style Construction Method, the Assemblies Door size is controlled by the Overlay that is set for the selected Hinge. Therefore, if you use Face Frame Construction and have Hinges that can be used with different plates that will change the overlay, you should create a new Hinge for each overlay possibility (in the  Material Manager ) and set up a different Hinge Material Schedule for each possibility as well."
        },
        {
            "type": "link",
            "data": {
                "text": "Material Manager",
                "uuid": "2fed939d-ba55-4f35-94da-993f0e1b392e",
                "description": "[Placeholder for AI-generated description]"
            }
        }
    ],
    "source_file": "CVEnglish_Essential\\System_Level\\Ribbonbar\\Main_Tab\\Catalogs_Group\\Material_Schedules\\MS_Hinges.htm",
    "version": "2024",
    "source_type": "help_file"
}