{
    "id": "1a64727d-4019-4e30-9c62-deaf7c8f212f",
    "title": "MS_Right_Click_Options",
    "content": [
        {
            "type": "text",
            "data": "Top \n > \n \n \n System Level \n > \n \n Ribbonbar \n > \n \n Main Tab \n > \n \n Catalogs Group \n > \n \n Material Schedule Manager \n > \n \n Right Click Options"
        },
        {
            "type": "text",
            "data": "Top \n >"
        },
        {
            "type": "text",
            "data": "System Level \n >"
        },
        {
            "type": "link",
            "data": {
                "text": "System Level",
                "uuid": "4450866f-fd9c-46df-abf3-7843c5a1ef37",
                "description": "[Placeholder for AI-generated description]"
            }
        },
        {
            "type": "text",
            "data": "Ribbonbar \n >"
        },
        {
            "type": "link",
            "data": {
                "text": "Ribbonbar",
                "uuid": "3bbac75c-2b61-42af-9bce-b90335e66dde",
                "description": "[Placeholder for AI-generated description]"
            }
        },
        {
            "type": "text",
            "data": "Main Tab \n >"
        },
        {
            "type": "link",
            "data": {
                "text": "Main Tab",
                "uuid": "3bbac75c-2b61-42af-9bce-b90335e66dde",
                "description": "[Placeholder for AI-generated description]"
            }
        },
        {
            "type": "text",
            "data": "Catalogs Group \n >"
        },
        {
            "type": "link",
            "data": {
                "text": "Catalogs Group",
                "uuid": "f4a43f08-b40b-442c-8f03-a96c2a64640f",
                "description": "[Placeholder for AI-generated description]"
            }
        },
        {
            "type": "text",
            "data": "Material Schedule Manager \n >"
        },
        {
            "type": "link",
            "data": {
                "text": "Material Schedule Manager",
                "uuid": "7a64057c-ee14-4724-b490-38009af08adb",
                "description": "[Placeholder for AI-generated description]"
            }
        },
        {
            "type": "text",
            "data": "Right Click Options"
        },
        {
            "type": "text",
            "data": "Right Click Options"
        },
        {
            "type": "text",
            "data": "Right Click Options"
        },
        {
            "type": "text",
            "data": "When Right Clicking on a Part, depending on its Part Type and the Material assigned to it you will have several Right Click options."
        },
        {
            "type": "text",
            "data": "Materials"
        },
        {
            "type": "image",
            "data": "image1.gif",
            "description": "[Placeholder for AI-generated description]"
        },
        {
            "type": "text",
            "data": "Match Parent Material -  This option allows you to match the Material of the Parent for the selected Line Item. If there is no Parent to the item this option is grayed out. \n \n \n Change Material in Multiple Schedules -  This option allows you to set the selected Parts Material in multiple Material Schedules simultaneously."
        },
        {
            "type": "text",
            "data": "Match Parent Material -  This option allows you to match the Material of the Parent for the selected Line Item. If there is no Parent to the item this option is grayed out."
        },
        {
            "type": "text",
            "data": "Match Parent Material -  This option allows you to match the Material of the Parent for the selected Line Item. If there is no Parent to the item this option is grayed out."
        },
        {
            "type": "text",
            "data": "Change Material in Multiple Schedules -  This option allows you to set the selected Parts Material in multiple Material Schedules simultaneously."
        },
        {
            "type": "text",
            "data": "Change Material in Multiple Schedules -  This option allows you to set the selected Parts Material in multiple Material Schedules simultaneously."
        },
        {
            "type": "image",
            "data": "image250.gif",
            "description": "[Placeholder for AI-generated description]"
        },
        {
            "type": "text",
            "data": "When entering the Change Material Utility you will see the active Part in the titlebar. You have several options here:"
        },
        {
            "type": "text",
            "data": "Set Material -  This option will automatically have the Material from the Part you used to enter the utility with. Simply click this Apply to change all selected Parts to this Material. \n \n \n Match Parent -  This option will allow you to change all the selected Parts to match their respective Parent's selected Material. \n \n \n Select -  This button allows you to select an alternate Material to \"Set Material\" on all the selected Parts \n \n \n \n \n Remove Material -  Removes the Material from the selected Part."
        },
        {
            "type": "text",
            "data": "Set Material -  This option will automatically have the Material from the Part you used to enter the utility with. Simply click this Apply to change all selected Parts to this Material. \n \n \n Match Parent -  This option will allow you to change all the selected Parts to match their respective Parent's selected Material. \n \n \n Select -  This button allows you to select an alternate Material to \"Set Material\" on all the selected Parts"
        },
        {
            "type": "text",
            "data": "Set Material -  This option will automatically have the Material from the Part you used to enter the utility with. Simply click this Apply to change all selected Parts to this Material. \n \n \n Match Parent -  This option will allow you to change all the selected Parts to match their respective Parent's selected Material. \n \n \n Select -  This button allows you to select an alternate Material to \"Set Material\" on all the selected Parts"
        },
        {
            "type": "text",
            "data": "Set Material -  This option will automatically have the Material from the Part you used to enter the utility with. Simply click this Apply to change all selected Parts to this Material."
        },
        {
            "type": "text",
            "data": "Set Material -  This option will automatically have the Material from the Part you used to enter the utility with. Simply click this Apply to change all selected Parts to this Material."
        },
        {
            "type": "text",
            "data": "Match Parent -  This option will allow you to change all the selected Parts to match their respective Parent's selected Material."
        },
        {
            "type": "text",
            "data": "Match Parent -  This option will allow you to change all the selected Parts to match their respective Parent's selected Material."
        },
        {
            "type": "text",
            "data": "Select -  This button allows you to select an alternate Material to \"Set Material\" on all the selected Parts"
        },
        {
            "type": "text",
            "data": "Select -  This button allows you to select an alternate Material to \"Set Material\" on all the selected Parts"
        },
        {
            "type": "text",
            "data": "Remove Material -  Removes the Material from the selected Part."
        },
        {
            "type": "text",
            "data": "Remove Material -  Removes the Material from the selected Part."
        },
        {
            "type": "text",
            "data": "Variable Sizing"
        },
        {
            "type": "image",
            "data": "image4.gif",
            "description": "[Placeholder for AI-generated description]"
        },
        {
            "type": "text",
            "data": "These options are available for Drawer Guides and Sliding Door Rails. See the  Drawer Guides  and/or the  Sliding Door Rails  topic for more information."
        },
        {
            "type": "link",
            "data": {
                "text": "Drawer Guides",
                "uuid": "8596e3db-054a-4eb9-b724-6b6fca567e27",
                "description": "[Placeholder for AI-generated description]"
            }
        },
        {
            "type": "link",
            "data": {
                "text": "Sliding Door Rails",
                "uuid": "1124e2f5-b1d8-49d7-a0ca-e7f455171ee7",
                "description": "[Placeholder for AI-generated description]"
            }
        }
    ],
    "source_file": "CVEnglish_Essential\\System_Level\\Ribbonbar\\Main_Tab\\Catalogs_Group\\Material_Schedules\\MS_Right_Click_Options.htm",
    "version": "2024",
    "source_type": "help_file"
}