{
    "id": "95ca88b0-9aa1-47d5-8308-a9544b6fbcc9",
    "title": "NIMAC_Ilenia",
    "content": [
        {
            "type": "text",
            "data": "NIMAC Ilenia"
        },
        {
            "type": "text",
            "data": "This is a  Panel Saw  Link."
        },
        {
            "type": "text",
            "data": "Saw output for NIMAC beam saws with the Ilenia controller"
        }
    ],
    "source_file": "NCEnglish_Optimizer\\Ribbonbar\\Main_Tab\\Machine\\NC_Links\\Saw_Links\\NIMAC_Ilenia.htm",
    "version": "2024",
    "source_type": "help_file"
}