{
    "id": "b7afe87e-14dc-42ba-a7e4-4a8b106f55f1",
    "title": "Offcut_Manager",
    "content": [
        {
            "type": "text",
            "data": "Offcut Manager"
        },
        {
            "type": "image",
            "data": "image373.png",
            "description": "[Placeholder for AI-generated description]"
        },
        {
            "type": "text",
            "data": "The Offcut Manager is used to manage the reuse of Offcuts. Offcuts are considered any scrap/waste from an Optimized Sheet, equal to or larger than the size set in the  Offcuts  Tab in Optimizer Parameters or the  Offcuts  Tab in Material Properties."
        },
        {
            "type": "link",
            "data": {
                "text": "Offcuts",
                "uuid": "8ac265cd-f6b2-43c8-a869-4225306ce090",
                "description": "[Placeholder for AI-generated description]"
            }
        },
        {
            "type": "text",
            "data": "Offcuts Tab"
        },
        {
            "type": "image",
            "data": "image510.png",
            "description": "[Placeholder for AI-generated description]"
        },
        {
            "type": "text",
            "data": "The Offcuts Tab display any Offcuts available for use in Jobs."
        },
        {
            "type": "text",
            "data": "If you are using a Material Handling System you can also select to Sync with it here."
        },
        {
            "type": "text",
            "data": "Following are the tools available in the toolbar:"
        },
        {
            "type": "image",
            "data": "image511.png",
            "description": "[Placeholder for AI-generated description]"
        },
        {
            "type": "text",
            "data": "Print -  Will Print the list of Offcuts."
        },
        {
            "type": "text",
            "data": "Filter -  Will allow you to Filter the Offcuts based on the field you select (Material, Width, Length, Qty) on the following conditions:"
        },
        {
            "type": "image",
            "data": "image512.png",
            "description": "[Placeholder for AI-generated description]"
        },
        {
            "type": "text",
            "data": "Equal to"
        },
        {
            "type": "text",
            "data": "Not Equal to"
        },
        {
            "type": "text",
            "data": "Contains"
        },
        {
            "type": "text",
            "data": "Does Not Contain"
        },
        {
            "type": "text",
            "data": "Remove Filter -  Will Remove the active Filter to show all Offcuts."
        },
        {
            "type": "text",
            "data": "Set Columns -  Allows you to enable/disable and reorganize the columns."
        },
        {
            "type": "image",
            "data": "image375.png",
            "description": "[Placeholder for AI-generated description]"
        },
        {
            "type": "text",
            "data": "In addition to controlling which items display you can also control the order in which the columns appear. Simply click and drag the item you want to move into its new position."
        },
        {
            "type": "text",
            "data": "Bins Tab"
        },
        {
            "type": "text",
            "data": "In previous Versions of the S2M CENTER it was a requirement to setup Bins for Offcuts. This is now not a requirement; all Offcuts, equal to or larger than the size set in the  Offcuts  Tab in Optimizer Parameters or the  Offcuts  Tab in Material Properties will now be stored when utilizing Update Offcuts from the Patterns View."
        },
        {
            "type": "image",
            "data": "Information.png",
            "description": "[Placeholder for AI-generated description]"
        },
        {
            "type": "link",
            "data": {
                "text": "Offcuts",
                "uuid": "8ac265cd-f6b2-43c8-a869-4225306ce090",
                "description": "[Placeholder for AI-generated description]"
            }
        },
        {
            "type": "image",
            "data": "image513.png",
            "description": "[Placeholder for AI-generated description]"
        },
        {
            "type": "text",
            "data": "The best way to explain Bins in the Offcut Manager is by example:"
        },
        {
            "type": "text",
            "data": "I would like to save any Off Cuts that I can get Standard Ends out of. Below are my standard End Sizes:"
        },
        {
            "type": "table",
            "data": {
                "headers": [
                    "Upper Cabinets",
                    "Standard Base Cabinets",
                    "Deep Base Cabinets"
                ],
                "rows": [
                    [
                        "300mm x 300mm",
                        "610mm x 725mm",
                        "760mm x 725mm"
                    ],
                    [
                        "300mm x 457mm",
                        "610mm x 825mm",
                        "760mm x 825mm"
                    ],
                    [
                        "300mm x 610mm",
                        "610mm x 875mm",
                        "760mm x 875mm"
                    ],
                    [
                        "300mm x 760mm",
                        "",
                        ""
                    ],
                    [
                        "300mm x 915mm",
                        "",
                        ""
                    ]
                ]
            }
        },
        {
            "type": "text",
            "data": "Upper Cabinets"
        },
        {
            "type": "text",
            "data": "Standard Base Cabinets"
        },
        {
            "type": "text",
            "data": "Deep Base Cabinets"
        },
        {
            "type": "text",
            "data": "300mm x 300mm"
        },
        {
            "type": "text",
            "data": "610mm x 725mm"
        },
        {
            "type": "text",
            "data": "760mm x 725mm"
        },
        {
            "type": "text",
            "data": "300mm x 457mm"
        },
        {
            "type": "text",
            "data": "610mm x 825mm"
        },
        {
            "type": "text",
            "data": "760mm x 825mm"
        },
        {
            "type": "text",
            "data": "300mm x 610mm"
        },
        {
            "type": "text",
            "data": "610mm x 875mm"
        },
        {
            "type": "text",
            "data": "760mm x 875mm"
        },
        {
            "type": "text",
            "data": "300mm x 760mm"
        },
        {
            "type": "text",
            "data": "300mm x 915mm"
        },
        {
            "type": "text",
            "data": "To save each of these sizes I would setup my Offcut Bins as below:"
        },
        {
            "type": "table",
            "data": {
                "headers": [
                    "Part Size",
                    "Length",
                    "To Length",
                    "Width",
                    "To Width"
                ],
                "rows": [
                    [
                        "300 x 300",
                        "300",
                        "456",
                        "300",
                        "609"
                    ],
                    [
                        "300 x 457",
                        "457",
                        "609",
                        "300",
                        "609"
                    ],
                    [
                        "300 x 610",
                        "610",
                        "759",
                        "300",
                        "609"
                    ],
                    [
                        "300 x 760",
                        "760",
                        "914",
                        "300",
                        "609"
                    ],
                    [
                        "300 x 915",
                        "915",
                        "2440",
                        "300",
                        "609"
                    ],
                    [
                        "610 x 725",
                        "725",
                        "824",
                        "610",
                        "759"
                    ],
                    [
                        "610 x 825",
                        "825",
                        "874",
                        "610",
                        "759"
                    ],
                    [
                        "610 x 875",
                        "875",
                        "2440",
                        "610",
                        "759"
                    ],
                    [
                        "760 x 725",
                        "725",
                        "824",
                        "760",
                        "1220"
                    ],
                    [
                        "760 x 825",
                        "825",
                        "874",
                        "760",
                        "1220"
                    ],
                    [
                        "760 x 875",
                        "875",
                        "2440",
                        "760",
                        "1220"
                    ]
                ]
            }
        },
        {
            "type": "text",
            "data": "Part Size"
        },
        {
            "type": "text",
            "data": "Length"
        },
        {
            "type": "text",
            "data": "To Length"
        },
        {
            "type": "text",
            "data": "Width"
        },
        {
            "type": "text",
            "data": "To Width"
        },
        {
            "type": "text",
            "data": "300 x 300"
        },
        {
            "type": "text",
            "data": "300"
        },
        {
            "type": "text",
            "data": "456"
        },
        {
            "type": "text",
            "data": "300"
        },
        {
            "type": "text",
            "data": "609"
        },
        {
            "type": "text",
            "data": "300 x 457"
        },
        {
            "type": "text",
            "data": "457"
        },
        {
            "type": "text",
            "data": "609"
        },
        {
            "type": "text",
            "data": "300"
        },
        {
            "type": "text",
            "data": "609"
        },
        {
            "type": "text",
            "data": "300 x 610"
        },
        {
            "type": "text",
            "data": "610"
        },
        {
            "type": "text",
            "data": "759"
        },
        {
            "type": "text",
            "data": "300"
        },
        {
            "type": "text",
            "data": "609"
        },
        {
            "type": "text",
            "data": "300 x 760"
        },
        {
            "type": "text",
            "data": "760"
        },
        {
            "type": "text",
            "data": "914"
        },
        {
            "type": "text",
            "data": "300"
        },
        {
            "type": "text",
            "data": "609"
        },
        {
            "type": "text",
            "data": "300 x 915"
        },
        {
            "type": "text",
            "data": "915"
        },
        {
            "type": "text",
            "data": "2440"
        },
        {
            "type": "text",
            "data": "300"
        },
        {
            "type": "text",
            "data": "609"
        },
        {
            "type": "text",
            "data": "610 x 725"
        },
        {
            "type": "text",
            "data": "725"
        },
        {
            "type": "text",
            "data": "824"
        },
        {
            "type": "text",
            "data": "610"
        },
        {
            "type": "text",
            "data": "759"
        },
        {
            "type": "text",
            "data": "610 x 825"
        },
        {
            "type": "text",
            "data": "825"
        },
        {
            "type": "text",
            "data": "874"
        },
        {
            "type": "text",
            "data": "610"
        },
        {
            "type": "text",
            "data": "759"
        },
        {
            "type": "text",
            "data": "610 x 875"
        },
        {
            "type": "text",
            "data": "875"
        },
        {
            "type": "text",
            "data": "2440"
        },
        {
            "type": "text",
            "data": "610"
        },
        {
            "type": "text",
            "data": "759"
        },
        {
            "type": "text",
            "data": "760 x 725"
        },
        {
            "type": "text",
            "data": "725"
        },
        {
            "type": "text",
            "data": "824"
        },
        {
            "type": "text",
            "data": "760"
        },
        {
            "type": "text",
            "data": "1220"
        },
        {
            "type": "text",
            "data": "760 x 825"
        },
        {
            "type": "text",
            "data": "825"
        },
        {
            "type": "text",
            "data": "874"
        },
        {
            "type": "text",
            "data": "760"
        },
        {
            "type": "text",
            "data": "1220"
        },
        {
            "type": "text",
            "data": "760 x 875"
        },
        {
            "type": "text",
            "data": "875"
        },
        {
            "type": "text",
            "data": "2440"
        },
        {
            "type": "text",
            "data": "760"
        },
        {
            "type": "text",
            "data": "1220"
        },
        {
            "type": "text",
            "data": "If we look at the first bin it is setup to capture Offcuts that I can cut my 300 x 300 Upper ends from. The way the Bin is setup with any Offcuts that are sized between 300 x 300 to 609 x 456 it is going to assign for this Bin. Basically if I go to this Bin it is going to have parts that range in a size that I can get my 300 x 300 parts out of. The parts in this bin maybe larger, say 575x 400, but the rule I am trying to establish is that it can be utilized in a future Optimization to get a 300 x 300 Upper end panel out of."
        },
        {
            "type": "text",
            "data": "The bins are setup to contain Offcuts of at least the minimum specified size - in other words they are used to group Offcuts into similar sized panel stock. If you have a number of Offcuts in a bin and want to add them to the optimization, the smallest size of the bin dimension is used for the material size. The bin is basically saying \"I have these pieces of material that are at least this size\". When you add Offcuts to the bins, it does not store the size of each part that gets added to the bin, it just increases a quantity of parts that are in a particular bin. So when adding the parts back to the Optimizer it uses the smallest dimensions of the bin. In other words a bin is a set of parts that are AT LEAST THIS SIZE even though some may have originally been bigger."
        },
        {
            "type": "text",
            "data": "You can also Print and Set Columns on the Bins tab."
        }
    ],
    "source_file": "NCEnglish\\Ribbonbar\\Utilities_Tab\\Offcut_Manager.htm",
    "version": "2024",
    "source_type": "help_file"
}