{
    "id": "c9660494-e3da-4985-b85a-8557590f2662",
    "title": "Omal_Frame",
    "content": [
        {
            "type": "text",
            "data": "Omal Frame"
        },
        {
            "type": "text",
            "data": "This is a Drill and Dowel Machine Link."
        },
        {
            "type": "text",
            "data": "Output for Omal Frame Machine. This machine can dowel edges and the back of the part. Output is one program per edge. Tools should be assigned to this machine then linked to an operation. Additional parameters are required in the tool catalog"
        }
    ],
    "source_file": "NCEnglish\\Ribbonbar\\Main_Tab\\Machine\\NC_Links\\Drill_and_Dowel_Links\\Omal_Frame.htm",
    "version": "2024",
    "source_type": "help_file"
}