{
    "id": "2109a79c-9cee-4102-8741-f28070f4093a",
    "title": "Omga_t_421-521",
    "content": [
        {
            "type": "text",
            "data": "Omga T 421/521"
        },
        {
            "type": "text",
            "data": "This is a Chop Saw Machine Link."
        },
        {
            "type": "text",
            "data": "Only selected parts made of board stock are output."
        },
        {
            "type": "text",
            "data": "File Protocol T 421/521 OPT"
        },
        {
            "type": "text",
            "data": "The Structure must be the following"
        },
        {
            "type": "text",
            "data": "S ; = start transmission \n \n \n \n \n P ; = cycle number (max 3 characters) \n \n \n : ; = (optional line) id , cycle alphanumeric name (max 8 characters) \n \n \n X ; = (optional line) n box ( max 3 characters) \n \n \n Y ; = (if first grade, optional line; if omitted, grade =1) grade values = only 1 or 2 \n \n \n Q...T ; = length (max 3 numbers+ 3 after the decimal sign), number of repetitions (Limit of 500 Records per File)"
        },
        {
            "type": "text",
            "data": "S ; = start transmission"
        },
        {
            "type": "text",
            "data": "S ; = start transmission"
        },
        {
            "type": "text",
            "data": "P ; = cycle number (max 3 characters) \n \n \n : ; = (optional line) id , cycle alphanumeric name (max 8 characters) \n \n \n X ; = (optional line) n box ( max 3 characters) \n \n \n Y ; = (if first grade, optional line; if omitted, grade =1) grade values = only 1 or 2 \n \n \n Q...T ; = length (max 3 numbers+ 3 after the decimal sign), number of repetitions (Limit of 500 Records per File)"
        },
        {
            "type": "text",
            "data": "P ; = cycle number (max 3 characters) \n \n \n : ; = (optional line) id , cycle alphanumeric name (max 8 characters) \n \n \n X ; = (optional line) n box ( max 3 characters) \n \n \n Y ; = (if first grade, optional line; if omitted, grade =1) grade values = only 1 or 2 \n \n \n Q...T ; = length (max 3 numbers+ 3 after the decimal sign), number of repetitions (Limit of 500 Records per File)"
        },
        {
            "type": "text",
            "data": "P ; = cycle number (max 3 characters)"
        },
        {
            "type": "text",
            "data": "P ; = cycle number (max 3 characters)"
        },
        {
            "type": "text",
            "data": ": ; = (optional line) id , cycle alphanumeric name (max 8 characters)"
        },
        {
            "type": "text",
            "data": ": ; = (optional line) id , cycle alphanumeric name (max 8 characters)"
        },
        {
            "type": "text",
            "data": "X ; = (optional line) n box ( max 3 characters)"
        },
        {
            "type": "text",
            "data": "X ; = (optional line) n box ( max 3 characters)"
        },
        {
            "type": "text",
            "data": "Y ; = (if first grade, optional line; if omitted, grade =1) grade values = only 1 or 2"
        },
        {
            "type": "text",
            "data": "Y ; = (if first grade, optional line; if omitted, grade =1) grade values = only 1 or 2"
        },
        {
            "type": "text",
            "data": "Q...T ; = length (max 3 numbers+ 3 after the decimal sign), number of repetitions (Limit of 500 Records per File)"
        },
        {
            "type": "text",
            "data": "Q...T ; = length (max 3 numbers+ 3 after the decimal sign), number of repetitions (Limit of 500 Records per File)"
        },
        {
            "type": "text",
            "data": "E ; = end transmission"
        },
        {
            "type": "text",
            "data": "E ; = end transmission"
        },
        {
            "type": "text",
            "data": "E ; = end transmission"
        },
        {
            "type": "text",
            "data": "The cycles sent as per above will be written in the programs memory with the same rules as function FUN1; therefore no cycle number grater than the next cycle available will be accepted."
        },
        {
            "type": "text",
            "data": "By transmitting cycle number already present in the controller, the cycle on the controller will be overwritten."
        },
        {
            "type": "text",
            "data": "IMPORTANT:"
        },
        {
            "type": "text",
            "data": "Because of programming restrictions it is necessary to:"
        },
        {
            "type": "text",
            "data": "close each line with a semi-colon; \n \n \n start the line with the character identifying the data that will follow (see above) \n \n \n use only UPPER-CASE characters for the letters preceding the data on each line"
        },
        {
            "type": "text",
            "data": "close each line with a semi-colon;"
        },
        {
            "type": "text",
            "data": "close each line with a semi-colon;"
        },
        {
            "type": "text",
            "data": "start the line with the character identifying the data that will follow (see above)"
        },
        {
            "type": "text",
            "data": "start the line with the character identifying the data that will follow (see above)"
        },
        {
            "type": "text",
            "data": "use only UPPER-CASE characters for the letters preceding the data on each line"
        },
        {
            "type": "text",
            "data": "use only UPPER-CASE characters for the letters preceding the data on each line"
        },
        {
            "type": "text",
            "data": "Example of ASCII file with unit of measure Inches (controller memory empty) :"
        },
        {
            "type": "table",
            "data": {
                "headers": [
                    "S",
                    ";start transmission"
                ],
                "rows": [
                    [
                        "",
                        ""
                    ],
                    [
                        "P1",
                        ";cycle #1"
                    ],
                    [
                        ":first",
                        ";id = first"
                    ],
                    [
                        "X1",
                        ";box # =1"
                    ],
                    [
                        "Y1",
                        ";grade 1"
                    ],
                    [
                        "Q25.125 T5",
                        ";piece length =25 1/8 , Number of pieces (repetitions) 5"
                    ],
                    [
                        "",
                        ""
                    ],
                    [
                        "P2",
                        ";cycle #2"
                    ],
                    [
                        "Q12.500 T8",
                        ";piece length =12 1/2 , Number of pieces (repetitions) 8"
                    ],
                    [
                        "",
                        ""
                    ],
                    [
                        "P2",
                        ";cycle #2"
                    ],
                    [
                        "Y2",
                        ";grade 2"
                    ],
                    [
                        "Q10.750 T10",
                        ";piece length =10 3/4 , Number of pieces (repetitions) 10"
                    ],
                    [
                        "",
                        ""
                    ],
                    [
                        "P3",
                        ";cycle #3"
                    ],
                    [
                        "Q30.750 T12",
                        ";piece length =30 3/4 , Number of pieces (repetitions) 12"
                    ],
                    [
                        "Q15.500 T5",
                        ";piece length =15 1/2 , Number of pieces (repetitions) 5"
                    ],
                    [
                        "",
                        ""
                    ],
                    [
                        "E",
                        ";end transmission"
                    ]
                ]
            }
        },
        {
            "type": "text",
            "data": "S"
        },
        {
            "type": "text",
            "data": ";start transmission"
        },
        {
            "type": "text",
            "data": "P1"
        },
        {
            "type": "text",
            "data": ";cycle #1"
        },
        {
            "type": "text",
            "data": ":first"
        },
        {
            "type": "text",
            "data": ";id = first"
        },
        {
            "type": "text",
            "data": "X1"
        },
        {
            "type": "text",
            "data": ";box # =1"
        },
        {
            "type": "text",
            "data": "Y1"
        },
        {
            "type": "text",
            "data": ";grade 1"
        },
        {
            "type": "text",
            "data": "Q25.125 T5"
        },
        {
            "type": "text",
            "data": ";piece length =25 1/8 , Number of pieces (repetitions) 5"
        },
        {
            "type": "text",
            "data": "P2"
        },
        {
            "type": "text",
            "data": ";cycle #2"
        },
        {
            "type": "text",
            "data": "Q12.500 T8"
        },
        {
            "type": "text",
            "data": ";piece length =12 1/2 , Number of pieces (repetitions) 8"
        },
        {
            "type": "text",
            "data": "P2"
        },
        {
            "type": "text",
            "data": ";cycle #2"
        },
        {
            "type": "text",
            "data": "Y2"
        },
        {
            "type": "text",
            "data": ";grade 2"
        },
        {
            "type": "text",
            "data": "Q10.750 T10"
        },
        {
            "type": "text",
            "data": ";piece length =10 3/4 , Number of pieces (repetitions) 10"
        },
        {
            "type": "text",
            "data": "P3"
        },
        {
            "type": "text",
            "data": ";cycle #3"
        },
        {
            "type": "text",
            "data": "Q30.750 T12"
        },
        {
            "type": "text",
            "data": ";piece length =30 3/4 , Number of pieces (repetitions) 12"
        },
        {
            "type": "text",
            "data": "Q15.500 T5"
        },
        {
            "type": "text",
            "data": ";piece length =15 1/2 , Number of pieces (repetitions) 5"
        },
        {
            "type": "text",
            "data": "E"
        },
        {
            "type": "text",
            "data": ";end transmission"
        },
        {
            "type": "text",
            "data": "Note 1:   new cycles begin each time the Material or Width changes"
        },
        {
            "type": "text",
            "data": "Note 2:  in order to make the data sequence more understandable, it is allowed to:"
        },
        {
            "type": "text",
            "data": "insert blank lines in between the data lines \n \n \n insert spaces (only after the numbers and not the TAB character) \n \n \n insert comments on each line after the semi-colon ; character"
        },
        {
            "type": "text",
            "data": "insert blank lines in between the data lines"
        },
        {
            "type": "text",
            "data": "insert blank lines in between the data lines"
        },
        {
            "type": "text",
            "data": "insert spaces (only after the numbers and not the TAB character)"
        },
        {
            "type": "text",
            "data": "insert spaces (only after the numbers and not the TAB character)"
        },
        {
            "type": "text",
            "data": "insert comments on each line after the semi-colon ; character"
        },
        {
            "type": "text",
            "data": "insert comments on each line after the semi-colon ; character"
        },
        {
            "type": "text",
            "data": "Note 3:  the unit of measures will be the one selected on the controller with the UN_MIS parameter"
        },
        {
            "type": "text",
            "data": "Note 4:  by not transmitting the optional lines those field will be set to ZERO (i.e. ID, width, box, grade)."
        }
    ],
    "source_file": "NCEnglish\\Ribbonbar\\Main_Tab\\Machine\\NC_Links\\Chop_Saw_Links\\Omga_t_421-521.htm",
    "version": "2024",
    "source_type": "help_file"
}