{
    "id": "943c32a7-4ef7-47da-8a4b-c02b9c06626a",
    "title": "Pan_My_View_Around",
    "content": [
        {
            "type": "text",
            "data": "Pan My View Around"
        },
        {
            "type": "text",
            "data": "How can I Pan in different directions?"
        },
        {
            "type": "text",
            "data": "Drag (Click and hold) the Scroll Wheel around the View."
        },
        {
            "type": "text",
            "data": "OR"
        },
        {
            "type": "text",
            "data": "Once you are zoomed in on an object, move the mouse in the direction you'd like to Pan and hit the Space bar. The zoomed in scene will Pan centered on where the mouse was located on the screen."
        }
    ],
    "source_file": "CVEnglish_Essential\\Tips_Tricks_&_FAQs\\FAQs\\HDI-Layout\\Pan_My_View_Around.htm",
    "version": "2024",
    "source_type": "help_file"
}