{
    "id": "2540414e-6a90-4d5c-8cbf-359801fe1e75",
    "title": "Part_Library",
    "content": [
        {
            "type": "text",
            "data": "Part Library"
        },
        {
            "type": "image",
            "data": "image278.png",
            "description": "[Placeholder for AI-generated description]"
        },
        {
            "type": "text",
            "data": "The Add Library Parts option allows you to add Parts you have saved into your Part Library into your current Job. To Add a Part simply highlight it in the list and click the Add button. There are several other options here."
        },
        {
            "type": "image",
            "data": "image469.png",
            "description": "[Placeholder for AI-generated description]"
        },
        {
            "type": "text",
            "data": "Toolbar"
        },
        {
            "type": "image",
            "data": "image470.png",
            "description": "[Placeholder for AI-generated description]"
        },
        {
            "type": "text",
            "data": "There are 4 options in the toolbar:"
        },
        {
            "type": "text",
            "data": "New  - Creates a new Folder. \n \n \n   Copy  - Copies the selected folder and its contents. \n \n \n   Rename  - Allows you to rename the selected folder. \n \n \n   Delete  - Deletes the selected Folder. Be careful once a folder is deleted it can not be restored."
        },
        {
            "type": "text",
            "data": "New  - Creates a new Folder."
        },
        {
            "type": "text",
            "data": "New  - Creates a new Folder."
        },
        {
            "type": "image",
            "data": "image471.png",
            "description": "[Placeholder for AI-generated description]"
        },
        {
            "type": "text",
            "data": "Copy  - Copies the selected folder and its contents."
        },
        {
            "type": "text",
            "data": "Copy  - Copies the selected folder and its contents."
        },
        {
            "type": "image",
            "data": "image472.png",
            "description": "[Placeholder for AI-generated description]"
        },
        {
            "type": "text",
            "data": "Rename  - Allows you to rename the selected folder."
        },
        {
            "type": "text",
            "data": "Rename  - Allows you to rename the selected folder."
        },
        {
            "type": "image",
            "data": "image473.png",
            "description": "[Placeholder for AI-generated description]"
        },
        {
            "type": "text",
            "data": "Delete  - Deletes the selected Folder. Be careful once a folder is deleted it can not be restored."
        },
        {
            "type": "text",
            "data": "Delete  - Deletes the selected Folder. Be careful once a folder is deleted it can not be restored."
        },
        {
            "type": "image",
            "data": "image474.png",
            "description": "[Placeholder for AI-generated description]"
        },
        {
            "type": "text",
            "data": "Other Options"
        },
        {
            "type": "text",
            "data": "Quantity  - Prior to clicking Add you can set a Quantity for the currently selected Part. \n \n \n Overmake  - This field allows you to set how many extra of these Parts can be made if they will fit on a sheet. It will try to get these without a adding an additional sheet to your Nest. If an additional Sheet is required to get them it will not produce them. \n \n \n Material  - Select which Material you want the selected part out of. \n \n \n Orientation  - If the Material you selected is defined as a one sided Material this option allows you to tell the S2M CENTERwhich Face you want the Primary Operations performed on."
        },
        {
            "type": "text",
            "data": "Quantity  - Prior to clicking Add you can set a Quantity for the currently selected Part."
        },
        {
            "type": "text",
            "data": "Quantity  - Prior to clicking Add you can set a Quantity for the currently selected Part."
        },
        {
            "type": "text",
            "data": "Overmake  - This field allows you to set how many extra of these Parts can be made if they will fit on a sheet. It will try to get these without a adding an additional sheet to your Nest. If an additional Sheet is required to get them it will not produce them."
        },
        {
            "type": "text",
            "data": "Overmake  - This field allows you to set how many extra of these Parts can be made if they will fit on a sheet. It will try to get these without a adding an additional sheet to your Nest. If an additional Sheet is required to get them it will not produce them."
        },
        {
            "type": "text",
            "data": "Material  - Select which Material you want the selected part out of."
        },
        {
            "type": "text",
            "data": "Material  - Select which Material you want the selected part out of."
        },
        {
            "type": "text",
            "data": "Orientation  - If the Material you selected is defined as a one sided Material this option allows you to tell the S2M CENTERwhich Face you want the Primary Operations performed on."
        },
        {
            "type": "text",
            "data": "Orientation  - If the Material you selected is defined as a one sided Material this option allows you to tell the S2M CENTERwhich Face you want the Primary Operations performed on."
        }
    ],
    "source_file": "NCEnglish\\Ribbonbar\\Main_Tab\\Part_Library.htm",
    "version": "2024",
    "source_type": "help_file"
}