{
    "id": "391c650b-dead-426f-8e9e-e8432a8881fa",
    "title": "Patterns_Print",
    "content": [
        {
            "type": "text",
            "data": "Print"
        },
        {
            "type": "image",
            "data": "image813.gif",
            "description": "[Placeholder for AI-generated description]"
        },
        {
            "type": "text",
            "data": "When viewing Patterns this Tool will allow printing of Pattern diagrams \n for your Machine Operator which includes a graphic representation of the \n Pattern and a list of Parts."
        }
    ],
    "source_file": "NCEnglish_Optimizer\\Introduction\\The_S2M_Center_Optimizer\\Patterns_Print.htm",
    "version": "2024",
    "source_type": "help_file"
}