{
    "id": "c7d24c73-198e-4297-8d24-4fd792fffa81",
    "title": "Place_Shoe_Mold_Around_My_Cabinets",
    "content": [
        {
            "type": "text",
            "data": "Place Shoe Mold Around My Cabinets"
        },
        {
            "type": "text",
            "data": "How do I place shoe mold around my Base and Tall Cabinets?"
        },
        {
            "type": "text",
            "data": "Base Molding can only be applied from the Floor Plan view:"
        },
        {
            "type": "text",
            "data": "Go to Floor Plan. \n \n \n Click on the  Molding  button in the sidebar. \n \n \n Click on Crown to show the drop down arrow and change the type to Base. \n \n \n Set your  Snap Points  to snap to Object Points. \n \n \n Click on  New Molding  to place your molding as you need it."
        },
        {
            "type": "text",
            "data": "Go to Floor Plan."
        },
        {
            "type": "text",
            "data": "Go to Floor Plan."
        },
        {
            "type": "text",
            "data": "Click on the  Molding  button in the sidebar."
        },
        {
            "type": "text",
            "data": "Click on the  Molding  button in the sidebar."
        },
        {
            "type": "link",
            "data": {
                "text": "Molding",
                "uuid": "b8bb4542-a70d-4527-b271-0e12a5c01e12",
                "description": "[Placeholder for AI-generated description]"
            }
        },
        {
            "type": "text",
            "data": "Click on Crown to show the drop down arrow and change the type to Base."
        },
        {
            "type": "text",
            "data": "Click on Crown to show the drop down arrow and change the type to Base."
        },
        {
            "type": "text",
            "data": "Set your  Snap Points  to snap to Object Points."
        },
        {
            "type": "text",
            "data": "Set your  Snap Points  to snap to Object Points."
        },
        {
            "type": "link",
            "data": {
                "text": "Snap Points",
                "uuid": "ab1790c8-4275-4839-a647-d5a131c27144",
                "description": "[Placeholder for AI-generated description]"
            }
        },
        {
            "type": "text",
            "data": "Click on  New Molding  to place your molding as you need it."
        },
        {
            "type": "text",
            "data": "Click on  New Molding  to place your molding as you need it."
        },
        {
            "type": "link",
            "data": {
                "text": "New Molding",
                "uuid": "b8bb4542-a70d-4527-b271-0e12a5c01e12",
                "description": "[Placeholder for AI-generated description]"
            }
        }
    ],
    "source_file": "CVEnglish_Essential\\Tips_Tricks_&_FAQs\\FAQs\\HDI-Layout\\Place_Shoe_Mold_Around_My_Cabinets.htm",
    "version": "2024",
    "source_type": "help_file"
}