{
    "id": "5eaa63d4-3483-49c7-9fac-1254c23893d0",
    "title": "Plywood_Door",
    "content": [
        {
            "type": "text",
            "data": "Creating a Plywood Door"
        },
        {
            "type": "text",
            "data": "Click on the \"Create A New Door Style\" tool. \n \n \n Name the Door. \n \n \n Select a Category to store the Door on, use the \"Slab\" category. \n \n \n Click on the \"Construction\" tab. \n \n \n Click in the middle of the Door and select \"Slab\" as the panel type for this Door. \n \n \n Check the Door panel size it should match the size of the sample Door. \n \n \n Click on the \"Profiles\" tab and select the appropriate Profiles to use with this Door. \n \n \n Click on the \"Materials\" tab and select the appropriate Material Schedules to use with this Door. Be sure to select Material Schedules that have the correct Material selected for \"Slab\"."
        },
        {
            "type": "text",
            "data": "Click on the \"Create A New Door Style\" tool."
        },
        {
            "type": "text",
            "data": "Click on the \"Create A New Door Style\" tool."
        },
        {
            "type": "text",
            "data": "Name the Door."
        },
        {
            "type": "text",
            "data": "Name the Door."
        },
        {
            "type": "text",
            "data": "Select a Category to store the Door on, use the \"Slab\" category."
        },
        {
            "type": "text",
            "data": "Select a Category to store the Door on, use the \"Slab\" category."
        },
        {
            "type": "text",
            "data": "Click on the \"Construction\" tab."
        },
        {
            "type": "text",
            "data": "Click on the \"Construction\" tab."
        },
        {
            "type": "text",
            "data": "Click in the middle of the Door and select \"Slab\" as the panel type for this Door."
        },
        {
            "type": "text",
            "data": "Click in the middle of the Door and select \"Slab\" as the panel type for this Door."
        },
        {
            "type": "text",
            "data": "Check the Door panel size it should match the size of the sample Door."
        },
        {
            "type": "text",
            "data": "Check the Door panel size it should match the size of the sample Door."
        },
        {
            "type": "text",
            "data": "Click on the \"Profiles\" tab and select the appropriate Profiles to use with this Door."
        },
        {
            "type": "text",
            "data": "Click on the \"Profiles\" tab and select the appropriate Profiles to use with this Door."
        },
        {
            "type": "text",
            "data": "Click on the \"Materials\" tab and select the appropriate Material Schedules to use with this Door. Be sure to select Material Schedules that have the correct Material selected for \"Slab\"."
        },
        {
            "type": "text",
            "data": "Click on the \"Materials\" tab and select the appropriate Material Schedules to use with this Door. Be sure to select Material Schedules that have the correct Material selected for \"Slab\"."
        }
    ],
    "source_file": "CVEnglish_Essential\\Tips_Tricks_&_FAQs\\The_Door_Catalog\\Sample_Door_Types\\Plywood_Door.htm",
    "version": "2024",
    "source_type": "help_file"
}