{
    "id": "0f13443c-8516-4846-9049-43cfe39ad7d2",
    "title": "Real-Time_Labeling",
    "content": [
        {
            "type": "text",
            "data": "Real-Time Labeling"
        },
        {
            "type": "text",
            "data": "When using Real-Time Labeling on your Machine (On Board Machine Labeling Solution). Following are the available Label Applicator Machines:"
        },
        {
            "type": "text",
            "data": "None"
        },
        {
            "type": "text",
            "data": "Use this option if you are not driving the Label Applicator from the S2M CENTER."
        },
        {
            "type": "text",
            "data": "Anderson"
        },
        {
            "type": "text",
            "data": "A proprietary output produced for Anderson Machines. The Anderson output consists of the following elements:"
        },
        {
            "type": "text",
            "data": "The NC Code for the nest \n \n \n An *.lpf file for each NC Code file. This indicates the label position, based on the center of the label for each part and a rotation flag (1=0, 2=90, 3=180, 4=270). The Anderson machine has the ability to rotate the label 90 degrees so all labels images are output rotated either 0 or 180. The rotation flag then instructs the machine if it should rotate an additional 90 to cover the 90 and 270. \n \n \n An *.csv file for each NC Code file. The *.csv file contains additional part information that cab be place on the label. Look to the .CSV File section of this topic for a field map. \n \n \n An *.zpl file for each part that contains the part graphic."
        },
        {
            "type": "text",
            "data": "The NC Code for the nest"
        },
        {
            "type": "text",
            "data": "The NC Code for the nest"
        },
        {
            "type": "text",
            "data": "An *.lpf file for each NC Code file. This indicates the label position, based on the center of the label for each part and a rotation flag (1=0, 2=90, 3=180, 4=270). The Anderson machine has the ability to rotate the label 90 degrees so all labels images are output rotated either 0 or 180. The rotation flag then instructs the machine if it should rotate an additional 90 to cover the 90 and 270."
        },
        {
            "type": "text",
            "data": "An *.lpf file for each NC Code file. This indicates the label position, based on the center of the label for each part and a rotation flag (1=0, 2=90, 3=180, 4=270). The Anderson machine has the ability to rotate the label 90 degrees so all labels images are output rotated either 0 or 180. The rotation flag then instructs the machine if it should rotate an additional 90 to cover the 90 and 270."
        },
        {
            "type": "text",
            "data": "An *.csv file for each NC Code file. The *.csv file contains additional part information that cab be place on the label. Look to the .CSV File section of this topic for a field map."
        },
        {
            "type": "text",
            "data": "An *.csv file for each NC Code file. The *.csv file contains additional part information that cab be place on the label. Look to the .CSV File section of this topic for a field map."
        },
        {
            "type": "text",
            "data": "An *.zpl file for each part that contains the part graphic."
        },
        {
            "type": "text",
            "data": "An *.zpl file for each part that contains the part graphic."
        },
        {
            "type": "text",
            "data": "The *.anc (Nc Code) *.lpf and *.csv file should all have the same file name. For example: r0201001.arb, r0201001.lpf, r0201001.csv"
        },
        {
            "type": "text",
            "data": "Biesse"
        },
        {
            "type": "text",
            "data": "A proprietary output produced for Biesse Machines. The Biesse output is much simpler than the Anderson. Unlike the Anderson there is not additional part data that needs to be output; they will rely completely on the Label IT image."
        },
        {
            "type": "text",
            "data": "The .arb (Biesse Nc Code Files) will be modified after they are processed by adding an addition section for the label position and zpl names as follows:"
        },
        {
            "type": "text",
            "data": "[CUSTOMSEZ01]"
        },
        {
            "type": "text",
            "data": "<LABEL>"
        },
        {
            "type": "text",
            "data": "PEZZO=1"
        },
        {
            "type": "text",
            "data": "X=100"
        },
        {
            "type": "text",
            "data": "Y=200"
        },
        {
            "type": "text",
            "data": "STRCUST=C:\\LBL\\"
        },
        {
            "type": "text",
            "data": "FILERIS=R01P0001.ZPL"
        },
        {
            "type": "text",
            "data": "PEZZO=2"
        },
        {
            "type": "text",
            "data": "X=200"
        },
        {
            "type": "text",
            "data": "Y=200"
        },
        {
            "type": "text",
            "data": "STRCUST=C:\\LBL\\"
        },
        {
            "type": "text",
            "data": "FILERIS= R01P0002.ZPL"
        },
        {
            "type": "text",
            "data": "</LABEL>"
        },
        {
            "type": "text",
            "data": "%"
        },
        {
            "type": "text",
            "data": "[]"
        },
        {
            "type": "text",
            "data": "In addition the [PARAMETRI01] section will need to be modified to include:"
        },
        {
            "type": "text",
            "data": "ETC=1 KE=1024"
        },
        {
            "type": "text",
            "data": "Excerpt from Biesse Setup Documentation"
        },
        {
            "type": "text",
            "data": "ETC parameter must be set to 1 when the panel labeling must be performed using the information written in section CUSTOMSEZ01. If the parameter is set to 0, the PC will ignore the information contained in this section, even if it contains some values. When the  ETC  parameter is set to  1 , it affects the value  KE , which changes from  0  to  1024 . Section  CUSTOMSEZ01  contains the information regarding the labeling operation. This section must starts with  <LABEL>  and ends with  </LABEL> . Each label to be sticked must be described in the program and the description must contain the following information:"
        },
        {
            "type": "text",
            "data": "PIECE"
        },
        {
            "type": "text",
            "data": "X"
        },
        {
            "type": "text",
            "data": "Y"
        },
        {
            "type": "text",
            "data": "STRCUST"
        },
        {
            "type": "text",
            "data": "FILERIS"
        },
        {
            "type": "text",
            "data": "The field  PIECE  is a progressive number of the label, i.e.: PEZZO=1 Field  X  is the position, along the X axis, where the label must be sticked (its number is in the  PIECE  field). It refers to the reference point of the applicator (the offset set in the field max_lung of the tool is added and shows the label used), for example: X=123,75 Field  Y  is the position, along the Y axis, where the label must be sticked (its number is in the  PIECE  field). It refers to the reference point of the applicator (the offset set in the field max_diam of the tool is added and shows the label used), for example: Y=361,84 The field  STRCUST  must show the complete path where the  watcher  will find the label file to print, i.e.: STRCUST=C:\\ETC\\ The field  FILERIS  must show the label file name that the watcher will find to print, i.e.: STRCUST=LABEL01.PRN"
        },
        {
            "type": "text",
            "data": "Biesse CIX"
        },
        {
            "type": "text",
            "data": "A proprietary output produced for Biesse Machines using CIX."
        },
        {
            "type": "text",
            "data": "Robotic Automation"
        },
        {
            "type": "text",
            "data": "A proprietary output produced for Robotic Automation Machines."
        },
        {
            "type": "text",
            "data": "S2M Labeling"
        },
        {
            "type": "text",
            "data": "A generic format exported by the S2M CENTER format which can be used by some machines. Following are the specifications for the S2M Labeling Output."
        },
        {
            "type": "text",
            "data": "There are 3 files output using this solution:"
        },
        {
            "type": "text",
            "data": ".LPT"
        },
        {
            "type": "text",
            "data": "This is a reinterpretation of the data in the .PLP (which is essentially raw label position) to the position based on the machines Point of Origin. For that reason the .LPT file is probably more useful than the .PLP file since no data needs to be transformed."
        },
        {
            "type": "text",
            "data": ".PLP"
        },
        {
            "type": "text",
            "data": "The .PLP is a self-documented text file. Here is a sample:"
        },
        {
            "type": "text",
            "data": "Planit Label Positions - Version 3.0 Format: PanelLayoutID, PartID, XPos, YPos, Rotation x 90"
        },
        {
            "type": "text",
            "data": "1,8,26.7248031496063,-6.25000000000003,0"
        },
        {
            "type": "text",
            "data": "3,36,55.4496061496063,-6.25000000000003,0"
        },
        {
            "type": "text",
            "data": "2,35,26.7248031496063,-6.25000000000003,0"
        },
        {
            "type": "text",
            "data": ".CSV"
        },
        {
            "type": "table",
            "data": {
                "headers": [
                    "1",
                    "PartIndex",
                    "32",
                    "PartHorMachineID",
                    "63",
                    "CustAddress"
                ],
                "rows": [
                    [
                        "2",
                        "PartID",
                        "33",
                        "PartCutMachineID",
                        "64",
                        "CustCity"
                    ],
                    [
                        "3",
                        "PartQty",
                        "34",
                        "PartHasBanding",
                        "65",
                        "CustState"
                    ],
                    [
                        "4",
                        "PartName",
                        "35",
                        "PartBanding",
                        "66",
                        "CustZip"
                    ],
                    [
                        "5",
                        "PartInternalName",
                        "36",
                        "PartBandingCode",
                        "67",
                        "CustContact"
                    ],
                    [
                        "6",
                        "PartWidthString",
                        "37",
                        "PartBandingFlags",
                        "68",
                        "CustEmail"
                    ],
                    [
                        "7",
                        "PartLengthString",
                        "38",
                        "PartIntBandBarCode",
                        "69",
                        "CustFax"
                    ],
                    [
                        "8",
                        "PartWidth",
                        "39",
                        "PartExtBandBarCode",
                        "70",
                        "CustPhone"
                    ],
                    [
                        "9",
                        "PartLength",
                        "40",
                        "PartFinishFace",
                        "71",
                        "CustMobile"
                    ],
                    [
                        "10",
                        "PartZplName(0,90)",
                        "41",
                        "PartFinishBack",
                        "72",
                        "DateMeasure"
                    ],
                    [
                        "11",
                        "PartZplName(180,270)",
                        "42",
                        "PartFinishEdge",
                        "73",
                        "DateDetail"
                    ],
                    [
                        "12",
                        "PartComment",
                        "43",
                        "PartImageName",
                        "74",
                        "DateProduction"
                    ],
                    [
                        "13",
                        "PartPrimaryEdge",
                        "44",
                        "RoomID",
                        "75",
                        "DateDelivery"
                    ],
                    [
                        "14",
                        "PartMirror",
                        "45",
                        "RoomName",
                        "76",
                        "DateDeposit"
                    ],
                    [
                        "15",
                        "PartFrProgram",
                        "46",
                        "AssemblyID",
                        "77",
                        "DateInstall"
                    ],
                    [
                        "16",
                        "PartBaProgram",
                        "47",
                        "AssemblyNumber",
                        "78",
                        "DateFinalPayment"
                    ],
                    [
                        "17",
                        "PartFrMirror",
                        "48",
                        "AssemblyName",
                        "79",
                        "MaterialID"
                    ],
                    [
                        "18",
                        "PartBaMirror",
                        "49",
                        "AssemblyWidth",
                        "80",
                        "MatDBID"
                    ],
                    [
                        "19",
                        "PartFrBarCode",
                        "50",
                        "AssemblyHeight",
                        "81",
                        "MatPatNo"
                    ],
                    [
                        "20",
                        "PartBaBarCode",
                        "51",
                        "AssemblyDepth",
                        "82",
                        "MatPartIndex"
                    ],
                    [
                        "21",
                        "PartFrWorkZone",
                        "52",
                        "AssemblyWallNo",
                        "83",
                        "MatPatIndex"
                    ],
                    [
                        "22",
                        "PartBaWorkZone",
                        "53",
                        "AssemblyClass",
                        "84",
                        "MatName"
                    ],
                    [
                        "23",
                        "PartLeBarCode",
                        "54",
                        "AssemblyType",
                        "85",
                        "MatWidth"
                    ],
                    [
                        "24",
                        "PartRiBarCode",
                        "55",
                        "AssemblyDescription",
                        "86",
                        "MatLength"
                    ],
                    [
                        "25",
                        "PartToBarCode",
                        "56",
                        "AssemblyComment",
                        "87",
                        "MatThick"
                    ],
                    [
                        "26",
                        "PartBoBarCode",
                        "57",
                        "JobID",
                        "88",
                        "MatGrain"
                    ],
                    [
                        "27",
                        "PartShaped",
                        "58",
                        "JobName",
                        "89",
                        "MatTextureFace"
                    ],
                    [
                        "28",
                        "PartGangBore",
                        "59",
                        "JobDescription",
                        "90",
                        "MatTextureBack"
                    ],
                    [
                        "29",
                        "PartHorizontalBore",
                        "60",
                        "JobComments",
                        "91",
                        "MatTextureEdge"
                    ],
                    [
                        "30",
                        "PartPriMachineID",
                        "61",
                        "JobFilePath",
                        "",
                        ""
                    ],
                    [
                        "31",
                        "PartSecMachineID",
                        "62",
                        "CustName",
                        "",
                        ""
                    ]
                ]
            }
        },
        {
            "type": "text",
            "data": "1"
        },
        {
            "type": "text",
            "data": "PartIndex"
        },
        {
            "type": "text",
            "data": "32"
        },
        {
            "type": "text",
            "data": "PartHorMachineID"
        },
        {
            "type": "text",
            "data": "63"
        },
        {
            "type": "text",
            "data": "CustAddress"
        },
        {
            "type": "text",
            "data": "2"
        },
        {
            "type": "text",
            "data": "PartID"
        },
        {
            "type": "text",
            "data": "33"
        },
        {
            "type": "text",
            "data": "PartCutMachineID"
        },
        {
            "type": "text",
            "data": "64"
        },
        {
            "type": "text",
            "data": "CustCity"
        },
        {
            "type": "text",
            "data": "3"
        },
        {
            "type": "text",
            "data": "PartQty"
        },
        {
            "type": "text",
            "data": "34"
        },
        {
            "type": "text",
            "data": "PartHasBanding"
        },
        {
            "type": "text",
            "data": "65"
        },
        {
            "type": "text",
            "data": "CustState"
        },
        {
            "type": "text",
            "data": "4"
        },
        {
            "type": "text",
            "data": "PartName"
        },
        {
            "type": "text",
            "data": "35"
        },
        {
            "type": "text",
            "data": "PartBanding"
        },
        {
            "type": "text",
            "data": "66"
        },
        {
            "type": "text",
            "data": "CustZip"
        },
        {
            "type": "text",
            "data": "5"
        },
        {
            "type": "text",
            "data": "PartInternalName"
        },
        {
            "type": "text",
            "data": "36"
        },
        {
            "type": "text",
            "data": "PartBandingCode"
        },
        {
            "type": "text",
            "data": "67"
        },
        {
            "type": "text",
            "data": "CustContact"
        },
        {
            "type": "text",
            "data": "6"
        },
        {
            "type": "text",
            "data": "PartWidthString"
        },
        {
            "type": "text",
            "data": "37"
        },
        {
            "type": "text",
            "data": "PartBandingFlags"
        },
        {
            "type": "text",
            "data": "68"
        },
        {
            "type": "text",
            "data": "CustEmail"
        },
        {
            "type": "text",
            "data": "7"
        },
        {
            "type": "text",
            "data": "PartLengthString"
        },
        {
            "type": "text",
            "data": "38"
        },
        {
            "type": "text",
            "data": "PartIntBandBarCode"
        },
        {
            "type": "text",
            "data": "69"
        },
        {
            "type": "text",
            "data": "CustFax"
        },
        {
            "type": "text",
            "data": "8"
        },
        {
            "type": "text",
            "data": "PartWidth"
        },
        {
            "type": "text",
            "data": "39"
        },
        {
            "type": "text",
            "data": "PartExtBandBarCode"
        },
        {
            "type": "text",
            "data": "70"
        },
        {
            "type": "text",
            "data": "CustPhone"
        },
        {
            "type": "text",
            "data": "9"
        },
        {
            "type": "text",
            "data": "PartLength"
        },
        {
            "type": "text",
            "data": "40"
        },
        {
            "type": "text",
            "data": "PartFinishFace"
        },
        {
            "type": "text",
            "data": "71"
        },
        {
            "type": "text",
            "data": "CustMobile"
        },
        {
            "type": "text",
            "data": "10"
        },
        {
            "type": "text",
            "data": "PartZplName(0,90)"
        },
        {
            "type": "text",
            "data": "41"
        },
        {
            "type": "text",
            "data": "PartFinishBack"
        },
        {
            "type": "text",
            "data": "72"
        },
        {
            "type": "text",
            "data": "DateMeasure"
        },
        {
            "type": "text",
            "data": "11"
        },
        {
            "type": "text",
            "data": "PartZplName(180,270)"
        },
        {
            "type": "text",
            "data": "42"
        },
        {
            "type": "text",
            "data": "PartFinishEdge"
        },
        {
            "type": "text",
            "data": "73"
        },
        {
            "type": "text",
            "data": "DateDetail"
        },
        {
            "type": "text",
            "data": "12"
        },
        {
            "type": "text",
            "data": "PartComment"
        },
        {
            "type": "text",
            "data": "43"
        },
        {
            "type": "text",
            "data": "PartImageName"
        },
        {
            "type": "text",
            "data": "74"
        },
        {
            "type": "text",
            "data": "DateProduction"
        },
        {
            "type": "text",
            "data": "13"
        },
        {
            "type": "text",
            "data": "PartPrimaryEdge"
        },
        {
            "type": "text",
            "data": "44"
        },
        {
            "type": "text",
            "data": "RoomID"
        },
        {
            "type": "text",
            "data": "75"
        },
        {
            "type": "text",
            "data": "DateDelivery"
        },
        {
            "type": "text",
            "data": "14"
        },
        {
            "type": "text",
            "data": "PartMirror"
        },
        {
            "type": "text",
            "data": "45"
        },
        {
            "type": "text",
            "data": "RoomName"
        },
        {
            "type": "text",
            "data": "76"
        },
        {
            "type": "text",
            "data": "DateDeposit"
        },
        {
            "type": "text",
            "data": "15"
        },
        {
            "type": "text",
            "data": "PartFrProgram"
        },
        {
            "type": "text",
            "data": "46"
        },
        {
            "type": "text",
            "data": "AssemblyID"
        },
        {
            "type": "text",
            "data": "77"
        },
        {
            "type": "text",
            "data": "DateInstall"
        },
        {
            "type": "text",
            "data": "16"
        },
        {
            "type": "text",
            "data": "PartBaProgram"
        },
        {
            "type": "text",
            "data": "47"
        },
        {
            "type": "text",
            "data": "AssemblyNumber"
        },
        {
            "type": "text",
            "data": "78"
        },
        {
            "type": "text",
            "data": "DateFinalPayment"
        },
        {
            "type": "text",
            "data": "17"
        },
        {
            "type": "text",
            "data": "PartFrMirror"
        },
        {
            "type": "text",
            "data": "48"
        },
        {
            "type": "text",
            "data": "AssemblyName"
        },
        {
            "type": "text",
            "data": "79"
        },
        {
            "type": "text",
            "data": "MaterialID"
        },
        {
            "type": "text",
            "data": "18"
        },
        {
            "type": "text",
            "data": "PartBaMirror"
        },
        {
            "type": "text",
            "data": "49"
        },
        {
            "type": "text",
            "data": "AssemblyWidth"
        },
        {
            "type": "text",
            "data": "80"
        },
        {
            "type": "text",
            "data": "MatDBID"
        },
        {
            "type": "text",
            "data": "19"
        },
        {
            "type": "text",
            "data": "PartFrBarCode"
        },
        {
            "type": "text",
            "data": "50"
        },
        {
            "type": "text",
            "data": "AssemblyHeight"
        },
        {
            "type": "text",
            "data": "81"
        },
        {
            "type": "text",
            "data": "MatPatNo"
        },
        {
            "type": "text",
            "data": "20"
        },
        {
            "type": "text",
            "data": "PartBaBarCode"
        },
        {
            "type": "text",
            "data": "51"
        },
        {
            "type": "text",
            "data": "AssemblyDepth"
        },
        {
            "type": "text",
            "data": "82"
        },
        {
            "type": "text",
            "data": "MatPartIndex"
        },
        {
            "type": "text",
            "data": "21"
        },
        {
            "type": "text",
            "data": "PartFrWorkZone"
        },
        {
            "type": "text",
            "data": "52"
        },
        {
            "type": "text",
            "data": "AssemblyWallNo"
        },
        {
            "type": "text",
            "data": "83"
        },
        {
            "type": "text",
            "data": "MatPatIndex"
        },
        {
            "type": "text",
            "data": "22"
        },
        {
            "type": "text",
            "data": "PartBaWorkZone"
        },
        {
            "type": "text",
            "data": "53"
        },
        {
            "type": "text",
            "data": "AssemblyClass"
        },
        {
            "type": "text",
            "data": "84"
        },
        {
            "type": "text",
            "data": "MatName"
        },
        {
            "type": "text",
            "data": "23"
        },
        {
            "type": "text",
            "data": "PartLeBarCode"
        },
        {
            "type": "text",
            "data": "54"
        },
        {
            "type": "text",
            "data": "AssemblyType"
        },
        {
            "type": "text",
            "data": "85"
        },
        {
            "type": "text",
            "data": "MatWidth"
        },
        {
            "type": "text",
            "data": "24"
        },
        {
            "type": "text",
            "data": "PartRiBarCode"
        },
        {
            "type": "text",
            "data": "55"
        },
        {
            "type": "text",
            "data": "AssemblyDescription"
        },
        {
            "type": "text",
            "data": "86"
        },
        {
            "type": "text",
            "data": "MatLength"
        },
        {
            "type": "text",
            "data": "25"
        },
        {
            "type": "text",
            "data": "PartToBarCode"
        },
        {
            "type": "text",
            "data": "56"
        },
        {
            "type": "text",
            "data": "AssemblyComment"
        },
        {
            "type": "text",
            "data": "87"
        },
        {
            "type": "text",
            "data": "MatThick"
        },
        {
            "type": "text",
            "data": "26"
        },
        {
            "type": "text",
            "data": "PartBoBarCode"
        },
        {
            "type": "text",
            "data": "57"
        },
        {
            "type": "text",
            "data": "JobID"
        },
        {
            "type": "text",
            "data": "88"
        },
        {
            "type": "text",
            "data": "MatGrain"
        },
        {
            "type": "text",
            "data": "27"
        },
        {
            "type": "text",
            "data": "PartShaped"
        },
        {
            "type": "text",
            "data": "58"
        },
        {
            "type": "text",
            "data": "JobName"
        },
        {
            "type": "text",
            "data": "89"
        },
        {
            "type": "text",
            "data": "MatTextureFace"
        },
        {
            "type": "text",
            "data": "28"
        },
        {
            "type": "text",
            "data": "PartGangBore"
        },
        {
            "type": "text",
            "data": "59"
        },
        {
            "type": "text",
            "data": "JobDescription"
        },
        {
            "type": "text",
            "data": "90"
        },
        {
            "type": "text",
            "data": "MatTextureBack"
        },
        {
            "type": "text",
            "data": "29"
        },
        {
            "type": "text",
            "data": "PartHorizontalBore"
        },
        {
            "type": "text",
            "data": "60"
        },
        {
            "type": "text",
            "data": "JobComments"
        },
        {
            "type": "text",
            "data": "91"
        },
        {
            "type": "text",
            "data": "MatTextureEdge"
        },
        {
            "type": "text",
            "data": "30"
        },
        {
            "type": "text",
            "data": "PartPriMachineID"
        },
        {
            "type": "text",
            "data": "61"
        },
        {
            "type": "text",
            "data": "JobFilePath"
        },
        {
            "type": "text",
            "data": "31"
        },
        {
            "type": "text",
            "data": "PartSecMachineID"
        },
        {
            "type": "text",
            "data": "62"
        },
        {
            "type": "text",
            "data": "CustName"
        },
        {
            "type": "text",
            "data": ".ZPL File"
        },
        {
            "type": "text",
            "data": "A .zpl file is basically NC Code for a Zebra printer. It has commands such as move to this X,Y point, and print Job Name with this font. Move to this X,Y point, draw a line 60 points wide"
        },
        {
            "type": "text",
            "data": "One element of a ZPL file is an image. An image imbedded within a ZPL file indicates a block of points then indicates which points in that block will be black. We have observed 4 different methods for describing the image. The image format can be set/modified in the registry with the following settings:"
        },
        {
            "type": "text",
            "data": "HKEY_CURRENT_USER\\Software\\Cabinet Vision\\NcCenter_12\\CncOutput"
        },
        {
            "type": "text",
            "data": "ZPL_Format -  Valid values are Anderson, Andi, Biesse, 0,1,2,3"
        },
        {
            "type": "text",
            "data": "If the integrator needs to modify the ZPL_Format he should set the ZPL_Format to -1 then use the following settings:"
        },
        {
            "type": "text",
            "data": "ZPL_AllowCount -  Do not use the raw format, use the count method to compress file size"
        },
        {
            "type": "text",
            "data": "ZPL_AllowComma -  Use a comma to separate each line of the ZPL file."
        },
        {
            "type": "text",
            "data": "ZPL_AllowColon -  Used with allow comma, use a colon to indicate a repeat of the previous line."
        },
        {
            "type": "text",
            "data": "ZPL_AllowCRLF -  Use a carriage return, line feed after each line of the ZPL file."
        },
        {
            "type": "text",
            "data": "ZPL_AllowRotate -  Rotate the image 0, 90, 180 or 270 degrees to match the nested part."
        },
        {
            "type": "text",
            "data": "Template.ZPL"
        },
        {
            "type": "text",
            "data": "Since the ZPL file is not just the image it is the full set of instructions to the zebra printer the you can setup a template to embed your graphic data into your existing file. If a template.zpl file is found in the output directory, it will be used in the following manner:"
        },
        {
            "type": "text",
            "data": "^FX Output from Planit ^FS"
        },
        {
            "type": "text",
            "data": "[IMAGE.DATA]"
        },
        {
            "type": "text",
            "data": "^XA"
        },
        {
            "type": "text",
            "data": "^DF [IMAGE.NAME] ^FS"
        },
        {
            "type": "text",
            "data": "^PRC"
        },
        {
            "type": "text",
            "data": "^XZ"
        },
        {
            "type": "text",
            "data": "^FX End of job"
        },
        {
            "type": "text",
            "data": "^XA"
        },
        {
            "type": "text",
            "data": "^XF [IMAGE.NAME]"
        },
        {
            "type": "text",
            "data": "^XZ"
        },
        {
            "type": "text",
            "data": "The highlighted areas will be replaced with the image data from the S2M CENTER while the rest of the ZPL file is untouched."
        },
        {
            "type": "text",
            "data": "For rotated ZPL output the program will look for the template0.zpl, template90.zpl, template180.zpl, or template270.zpl. This will allow for different label layouts for rotated output. If the rotated template cannot be found it will look for the template.zpl."
        },
        {
            "type": "image",
            "data": "Information.png",
            "description": "[Placeholder for AI-generated description]"
        },
        {
            "type": "text",
            "data": "Rotated Images"
        },
        {
            "type": "image",
            "data": "image1304.gif",
            "description": "[Placeholder for AI-generated description]"
        },
        {
            "type": "text",
            "data": "Notice the sample labels printed for the nest above are pre\u2010rotated to match the part rotation:"
        },
        {
            "type": "image",
            "data": "image1305.gif",
            "description": "[Placeholder for AI-generated description]"
        }
    ],
    "source_file": "NCEnglish\\Ribbonbar\\Utilities_Tab\\xLabel_Setup\\Using_xLabel_In_Production\\Real-Time_Labeling.htm",
    "version": "2024",
    "source_type": "help_file"
}