{
    "id": "b51f976b-ec66-49fc-b7e7-63e0c249d37c",
    "title": "Render_Mode",
    "content": [
        {
            "type": "text",
            "data": "Render Mode"
        },
        {
            "type": "image",
            "data": "image1170.gif",
            "description": "[Placeholder for AI-generated description]"
        },
        {
            "type": "text",
            "data": "There are two Render Mode options:"
        },
        {
            "type": "image",
            "data": "image78.gif",
            "description": "[Placeholder for AI-generated description]"
        },
        {
            "type": "text",
            "data": "Wire Mode"
        },
        {
            "type": "image",
            "data": "image420.gif",
            "description": "[Placeholder for AI-generated description]"
        },
        {
            "type": "text",
            "data": "The Wire Mode option allows you to view your Pattern in a line (wire frame) view."
        },
        {
            "type": "image",
            "data": "image225.gif",
            "description": "[Placeholder for AI-generated description]"
        },
        {
            "type": "text",
            "data": "Fill Mode"
        },
        {
            "type": "image",
            "data": "image451.gif",
            "description": "[Placeholder for AI-generated description]"
        },
        {
            "type": "text",
            "data": "The Fill Mode option allows you to view your Pattern in a filled (basic color) view."
        },
        {
            "type": "image",
            "data": "image226.gif",
            "description": "[Placeholder for AI-generated description]"
        },
        {
            "type": "text",
            "data": "The blue color represents trim. The Brown color represents the components being Optimized/Nested."
        }
    ],
    "source_file": "NCEnglish_Optimizer\\Ribbonbar\\Main_Tab\\Render_Mode.htm",
    "version": "2024",
    "source_type": "help_file"
}