{
    "id": "f07520a2-0645-4a40-b8d9-a72c15b5c147",
    "title": "RL_Sidebar",
    "content": [
        {
            "type": "text",
            "data": "Top \n > \n \n \n Room Level \n > \n \n Sidebar \n > \n \n Sidebar"
        },
        {
            "type": "text",
            "data": "Top \n >"
        },
        {
            "type": "text",
            "data": "Room Level \n >"
        },
        {
            "type": "link",
            "data": {
                "text": "Room Level",
                "uuid": "9eaa492c-0405-4da7-8e0f-a6ff4e047890",
                "description": "[Placeholder for AI-generated description]"
            }
        },
        {
            "type": "text",
            "data": "Sidebar \n >"
        },
        {
            "type": "link",
            "data": {
                "text": "Sidebar",
                "uuid": "f07520a2-0645-4a40-b8d9-a72c15b5c147",
                "description": "[Placeholder for AI-generated description]"
            }
        },
        {
            "type": "text",
            "data": "Sidebar"
        },
        {
            "type": "text",
            "data": "Sidebar"
        },
        {
            "type": "text",
            "data": "Sidebar"
        },
        {
            "type": "text",
            "data": "Click \n on the sidebar options below for more information"
        },
        {
            "type": "text",
            "data": "The following sidebar options are available \n at -"
        },
        {
            "type": "image",
            "data": "image70.gif",
            "description": "[Placeholder for AI-generated description]"
        },
        {
            "type": "link",
            "data": {
                "text": "",
                "uuid": "59835844-0c7d-4e44-b35e-b3eca6068d0e",
                "description": "[Placeholder for AI-generated description]"
            }
        },
        {
            "type": "image",
            "data": "image1918.gif",
            "description": "[Placeholder for AI-generated description]"
        },
        {
            "type": "link",
            "data": {
                "text": "",
                "uuid": "89c9ee1f-fa34-401d-b62b-9e7fdb93161d",
                "description": "[Placeholder for AI-generated description]"
            }
        },
        {
            "type": "image",
            "data": "image1920.gif",
            "description": "[Placeholder for AI-generated description]"
        },
        {
            "type": "link",
            "data": {
                "text": "",
                "uuid": "f5462aea-3ae5-45e7-9ff0-781a1dac453e",
                "description": "[Placeholder for AI-generated description]"
            }
        },
        {
            "type": "image",
            "data": "image1921.gif",
            "description": "[Placeholder for AI-generated description]"
        },
        {
            "type": "link",
            "data": {
                "text": "",
                "uuid": "f78c6801-8dc2-496e-b62a-b47c77cec8cc",
                "description": "[Placeholder for AI-generated description]"
            }
        },
        {
            "type": "image",
            "data": "image1922.gif",
            "description": "[Placeholder for AI-generated description]"
        },
        {
            "type": "text",
            "data": "The following sidebar options are available \n at -"
        },
        {
            "type": "image",
            "data": "image70.gif",
            "description": "[Placeholder for AI-generated description]"
        },
        {
            "type": "image",
            "data": "image71.gif",
            "description": "[Placeholder for AI-generated description]"
        },
        {
            "type": "link",
            "data": {
                "text": "",
                "uuid": "0bd2a0d3-bb98-4ed4-a525-50de1e025937",
                "description": "[Placeholder for AI-generated description]"
            }
        },
        {
            "type": "image",
            "data": "image1919.gif",
            "description": "[Placeholder for AI-generated description]"
        },
        {
            "type": "link",
            "data": {
                "text": "",
                "uuid": "b8bb4542-a70d-4527-b271-0e12a5c01e12",
                "description": "[Placeholder for AI-generated description]"
            }
        },
        {
            "type": "image",
            "data": "image1923.gif",
            "description": "[Placeholder for AI-generated description]"
        },
        {
            "type": "text",
            "data": "The following sidebar options are available \n at -"
        },
        {
            "type": "image",
            "data": "image72.gif",
            "description": "[Placeholder for AI-generated description]"
        },
        {
            "type": "link",
            "data": {
                "text": "",
                "uuid": "c44ab3b0-7b1c-4e7e-bd57-7d6621d53e12",
                "description": "[Placeholder for AI-generated description]"
            }
        },
        {
            "type": "image",
            "data": "image1010.gif",
            "description": "[Placeholder for AI-generated description]"
        },
        {
            "type": "link",
            "data": {
                "text": "",
                "uuid": "51646282-1cfd-405d-ab11-340e38effbe3",
                "description": "[Placeholder for AI-generated description]"
            }
        },
        {
            "type": "image",
            "data": "image1925.gif",
            "description": "[Placeholder for AI-generated description]"
        },
        {
            "type": "link",
            "data": {
                "text": "",
                "uuid": "2b18fe61-9e07-4a6b-8cbf-c066fd95327e",
                "description": "[Placeholder for AI-generated description]"
            }
        },
        {
            "type": "image",
            "data": "image2403.gif",
            "description": "[Placeholder for AI-generated description]"
        },
        {
            "type": "link",
            "data": {
                "text": "",
                "uuid": "6a615e19-4bd1-4c68-be0e-68557c747175",
                "description": "[Placeholder for AI-generated description]"
            }
        },
        {
            "type": "image",
            "data": "image1927.gif",
            "description": "[Placeholder for AI-generated description]"
        },
        {
            "type": "text",
            "data": "The following sidebar options are available \n at -"
        },
        {
            "type": "image",
            "data": "image73.gif",
            "description": "[Placeholder for AI-generated description]"
        },
        {
            "type": "link",
            "data": {
                "text": "",
                "uuid": "2d709712-bc8d-4190-874d-f9140d65da14",
                "description": "[Placeholder for AI-generated description]"
            }
        },
        {
            "type": "image",
            "data": "image1928.gif",
            "description": "[Placeholder for AI-generated description]"
        },
        {
            "type": "link",
            "data": {
                "text": "",
                "uuid": "283fd745-4947-42af-bc55-1724acf2fc4b",
                "description": "[Placeholder for AI-generated description]"
            }
        },
        {
            "type": "image",
            "data": "image1929.gif",
            "description": "[Placeholder for AI-generated description]"
        },
        {
            "type": "link",
            "data": {
                "text": "",
                "uuid": "f37a0f09-5935-418f-ad21-77bc271f86ad",
                "description": "[Placeholder for AI-generated description]"
            }
        },
        {
            "type": "image",
            "data": "image1930.gif",
            "description": "[Placeholder for AI-generated description]"
        },
        {
            "type": "link",
            "data": {
                "text": "",
                "uuid": "d4345c64-79ac-4380-9800-4b1b2d0076f8",
                "description": "[Placeholder for AI-generated description]"
            }
        },
        {
            "type": "image",
            "data": "image1011.gif",
            "description": "[Placeholder for AI-generated description]"
        },
        {
            "type": "link",
            "data": {
                "text": "",
                "uuid": "69ea3379-074d-467d-9c9d-e1f2bd84ad67",
                "description": "[Placeholder for AI-generated description]"
            }
        },
        {
            "type": "image",
            "data": "image1931.gif",
            "description": "[Placeholder for AI-generated description]"
        },
        {
            "type": "text",
            "data": "The following sidebar options are available \n at -"
        },
        {
            "type": "image",
            "data": "image74.gif",
            "description": "[Placeholder for AI-generated description]"
        },
        {
            "type": "link",
            "data": {
                "text": "",
                "uuid": "c364cda2-94c1-45c4-950a-125c6e19bd95",
                "description": "[Placeholder for AI-generated description]"
            }
        },
        {
            "type": "image",
            "data": "image1924.gif",
            "description": "[Placeholder for AI-generated description]"
        },
        {
            "type": "link",
            "data": {
                "text": "",
                "uuid": "7534a4f7-8686-44aa-96b1-7ac305ab0a61",
                "description": "[Placeholder for AI-generated description]"
            }
        },
        {
            "type": "image",
            "data": "image1932.gif",
            "description": "[Placeholder for AI-generated description]"
        },
        {
            "type": "link",
            "data": {
                "text": "",
                "uuid": "ecf128e8-79e1-418a-b025-8a4ea3be8aa9",
                "description": "[Placeholder for AI-generated description]"
            }
        },
        {
            "type": "image",
            "data": "image1933.gif",
            "description": "[Placeholder for AI-generated description]"
        }
    ],
    "source_file": "CVEnglish_Essential\\Room_Level\\Side_Bar\\RL_Sidebar.htm",
    "version": "2024",
    "source_type": "help_file"
}