{
    "id": "b2e0e61a-3db8-4e05-86e8-8de0e1729d3d",
    "title": "RLCAD_Main_Tab",
    "content": [
        {
            "type": "text",
            "data": "Top \n > \n \n \n Room Level \n > \n \n Sidebar \n > \n \n CAD \n > \n \n Ribbonbar \n > \n \n Main Tab \n > \n \n Main Tab"
        },
        {
            "type": "text",
            "data": "Top \n >"
        },
        {
            "type": "text",
            "data": "Room Level \n >"
        },
        {
            "type": "link",
            "data": {
                "text": "Room Level",
                "uuid": "9eaa492c-0405-4da7-8e0f-a6ff4e047890",
                "description": "[Placeholder for AI-generated description]"
            }
        },
        {
            "type": "text",
            "data": "Sidebar \n >"
        },
        {
            "type": "link",
            "data": {
                "text": "Sidebar",
                "uuid": "f07520a2-0645-4a40-b8d9-a72c15b5c147",
                "description": "[Placeholder for AI-generated description]"
            }
        },
        {
            "type": "text",
            "data": "CAD \n >"
        },
        {
            "type": "link",
            "data": {
                "text": "CAD",
                "uuid": "c364cda2-94c1-45c4-950a-125c6e19bd95",
                "description": "[Placeholder for AI-generated description]"
            }
        },
        {
            "type": "text",
            "data": "Ribbonbar \n >"
        },
        {
            "type": "link",
            "data": {
                "text": "Ribbonbar",
                "uuid": "b2e0e61a-3db8-4e05-86e8-8de0e1729d3d",
                "description": "[Placeholder for AI-generated description]"
            }
        },
        {
            "type": "text",
            "data": "Main Tab \n >"
        },
        {
            "type": "link",
            "data": {
                "text": "Main Tab",
                "uuid": "b2e0e61a-3db8-4e05-86e8-8de0e1729d3d",
                "description": "[Placeholder for AI-generated description]"
            }
        },
        {
            "type": "text",
            "data": "Main Tab"
        },
        {
            "type": "text",
            "data": "Main Tab"
        },
        {
            "type": "text",
            "data": "Main Tab"
        },
        {
            "type": "text",
            "data": "Click the options below for more information"
        },
        {
            "type": "image",
            "data": "RLRB_CAD_Main.png",
            "description": "[Placeholder for AI-generated description]"
        },
        {
            "type": "image",
            "data": "image1958.gif",
            "description": "[Placeholder for AI-generated description]"
        },
        {
            "type": "text",
            "data": "The options specific to the CAD area are below:"
        },
        {
            "type": "text",
            "data": "Layer Selector"
        },
        {
            "type": "image",
            "data": "image145.gif",
            "description": "[Placeholder for AI-generated description]"
        },
        {
            "type": "text",
            "data": "The Layer Selector allows you to select the Current Layer you are drawing on. You can also turn On   or Off   Layers or Lock   or Unlock   Layers from here."
        },
        {
            "type": "image",
            "data": "image146.gif",
            "description": "[Placeholder for AI-generated description]"
        },
        {
            "type": "image",
            "data": "image148.gif",
            "description": "[Placeholder for AI-generated description]"
        },
        {
            "type": "image",
            "data": "image149.gif",
            "description": "[Placeholder for AI-generated description]"
        },
        {
            "type": "image",
            "data": "image147.gif",
            "description": "[Placeholder for AI-generated description]"
        },
        {
            "type": "text",
            "data": "Layers"
        },
        {
            "type": "image",
            "data": "image144.gif",
            "description": "[Placeholder for AI-generated description]"
        },
        {
            "type": "text",
            "data": "The  Layers  option allows you to Rename, Remove, or Create CAD Layers. See the  CAD Layers  topic for more information."
        },
        {
            "type": "link",
            "data": {
                "text": "CAD Layers",
                "uuid": "1e708006-de8a-46e7-9ece-5580cad3d4cd",
                "description": "[Placeholder for AI-generated description]"
            }
        },
        {
            "type": "image",
            "data": "image857.gif",
            "description": "[Placeholder for AI-generated description]"
        },
        {
            "type": "text",
            "data": "Select"
        },
        {
            "type": "image",
            "data": "image1959.gif",
            "description": "[Placeholder for AI-generated description]"
        },
        {
            "type": "text",
            "data": "This will change the cursor to an arrowhead and allow selection of lines, arcs, etc. After selecting the item, you will be able to change properties by selecting the desired property off the list in the sidebar and selecting the item to apply it to. Lines can be moved, re-sized, etc. Text can be placed, edited, as well as changing the font and font size. Select is covered in more detail in the  Selection Options  topic."
        },
        {
            "type": "link",
            "data": {
                "text": "Selection Options",
                "uuid": "5eb7a552-3b23-49da-8b48-6a50f2df37f8",
                "description": "[Placeholder for AI-generated description]"
            }
        },
        {
            "type": "text",
            "data": "Select All"
        },
        {
            "type": "image",
            "data": "image1960.gif",
            "description": "[Placeholder for AI-generated description]"
        },
        {
            "type": "text",
            "data": "The  Select All  menu option will select all CAD Drawn objects in the current View."
        },
        {
            "type": "text",
            "data": "Measure"
        },
        {
            "type": "image",
            "data": "image1961.gif",
            "description": "[Placeholder for AI-generated description]"
        },
        {
            "type": "text",
            "data": "This option allows you to  Measure  CAD Objects without leaving a dimension on the drawing."
        },
        {
            "type": "text",
            "data": "Delete"
        },
        {
            "type": "image",
            "data": "image1962.gif",
            "description": "[Placeholder for AI-generated description]"
        },
        {
            "type": "text",
            "data": "This option will allow you to  Delete  the selected CAD Object(s)."
        },
        {
            "type": "text",
            "data": "Join"
        },
        {
            "type": "image",
            "data": "image58.gif",
            "description": "[Placeholder for AI-generated description]"
        },
        {
            "type": "image",
            "data": "image59.gif",
            "description": "[Placeholder for AI-generated description]"
        },
        {
            "type": "text",
            "data": "Consolidate"
        },
        {
            "type": "image",
            "data": "image60.gif",
            "description": "[Placeholder for AI-generated description]"
        },
        {
            "type": "text",
            "data": "Allows you to  Consolidate  two lines together. Left Click the first line then Left Click the second and consecutive lines to connect them."
        },
        {
            "type": "text",
            "data": "Connect"
        },
        {
            "type": "image",
            "data": "image61.gif",
            "description": "[Placeholder for AI-generated description]"
        },
        {
            "type": "text",
            "data": "This option, similar to Fillet, will  Connect  two Perpendicular lines together creating a corner connection with no radius."
        },
        {
            "type": "text",
            "data": "Fillet"
        },
        {
            "type": "image",
            "data": "image63.gif",
            "description": "[Placeholder for AI-generated description]"
        },
        {
            "type": "text",
            "data": "This option allows you to  Fillet  two lines together. Specify the Fillet Radius in the sidebar then Left Click the first line then Left Click the second to connect them."
        },
        {
            "type": "text",
            "data": "In the following example, two lines were drawn at a 90 degree angle to one another and the radius in the field on the left of the screen was set to 5\u201d. The dashed lines represent where the lines used to extend."
        },
        {
            "type": "image",
            "data": "image62.gif",
            "description": "[Placeholder for AI-generated description]"
        },
        {
            "type": "text",
            "data": "Chamfer"
        },
        {
            "type": "image",
            "data": "image64.gif",
            "description": "[Placeholder for AI-generated description]"
        },
        {
            "type": "text",
            "data": "This option allows you to  Chamfer  two lines together. Specify the Chamfer Length in the sidebar then Left Click the first line then Left Click the second to connect them."
        },
        {
            "type": "text",
            "data": "The example below shows a 5\u201d Chamfer, the dashed lines represent where the lines used to extend."
        },
        {
            "type": "image",
            "data": "image65.gif",
            "description": "[Placeholder for AI-generated description]"
        },
        {
            "type": "text",
            "data": "Bend"
        },
        {
            "type": "image",
            "data": "image66.gif",
            "description": "[Placeholder for AI-generated description]"
        },
        {
            "type": "text",
            "data": "This option allows you to select a Line and turn it into an Arc by dragging it to Bend it."
        },
        {
            "type": "text",
            "data": "Lines"
        },
        {
            "type": "image",
            "data": "image1963.gif",
            "description": "[Placeholder for AI-generated description]"
        },
        {
            "type": "text",
            "data": "The Lines tool had three options:"
        },
        {
            "type": "image",
            "data": "image1964.gif",
            "description": "[Placeholder for AI-generated description]"
        },
        {
            "type": "text",
            "data": "Line"
        },
        {
            "type": "image",
            "data": "image1965.gif",
            "description": "[Placeholder for AI-generated description]"
        },
        {
            "type": "text",
            "data": "This tool allows the creation of  Line s for use in drawings or as overlays for your scenes in Solid. \u00a0After selecting and placing a line, the line properties window will display in the sidebar."
        },
        {
            "type": "image",
            "data": "image1971.gif",
            "description": "[Placeholder for AI-generated description]"
        },
        {
            "type": "text",
            "data": "Chained Line"
        },
        {
            "type": "image",
            "data": "image1966.gif",
            "description": "[Placeholder for AI-generated description]"
        },
        {
            "type": "text",
            "data": "This tool allows you to quickly draw two or more lines that are connected. With the Line tool above you must specify a start and end point for each line drawn. With chained line you specify a start point and when specifying the end point you are automatically specifying the start point for the next line. When you are finished drawing your group of Lines simply right click to end the Chained Line action. The end result will be individual Lines and when selecting them you will be presented with the same sidebar options as Line above."
        },
        {
            "type": "text",
            "data": "Line Box"
        },
        {
            "type": "image",
            "data": "image1967.gif",
            "description": "[Placeholder for AI-generated description]"
        },
        {
            "type": "text",
            "data": "This tool, similar to the Rectangle tool, allows you to quickly draw a Rectangle made up of individual lines. The end result will be individual Lines and when selecting them you will be presented with the same sidebar options as Line above."
        },
        {
            "type": "text",
            "data": "Rectangle"
        },
        {
            "type": "image",
            "data": "image1969.gif",
            "description": "[Placeholder for AI-generated description]"
        },
        {
            "type": "text",
            "data": "This tool provides for creating a  Rectangle  (or square) on the page by clicking the point where it is to start and clicking on the point where it is to finish. It can thereafter be adjusted by using the Select tool. When using this tool you are creating a fully enclosed shape, you can break the Rectangle into its four individual lines by using the Right Click Break option. The area in the sidebar is similar to the one for the Line tool. You also have the added ability to add a hatch pattern to the enclosed space."
        },
        {
            "type": "text",
            "data": "Pressing   + Left Mouse Drag will force the Rectangle to be a Square."
        },
        {
            "type": "image",
            "data": "Information.png",
            "description": "[Placeholder for AI-generated description]"
        },
        {
            "type": "image",
            "data": "shift_key.png",
            "description": "[Placeholder for AI-generated description]"
        },
        {
            "type": "image",
            "data": "image1972.gif",
            "description": "[Placeholder for AI-generated description]"
        },
        {
            "type": "text",
            "data": "Circle"
        },
        {
            "type": "image",
            "data": "image1973.gif",
            "description": "[Placeholder for AI-generated description]"
        },
        {
            "type": "text",
            "data": "This option allows you to create  Circle s. Click in the place where you want the center of the circle and pull the mouse to one side or the other and a Circle will develop. The area in the sidebar allows modifying the radius by numerically entering a value, as shown below."
        },
        {
            "type": "image",
            "data": "image1974.gif",
            "description": "[Placeholder for AI-generated description]"
        },
        {
            "type": "text",
            "data": "If you select a circle after it has already been drawn, you will have these other options to alter it."
        },
        {
            "type": "image",
            "data": "image1975.gif",
            "description": "[Placeholder for AI-generated description]"
        },
        {
            "type": "text",
            "data": "Arcs"
        },
        {
            "type": "image",
            "data": "image1976.gif",
            "description": "[Placeholder for AI-generated description]"
        },
        {
            "type": "text",
            "data": "The Arcs tool has three options:"
        },
        {
            "type": "image",
            "data": "image1977.gif",
            "description": "[Placeholder for AI-generated description]"
        },
        {
            "type": "text",
            "data": "Arc"
        },
        {
            "type": "image",
            "data": "image1978.gif",
            "description": "[Placeholder for AI-generated description]"
        },
        {
            "type": "text",
            "data": "This option allows creation of an Arc by clicking the point where it is to begin, and an arc will appear. \u00a0The arc is sized and positioned by the movement of the mouse. \u00a0The final click will set the arc at the selected point. \u00a0In the example below you can see that there are two fields on the left that you can enter the X and Y end positions while drawing this arc. \u00a0Notice that this arc will be a quarter of a circle (or ellipse)."
        },
        {
            "type": "image",
            "data": "image618.gif",
            "description": "[Placeholder for AI-generated description]"
        },
        {
            "type": "text",
            "data": "Arc By Radius"
        },
        {
            "type": "image",
            "data": "image1979.gif",
            "description": "[Placeholder for AI-generated description]"
        },
        {
            "type": "text",
            "data": "This option allows definition of a point where a radius begins, the radius, and the degrees of radius. \u00a0The first mouse click marks the center of the radius, pull the radius that you want and click again."
        },
        {
            "type": "image",
            "data": "image619.gif",
            "description": "[Placeholder for AI-generated description]"
        },
        {
            "type": "text",
            "data": "A circle will appear with a radius line within it. Move the cursor and the circle opening becomes an arc as you do so."
        },
        {
            "type": "image",
            "data": "image620.gif",
            "description": "[Placeholder for AI-generated description]"
        },
        {
            "type": "text",
            "data": "When you reach the correct position, a third click will set the arc at the selected point."
        },
        {
            "type": "image",
            "data": "image621.gif",
            "description": "[Placeholder for AI-generated description]"
        },
        {
            "type": "text",
            "data": "3 Points Arc"
        },
        {
            "type": "image",
            "data": "image1980.gif",
            "description": "[Placeholder for AI-generated description]"
        },
        {
            "type": "text",
            "data": "This option lets you place two points to define the opening of the arc, and the third point pulls the arc increasing the radius. A 3 Points Arc is very handy when you have three known points to Snap to."
        },
        {
            "type": "text",
            "data": "In the example below I want to create the Arc shown in red."
        },
        {
            "type": "image",
            "data": "image983.gif",
            "description": "[Placeholder for AI-generated description]"
        },
        {
            "type": "text",
            "data": "To begin I select the Arcs|3 Points Arc option from the Ribbonbar then Left Click the End Point (With Snap To Points on) of the first line."
        },
        {
            "type": "image",
            "data": "image984.gif",
            "description": "[Placeholder for AI-generated description]"
        },
        {
            "type": "text",
            "data": "Next I Left Click the Mid Point of the second line."
        },
        {
            "type": "image",
            "data": "image985.gif",
            "description": "[Placeholder for AI-generated description]"
        },
        {
            "type": "text",
            "data": "And the last and third point I Left Click the End point of the third line."
        },
        {
            "type": "image",
            "data": "image986.gif",
            "description": "[Placeholder for AI-generated description]"
        },
        {
            "type": "text",
            "data": "And now I have the Arc."
        },
        {
            "type": "image",
            "data": "image983.gif",
            "description": "[Placeholder for AI-generated description]"
        },
        {
            "type": "text",
            "data": "Hatch"
        },
        {
            "type": "image",
            "data": "image1981.gif",
            "description": "[Placeholder for AI-generated description]"
        },
        {
            "type": "text",
            "data": "Creates and fills shapes on your drawing. An example would be the arrow shown below. Click each point defining the shape of the item, and right click for the final connection. The hatching appears automatically."
        },
        {
            "type": "image",
            "data": "image25811.gif",
            "description": "[Placeholder for AI-generated description]"
        },
        {
            "type": "text",
            "data": "If you select a Hatch after it has already been drawn, you will have these other options to alter it."
        },
        {
            "type": "image",
            "data": "image1982.gif",
            "description": "[Placeholder for AI-generated description]"
        },
        {
            "type": "text",
            "data": "The hatch design can be changed by selecting a different design by clicking the arrow in the Hatch field to bring up the Hatch selector."
        },
        {
            "type": "image",
            "data": "image1983.gif",
            "description": "[Placeholder for AI-generated description]"
        },
        {
            "type": "text",
            "data": "Polyline"
        },
        {
            "type": "image",
            "data": "image1984.gif",
            "description": "[Placeholder for AI-generated description]"
        },
        {
            "type": "text",
            "data": "This option creates a joined line with multiple segments. Left click to start, and at intermediate points. Right click to set the  Polyline . The example below shows a Polyline that has three line segments that have been set and a fourth being drawn."
        },
        {
            "type": "image",
            "data": "image622.gif",
            "description": "[Placeholder for AI-generated description]"
        },
        {
            "type": "text",
            "data": "Dimensions"
        },
        {
            "type": "image",
            "data": "image1985.gif",
            "description": "[Placeholder for AI-generated description]"
        },
        {
            "type": "text",
            "data": "This option provides real dimensioning capabilities in one of two modes. It dimensions full scale in Paper Space and in scale in Drawing Space. When used with the \" Snap To Points \" snap feature, the dimensions provided are accurate and easy to place."
        },
        {
            "type": "link",
            "data": {
                "text": "Snap To Points",
                "uuid": "ab1790c8-4275-4839-a647-d5a131c27144",
                "description": "[Placeholder for AI-generated description]"
            }
        },
        {
            "type": "text",
            "data": "Before you draw any Dimension line you will be able to select what type of line you want to draw. This selection can be made from the Dimension option in the sidebar. You have ten different types of dimension lines to choose from."
        },
        {
            "type": "image",
            "data": "image1132.gif",
            "description": "[Placeholder for AI-generated description]"
        },
        {
            "type": "text",
            "data": "The design of the dimension line as well as its orientation can be modified from the options in the sidebar. The following options are available after the dimension has been drawn and then selected. There are additional properties available by clicking the double arrows beside the lines labeled \u201cLines and Arrows\u201d and \u201cText\u201d."
        },
        {
            "type": "image",
            "data": "image2006.gif",
            "description": "[Placeholder for AI-generated description]"
        },
        {
            "type": "text",
            "data": "To quickly Dimension a line you can click the line while holding   +   and the Dimension tool will grab both end points of the line simultaneously."
        },
        {
            "type": "image",
            "data": "Information.png",
            "description": "[Placeholder for AI-generated description]"
        },
        {
            "type": "image",
            "data": "ctrl_key.png",
            "description": "[Placeholder for AI-generated description]"
        },
        {
            "type": "image",
            "data": "shift_key.png",
            "description": "[Placeholder for AI-generated description]"
        },
        {
            "type": "text",
            "data": "See the  CAD Dimensioning  topic for more information."
        },
        {
            "type": "link",
            "data": {
                "text": "CAD Dimensioning",
                "uuid": "ec9a2591-d5cd-4037-9e70-f1b82addf3fe",
                "description": "[Placeholder for AI-generated description]"
            }
        },
        {
            "type": "text",
            "data": "Leaders"
        },
        {
            "type": "image",
            "data": "image1989.gif",
            "description": "[Placeholder for AI-generated description]"
        },
        {
            "type": "image",
            "data": "image1990.gif",
            "description": "[Placeholder for AI-generated description]"
        },
        {
            "type": "text",
            "data": "The Leaders tool has two options:"
        },
        {
            "type": "text",
            "data": "Leader"
        },
        {
            "type": "image",
            "data": "image1069.gif",
            "description": "[Placeholder for AI-generated description]"
        },
        {
            "type": "text",
            "data": "This option allows you to draw a segmented line with an arrow point attached. With the options available in the sidebar, you can change the color and line properties. Left click to start and at intermediate points. Right click to finish."
        },
        {
            "type": "image",
            "data": "image1991.gif",
            "description": "[Placeholder for AI-generated description]"
        },
        {
            "type": "text",
            "data": "Text Leader"
        },
        {
            "type": "image",
            "data": "image1070.gif",
            "description": "[Placeholder for AI-generated description]"
        },
        {
            "type": "text",
            "data": "This option, similar to the Leader, allows you to draw a segmented line with an arrow point attached. With the options available in the sidebar, you can change the color and line properties. Left click to start and at intermediate points. Right click to finish the Leader and you are then prompted to enter your Text."
        },
        {
            "type": "image",
            "data": "image1992.gif",
            "description": "[Placeholder for AI-generated description]"
        },
        {
            "type": "text",
            "data": "Text"
        },
        {
            "type": "image",
            "data": "image1993.gif",
            "description": "[Placeholder for AI-generated description]"
        },
        {
            "type": "text",
            "data": "This option will allow placement of  Text  on the drawing, or the drop down feature can be selected and a variable value can be chosen. See the  CAD Automatic Text  topic for more information on this option."
        },
        {
            "type": "link",
            "data": {
                "text": "CAD Automatic Text",
                "uuid": "fa988f54-7863-4352-b1a7-3aaf7bca6e58",
                "description": "[Placeholder for AI-generated description]"
            }
        },
        {
            "type": "text",
            "data": "Cloud"
        },
        {
            "type": "image",
            "data": "image1994.gif",
            "description": "[Placeholder for AI-generated description]"
        },
        {
            "type": "text",
            "data": "This option will allow you to draw a revision Cloud. Left click to start the cloud then drag in the direction you wish to move and click to establish each arc length in the Cloud. Or select Free Hand in the sidebar and set a Chord and you can freehand sketch your Revision Cloud."
        },
        {
            "type": "text",
            "data": "Image"
        },
        {
            "type": "image",
            "data": "image1995.gif",
            "description": "[Placeholder for AI-generated description]"
        },
        {
            "type": "text",
            "data": "This option allows you to select and place saved bitmaps onto your drawing page."
        },
        {
            "type": "image",
            "data": "Select_Image.png",
            "description": "[Placeholder for AI-generated description]"
        }
    ],
    "source_file": "CVEnglish_Essential\\Room_Level\\Side_Bar\\CAD\\Ribbonbar\\Main_Tab\\RLCAD_Main_Tab.htm",
    "version": "2024",
    "source_type": "help_file"
}