{
    "id": "2a1a884e-1277-4740-bf21-6082b5971a32",
    "title": "RLRC_On_Scene-Page",
    "content": [
        {
            "type": "text",
            "data": "Top \n > \n \n \n Room Level \n > \n \n Right Click Options \n > \n \n Right Click on Scene-Page"
        },
        {
            "type": "text",
            "data": "Top \n >"
        },
        {
            "type": "text",
            "data": "Room Level \n >"
        },
        {
            "type": "link",
            "data": {
                "text": "Room Level",
                "uuid": "9eaa492c-0405-4da7-8e0f-a6ff4e047890",
                "description": "[Placeholder for AI-generated description]"
            }
        },
        {
            "type": "text",
            "data": "Right Click Options \n >"
        },
        {
            "type": "link",
            "data": {
                "text": "Right Click Options",
                "uuid": "3ea2c40b-e3fc-4eac-9114-cf8a3365c62a",
                "description": "[Placeholder for AI-generated description]"
            }
        },
        {
            "type": "text",
            "data": "Right Click on Scene-Page"
        },
        {
            "type": "text",
            "data": "Right Click on Scene-Page"
        },
        {
            "type": "text",
            "data": "Right Click On a Scene or the Paper -"
        },
        {
            "type": "image",
            "data": "image74.gif",
            "description": "[Placeholder for AI-generated description]"
        },
        {
            "type": "text",
            "data": "Scene"
        },
        {
            "type": "image",
            "data": "image1226.gif",
            "description": "[Placeholder for AI-generated description]"
        },
        {
            "type": "text",
            "data": "Paper"
        },
        {
            "type": "image",
            "data": "image1225.gif",
            "description": "[Placeholder for AI-generated description]"
        },
        {
            "type": "text",
            "data": "There are 10 possible options here:"
        },
        {
            "type": "text",
            "data": "Delete"
        },
        {
            "type": "text",
            "data": "This option is available only if you right-click on a scene. \u00a0This allows you to remove (delete) that scene from the current Drawing Page."
        },
        {
            "type": "text",
            "data": "Copy Scene"
        },
        {
            "type": "text",
            "data": "Create a copy of the currently selected Scene."
        },
        {
            "type": "text",
            "data": "Clean Sheet"
        },
        {
            "type": "text",
            "data": "Will clean everything off of the current Sheet.."
        },
        {
            "type": "text",
            "data": "Title Block"
        },
        {
            "type": "text",
            "data": "Allows you to select a Title Block from the  Drawings Library  and places it on the Page."
        },
        {
            "type": "link",
            "data": {
                "text": "Drawings Library",
                "uuid": "42693001-e896-4fb4-bab5-90f16894ad62",
                "description": "[Placeholder for AI-generated description]"
            }
        },
        {
            "type": "image",
            "data": "image908.gif",
            "description": "[Placeholder for AI-generated description]"
        },
        {
            "type": "text",
            "data": "Title blocks may be edited or created, within the  Drawings Library , so that your drawings page will be bordered neatly and include important information about the Job and your Company. There are several Title Block Templates that come with your installation of Solid. These Title Block Templates may need to be customized with your information before using them. You may also create your own Title Blocks using the Drawing Library."
        },
        {
            "type": "link",
            "data": {
                "text": "Drawings Library",
                "uuid": "42693001-e896-4fb4-bab5-90f16894ad62",
                "description": "[Placeholder for AI-generated description]"
            }
        },
        {
            "type": "text",
            "data": "By default each new Drawing Sheet you add will automatically add the Title Block you have Set As System Defaults. To clear this out so your new Drawing Sheets are blank simply select the None option here and click OK."
        },
        {
            "type": "image",
            "data": "Information.png",
            "description": "[Placeholder for AI-generated description]"
        },
        {
            "type": "text",
            "data": "If you change the Title Block, the drawing page will be updated with the new Title Block. This has been made possible by putting the Title Block on its own Layer. Any CAD on the Title Block layer will be removed and replaced by the newly selected Title Block."
        },
        {
            "type": "text",
            "data": "Scale"
        },
        {
            "type": "text",
            "data": "Displays the Scale for the current Sheet/Scene. \u00a0Allows the current sheet to be scaled to fit the paper."
        },
        {
            "type": "image",
            "data": "image909.gif",
            "description": "[Placeholder for AI-generated description]"
        },
        {
            "type": "text",
            "data": "Flip"
        },
        {
            "type": "text",
            "data": "Will Flip the selected Drawing Scene."
        },
        {
            "type": "text",
            "data": "Mirror"
        },
        {
            "type": "text",
            "data": "Will Mirror the selected Drawing Scene."
        },
        {
            "type": "text",
            "data": "Rotate..."
        },
        {
            "type": "text",
            "data": "Allows the user specified Rotation of the selected Drawing Scene."
        },
        {
            "type": "image",
            "data": "image910.gif",
            "description": "[Placeholder for AI-generated description]"
        },
        {
            "type": "text",
            "data": "Properties - Scene"
        },
        {
            "type": "text",
            "data": "Displays the View Properties for the selected Scene."
        },
        {
            "type": "image",
            "data": "image911.gif",
            "description": "[Placeholder for AI-generated description]"
        },
        {
            "type": "text",
            "data": "General Tab"
        },
        {
            "type": "image",
            "data": "image912.gif",
            "description": "[Placeholder for AI-generated description]"
        },
        {
            "type": "text",
            "data": "There are two options here:"
        },
        {
            "type": "text",
            "data": "Name -  Allows you to edit the Name of the Scene. \n \n \n Hide Scene -  Allows you to Hide or Unhide the Scene."
        },
        {
            "type": "text",
            "data": "Name -  Allows you to edit the Name of the Scene."
        },
        {
            "type": "text",
            "data": "Name -  Allows you to edit the Name of the Scene."
        },
        {
            "type": "text",
            "data": "Hide Scene -  Allows you to Hide or Unhide the Scene."
        },
        {
            "type": "text",
            "data": "Hide Scene -  Allows you to Hide or Unhide the Scene."
        },
        {
            "type": "text",
            "data": "Scale Tab"
        },
        {
            "type": "image",
            "data": "image913.gif",
            "description": "[Placeholder for AI-generated description]"
        },
        {
            "type": "text",
            "data": "Allows you to set the Scale for the current Scene."
        },
        {
            "type": "text",
            "data": "Properties - Sheet"
        },
        {
            "type": "text",
            "data": "Displays the View Properties for the Drawings Page."
        },
        {
            "type": "image",
            "data": "image914.gif",
            "description": "[Placeholder for AI-generated description]"
        },
        {
            "type": "text",
            "data": "There are three tabs in the Drawing Page Property area:"
        },
        {
            "type": "text",
            "data": "Draw Tool Tab"
        },
        {
            "type": "image",
            "data": "image915.gif",
            "description": "[Placeholder for AI-generated description]"
        },
        {
            "type": "text",
            "data": "There are four options here:"
        },
        {
            "type": "text",
            "data": "Grid Spacing -  Controls the size of the grid squares on the screen when using the  Grid Snap option  from the Statusbar Menu. \n \n \n Grid Always Visible -  Normally the Grid is only displayed when Grid Snapping is on. Simply enable this option to have the Grid Always display. \n \n \n Drag Scene From Snap Point -  This option allows you to turn on ability to drag scenes with snap points. This turns on the Snap Points option allowing you to choose what points you would like to snap to. There are three options:"
        },
        {
            "type": "text",
            "data": "Grid Spacing -  Controls the size of the grid squares on the screen when using the  Grid Snap option  from the Statusbar Menu."
        },
        {
            "type": "text",
            "data": "Grid Spacing -  Controls the size of the grid squares on the screen when using the  Grid Snap option  from the Statusbar Menu."
        },
        {
            "type": "link",
            "data": {
                "text": "Grid Snap option",
                "uuid": "ab1790c8-4275-4839-a647-d5a131c27144",
                "description": "[Placeholder for AI-generated description]"
            }
        },
        {
            "type": "text",
            "data": "Grid Always Visible -  Normally the Grid is only displayed when Grid Snapping is on. Simply enable this option to have the Grid Always display."
        },
        {
            "type": "text",
            "data": "Grid Always Visible -  Normally the Grid is only displayed when Grid Snapping is on. Simply enable this option to have the Grid Always display."
        },
        {
            "type": "text",
            "data": "Drag Scene From Snap Point -  This option allows you to turn on ability to drag scenes with snap points. This turns on the Snap Points option allowing you to choose what points you would like to snap to. There are three options:"
        },
        {
            "type": "text",
            "data": "Drag Scene From Snap Point -  This option allows you to turn on ability to drag scenes with snap points. This turns on the Snap Points option allowing you to choose what points you would like to snap to. There are three options:"
        },
        {
            "type": "image",
            "data": "image1234.gif",
            "description": "[Placeholder for AI-generated description]"
        },
        {
            "type": "text",
            "data": "None -  Turns off Snap Points for Scenes but still allows points within the Scene to Snap to the Grid. \n \n \n Paper Points -  Will Snap points within the Scene to points on the Grid or on the Paper. \n \n \n All Scene Points -  Will Snap points within the Scene to points on the Grid or from other Scenes on the Paper. \n \n \n \n \n Reset Ruler -  This removes any  snap marks  (red Xs) on the view."
        },
        {
            "type": "text",
            "data": "None -  Turns off Snap Points for Scenes but still allows points within the Scene to Snap to the Grid. \n \n \n Paper Points -  Will Snap points within the Scene to points on the Grid or on the Paper. \n \n \n All Scene Points -  Will Snap points within the Scene to points on the Grid or from other Scenes on the Paper."
        },
        {
            "type": "text",
            "data": "None -  Turns off Snap Points for Scenes but still allows points within the Scene to Snap to the Grid. \n \n \n Paper Points -  Will Snap points within the Scene to points on the Grid or on the Paper. \n \n \n All Scene Points -  Will Snap points within the Scene to points on the Grid or from other Scenes on the Paper."
        },
        {
            "type": "text",
            "data": "None -  Turns off Snap Points for Scenes but still allows points within the Scene to Snap to the Grid."
        },
        {
            "type": "text",
            "data": "None -  Turns off Snap Points for Scenes but still allows points within the Scene to Snap to the Grid."
        },
        {
            "type": "text",
            "data": "Paper Points -  Will Snap points within the Scene to points on the Grid or on the Paper."
        },
        {
            "type": "text",
            "data": "Paper Points -  Will Snap points within the Scene to points on the Grid or on the Paper."
        },
        {
            "type": "text",
            "data": "All Scene Points -  Will Snap points within the Scene to points on the Grid or from other Scenes on the Paper."
        },
        {
            "type": "text",
            "data": "All Scene Points -  Will Snap points within the Scene to points on the Grid or from other Scenes on the Paper."
        },
        {
            "type": "text",
            "data": "Reset Ruler -  This removes any  snap marks  (red Xs) on the view."
        },
        {
            "type": "text",
            "data": "Reset Ruler -  This removes any  snap marks  (red Xs) on the view."
        },
        {
            "type": "link",
            "data": {
                "text": "snap marks",
                "uuid": "ab1790c8-4275-4839-a647-d5a131c27144",
                "description": "[Placeholder for AI-generated description]"
            }
        },
        {
            "type": "text",
            "data": "See the  Set As System Defaults  topic for more information on it."
        },
        {
            "type": "image",
            "data": "Information.png",
            "description": "[Placeholder for AI-generated description]"
        },
        {
            "type": "link",
            "data": {
                "text": "Set As System Defaults",
                "uuid": "e5b1c38f-2747-41a5-a7b8-9aefa6986ede",
                "description": "[Placeholder for AI-generated description]"
            }
        },
        {
            "type": "text",
            "data": "Paper Tab"
        },
        {
            "type": "image",
            "data": "image916.gif",
            "description": "[Placeholder for AI-generated description]"
        },
        {
            "type": "text",
            "data": "Select your Paper Type from the drop down selector or click the action button   to create your own custom Paper size. You can also set the Orientation of your Drawing Page here."
        },
        {
            "type": "image",
            "data": "image1236.gif",
            "description": "[Placeholder for AI-generated description]"
        },
        {
            "type": "text",
            "data": "Paper Sizes"
        },
        {
            "type": "image",
            "data": "image917.gif",
            "description": "[Placeholder for AI-generated description]"
        },
        {
            "type": "text",
            "data": "Use this area to create your own custom Paper size. You can also Copy, Rename, or Delete Paper sizes here."
        },
        {
            "type": "text",
            "data": "See the  Set As System Defaults  topic for more information on it."
        },
        {
            "type": "image",
            "data": "Information.png",
            "description": "[Placeholder for AI-generated description]"
        },
        {
            "type": "link",
            "data": {
                "text": "Set As System Defaults",
                "uuid": "e5b1c38f-2747-41a5-a7b8-9aefa6986ede",
                "description": "[Placeholder for AI-generated description]"
            }
        },
        {
            "type": "text",
            "data": "Scale Tab"
        },
        {
            "type": "image",
            "data": "image918.gif",
            "description": "[Placeholder for AI-generated description]"
        },
        {
            "type": "text",
            "data": "Use this are to select the Scale on your Drawing Page. You can use pre-defined Imperial or Metric Scales, or your own User Defined Scale."
        },
        {
            "type": "text",
            "data": "See the  Set As System Defaults  topic for more information on it."
        },
        {
            "type": "image",
            "data": "Information.png",
            "description": "[Placeholder for AI-generated description]"
        },
        {
            "type": "link",
            "data": {
                "text": "Set As System Defaults",
                "uuid": "e5b1c38f-2747-41a5-a7b8-9aefa6986ede",
                "description": "[Placeholder for AI-generated description]"
            }
        },
        {
            "type": "text",
            "data": "Title Block Tab"
        },
        {
            "type": "link",
            "data": {
                "text": "Title Block Tab",
                "uuid": "2a1a884e-1277-4740-bf21-6082b5971a32",
                "description": "[Placeholder for AI-generated description]"
            }
        },
        {
            "type": "image",
            "data": "image919.gif",
            "description": "[Placeholder for AI-generated description]"
        }
    ],
    "source_file": "CVEnglish_Essential\\Room_Level\\Right_Click_Options\\RLRC_On_Scene-Page.htm",
    "version": "2024",
    "source_type": "help_file"
}