{
    "id": "14e79b53-03bf-46a3-93b7-703249c141be",
    "title": "RLRC_On_Molding",
    "content": [
        {
            "type": "text",
            "data": "Top \n > \n \n \n Room Level \n > \n \n Right Click Options \n > \n \n Right Click on Molding"
        },
        {
            "type": "text",
            "data": "Top \n >"
        },
        {
            "type": "text",
            "data": "Room Level \n >"
        },
        {
            "type": "link",
            "data": {
                "text": "Room Level",
                "uuid": "9eaa492c-0405-4da7-8e0f-a6ff4e047890",
                "description": "[Placeholder for AI-generated description]"
            }
        },
        {
            "type": "text",
            "data": "Right Click Options \n >"
        },
        {
            "type": "link",
            "data": {
                "text": "Right Click Options",
                "uuid": "3ea2c40b-e3fc-4eac-9114-cf8a3365c62a",
                "description": "[Placeholder for AI-generated description]"
            }
        },
        {
            "type": "text",
            "data": "Right Click on Molding"
        },
        {
            "type": "text",
            "data": "Right Click on Molding"
        },
        {
            "type": "text",
            "data": "Right Click On Molding"
        },
        {
            "type": "text",
            "data": "There are 4 options when Right Clicking on Molding:"
        },
        {
            "type": "image",
            "data": "image1220.gif",
            "description": "[Placeholder for AI-generated description]"
        },
        {
            "type": "text",
            "data": "Delete"
        },
        {
            "type": "text",
            "data": "This menu option will delete the selected Molding."
        },
        {
            "type": "text",
            "data": "Delete All"
        },
        {
            "type": "text",
            "data": "This menu option will delete all the Molding in the current Room."
        },
        {
            "type": "text",
            "data": "Edit Shape"
        },
        {
            "type": "text",
            "data": "This menu option allows you to edit the shape of your Molding by bringing up the Shape Editor options."
        },
        {
            "type": "text",
            "data": "Click the options below for more information"
        },
        {
            "type": "image",
            "data": "Shape_Tools_Molding.png",
            "description": "[Placeholder for AI-generated description]"
        },
        {
            "type": "text",
            "data": "Properties"
        },
        {
            "type": "text",
            "data": "The Properties menu option opens the Molding Properties area. There are 3 tabs in the Molding Properties area:"
        },
        {
            "type": "text",
            "data": "Molding Tab"
        },
        {
            "type": "text",
            "data": "Following are the options on the Molding tab:"
        },
        {
            "type": "image",
            "data": "image905.gif",
            "description": "[Placeholder for AI-generated description]"
        },
        {
            "type": "text",
            "data": "Material -  Allows you to select a Material Schedule for the selected Profile. \n \n \n Profile -  Allows you to select an Edge Profile for the selected Molding. \n \n \n Description -  The Description/Name of the selected Molding. \n \n \n Elevation -  Allows you to modify the Elevation of the selected Molding. \n \n \n Mirror Profile -  Will Mirror the Profile for the selected Molding. \n \n \n Rotate Profile -  Will Rotate the Profile for the selected Molding."
        },
        {
            "type": "text",
            "data": "Material -  Allows you to select a Material Schedule for the selected Profile. \n \n \n Profile -  Allows you to select an Edge Profile for the selected Molding. \n \n \n Description -  The Description/Name of the selected Molding. \n \n \n Elevation -  Allows you to modify the Elevation of the selected Molding. \n \n \n Mirror Profile -  Will Mirror the Profile for the selected Molding. \n \n \n Rotate Profile -  Will Rotate the Profile for the selected Molding."
        },
        {
            "type": "text",
            "data": "Material -  Allows you to select a Material Schedule for the selected Profile. \n \n \n Profile -  Allows you to select an Edge Profile for the selected Molding. \n \n \n Description -  The Description/Name of the selected Molding. \n \n \n Elevation -  Allows you to modify the Elevation of the selected Molding. \n \n \n Mirror Profile -  Will Mirror the Profile for the selected Molding. \n \n \n Rotate Profile -  Will Rotate the Profile for the selected Molding."
        },
        {
            "type": "text",
            "data": "Material -  Allows you to select a Material Schedule for the selected Profile."
        },
        {
            "type": "text",
            "data": "Material -  Allows you to select a Material Schedule for the selected Profile."
        },
        {
            "type": "text",
            "data": "Profile -  Allows you to select an Edge Profile for the selected Molding."
        },
        {
            "type": "text",
            "data": "Profile -  Allows you to select an Edge Profile for the selected Molding."
        },
        {
            "type": "text",
            "data": "Description -  The Description/Name of the selected Molding."
        },
        {
            "type": "text",
            "data": "Description -  The Description/Name of the selected Molding."
        },
        {
            "type": "text",
            "data": "Elevation -  Allows you to modify the Elevation of the selected Molding."
        },
        {
            "type": "text",
            "data": "Elevation -  Allows you to modify the Elevation of the selected Molding."
        },
        {
            "type": "text",
            "data": "Mirror Profile -  Will Mirror the Profile for the selected Molding."
        },
        {
            "type": "text",
            "data": "Mirror Profile -  Will Mirror the Profile for the selected Molding."
        },
        {
            "type": "text",
            "data": "Rotate Profile -  Will Rotate the Profile for the selected Molding."
        },
        {
            "type": "text",
            "data": "Rotate Profile -  Will Rotate the Profile for the selected Molding."
        },
        {
            "type": "text",
            "data": "Comment Tab"
        },
        {
            "type": "text",
            "data": "The Comment tab allows you to add a Comment/Note on the selected Molding."
        },
        {
            "type": "image",
            "data": "image906.gif",
            "description": "[Placeholder for AI-generated description]"
        },
        {
            "type": "text",
            "data": "Overrides Tab"
        },
        {
            "type": "text",
            "data": "This Tab allows you to View and/or Remove any Overrides that may be present on the selected Molding."
        },
        {
            "type": "image",
            "data": "image907.gif",
            "description": "[Placeholder for AI-generated description]"
        }
    ],
    "source_file": "CVEnglish_Essential\\Room_Level\\Right_Click_Options\\RLRC_On_Molding.htm",
    "version": "2024",
    "source_type": "help_file"
}