{
    "id": "be29a521-2d0f-4030-8911-87f747cacb90",
    "title": "RLRC_On_One_Assembly",
    "content": [
        {
            "type": "text",
            "data": "Top \n > \n \n \n Room Level \n > \n \n Right Click Options \n > \n \n Right Click on One Assembly"
        },
        {
            "type": "text",
            "data": "Top \n >"
        },
        {
            "type": "text",
            "data": "Room Level \n >"
        },
        {
            "type": "link",
            "data": {
                "text": "Room Level",
                "uuid": "9eaa492c-0405-4da7-8e0f-a6ff4e047890",
                "description": "[Placeholder for AI-generated description]"
            }
        },
        {
            "type": "text",
            "data": "Right Click Options \n >"
        },
        {
            "type": "link",
            "data": {
                "text": "Right Click Options",
                "uuid": "3ea2c40b-e3fc-4eac-9114-cf8a3365c62a",
                "description": "[Placeholder for AI-generated description]"
            }
        },
        {
            "type": "text",
            "data": "Right Click on One Assembly"
        },
        {
            "type": "text",
            "data": "Right Click on One Assembly"
        },
        {
            "type": "text",
            "data": "Right Click On One Assembly -"
        },
        {
            "type": "image",
            "data": "image70.gif",
            "description": "[Placeholder for AI-generated description]"
        },
        {
            "type": "image",
            "data": "image71.gif",
            "description": "[Placeholder for AI-generated description]"
        },
        {
            "type": "text",
            "data": "There are 15 Options When right clicking on an Assembly in Plan and/or \n Elevation View:"
        },
        {
            "type": "text",
            "data": "Upper \n Cabinet"
        },
        {
            "type": "image",
            "data": "image2509.gif",
            "description": "[Placeholder for AI-generated description]"
        },
        {
            "type": "text",
            "data": "Base Cabinet"
        },
        {
            "type": "image",
            "data": "image2510.gif",
            "description": "[Placeholder for AI-generated description]"
        },
        {
            "type": "text",
            "data": "Copy"
        },
        {
            "type": "text",
            "data": "The Copy option allows you to Copy the selected Assembly anywhere in \n the current Room. Right click to cancel the Copy operation."
        },
        {
            "type": "text",
            "data": "Delete"
        },
        {
            "type": "text",
            "data": "The Delete option deletes the selected Assembly."
        },
        {
            "type": "text",
            "data": "Move Label"
        },
        {
            "type": "text",
            "data": "The Move Label option allows you to Move system added Assembly Labels. \n The following image shows two Cabinets. The first Cabinet shows the Assembly \n Label in its default location which could be difficult to read. The second \n Cabinet shows the Label after using the Move Label Option. This option \n allows you to place the Assemblies Label anywhere you want."
        },
        {
            "type": "image",
            "data": "image29411.gif",
            "description": "[Placeholder for AI-generated description]"
        },
        {
            "type": "text",
            "data": "Save"
        },
        {
            "type": "text",
            "data": "The reference to an Object in Solid includes Cabinets, and other items \n that you save to your library. Appliances, Cabinets, Closet Objects, Furniture, \n etc., are all objects. After creating a special Assembly or other object \n decide whether this will be a desirable item to have available in future \n Jobs. If this is a one time only creation, it is not necessary to save \n it as it will be saved when the Job is saved. However, it will only be \n available in the Job it is saved with. If it is possible that the item \n will be required for other Jobs it must be saved back into your library."
        },
        {
            "type": "text",
            "data": "Save versus Save As"
        },
        {
            "type": "text",
            "data": "Right clicking on the Assembly at either \n the Plan or the Elevation view at the Layout or Assembly Level, will provide \n a menu option similar to the one shown above. Note that there are two \n options under the \"save\" feature. It is important to understand \n the difference between the two options. In the simplest terms, Save keeps \n the new item in its new form at the expense of loosing the prior item \n (the pre-edit form). Save As allows for the creation of a new item. In \n effect, Save As allows for two items when finished, whereas, Save allows \n for only one. Save overwrites the original item, whereas Save As creates \n a new item in addition to the original one. Use the Save feature when \n you want a permanent change to an existing item or Assembly, and the Save \n As feature when you want the new item in addition to the existing one. \n Save As will allow you to rename the new item and place it in other libraries \n you may have made."
        },
        {
            "type": "text",
            "data": "Features Common to Save and Save As"
        },
        {
            "type": "image",
            "data": "image884.gif",
            "description": "[Placeholder for AI-generated description]"
        },
        {
            "type": "text",
            "data": "The first option allows choosing of a Library \n by clicking on the Library Symbols in the left window as shown on the \n above screen capture. Thereafter, if desired, the icon can be changed \n by typing the selected name in the \"Name\" box at the top. The \n Description can be changed to represent your Assembly. An Icon should \n be chosen from the list at the right that represents the Assembly you \n are saving. This is done by clicking on the one of your choice."
        },
        {
            "type": "text",
            "data": "Preserve \n Finish"
        },
        {
            "type": "text",
            "data": "This feature will save the item \n you are saving to your Library with any Finish overrides you have applied \n to the Object or its Parts."
        },
        {
            "type": "text",
            "data": "Preserve \n Height"
        },
        {
            "type": "text",
            "data": "This feature will save the item you are saving \n to your library at the Height you have edited it to, instead of the default \n Assembly Height. If you have created an object that is of a different \n Height than a default Assembly, it is advisable to select this option. \n You will still be able to stretch or re-size it's Height after you bring \n it into a new Job regardless of whether you select this option or not."
        },
        {
            "type": "text",
            "data": "Preserve \n Depth"
        },
        {
            "type": "text",
            "data": "This feature will save the item you are saving \n to your library at the Depth you have edited it to, instead of the default \n Assembly Depth. If you have created an object that is of a different Depth \n than a default Assembly, it is advisable to select this option. You will \n still be able to stretch or re-size it's Depth after you bring it into \n a new Job regardless of whether you select this option or not."
        },
        {
            "type": "text",
            "data": "The Advanced Button"
        },
        {
            "type": "text",
            "data": "The Class Tab"
        },
        {
            "type": "text",
            "data": "The Class tab allows selection of the Class \n and Type of the object to be saved."
        },
        {
            "type": "image",
            "data": "image885.gif",
            "description": "[Placeholder for AI-generated description]"
        },
        {
            "type": "text",
            "data": "It is a good idea to keep Base Class objects, \n Wall Class objects, Closet Class objects, etc within their original class \n as other areas of Solid identify objects by their Class."
        },
        {
            "type": "text",
            "data": "The Placement \n Tab"
        },
        {
            "type": "text",
            "data": "There are three main areas on the Placement \n Tab:"
        },
        {
            "type": "image",
            "data": "image886.gif",
            "description": "[Placeholder for AI-generated description]"
        },
        {
            "type": "text",
            "data": "Horizontal"
        },
        {
            "type": "text",
            "data": "Determines \n whether the Cabinet can be placed along the Wall or in a Corner or both."
        },
        {
            "type": "text",
            "data": "Stretching"
        },
        {
            "type": "text",
            "data": "By enabling or disabling the Width, Height, \n and/or Depth options you can control whether the Object can be re-sized \n in those dimensions."
        },
        {
            "type": "text",
            "data": "Vertical"
        },
        {
            "type": "text",
            "data": "Determines the Vertical \n Placement of your Object. There are thirteen Vertical Placement options:"
        },
        {
            "type": "image",
            "data": "image1192.gif",
            "description": "[Placeholder for AI-generated description]"
        },
        {
            "type": "text",
            "data": "Above \n\t\t\t Elevation -  Will place the Object above the Elevation \n\t\t\t established for the Object as shown below."
        },
        {
            "type": "text",
            "data": "Above \n\t\t\t Elevation -  Will place the Object above the Elevation \n\t\t\t established for the Object as shown below."
        },
        {
            "type": "text",
            "data": "Above \n\t\t\t Elevation -  Will place the Object above the Elevation \n\t\t\t established for the Object as shown below."
        },
        {
            "type": "text",
            "data": "Above \n\t\t\t Elevation -  Will place the Object above the Elevation \n\t\t\t established for the Object as shown below."
        },
        {
            "type": "text",
            "data": "Above \n\t\t\t Elevation -  Will place the Object above the Elevation \n\t\t\t established for the Object as shown below."
        },
        {
            "type": "text",
            "data": "Above \n\t\t\t Elevation -  Will place the Object above the Elevation \n\t\t\t established for the Object as shown below."
        },
        {
            "type": "text",
            "data": "Above \n\t\t\t Elevation -  Will place the Object above the Elevation \n\t\t\t established for the Object as shown below."
        },
        {
            "type": "image",
            "data": "image887.gif",
            "description": "[Placeholder for AI-generated description]"
        },
        {
            "type": "text",
            "data": "Above \n\t\t\t Positional -  Will place the Object above the value \n\t\t\t set for Vertical Positional on the  Room \n\t\t\t | Layout Tab  in Room Properties. \n Above \n\t\t\t Soffit -  Will place the Object above the Soffit as \n\t\t\t specified on the  Room \n\t\t\t | Layout Tab  in Room Properties. \n Below \n\t\t\t Elevation -  Will place the Object below the Elevation \n\t\t\t established for the Object as shown below."
        },
        {
            "type": "text",
            "data": "Above \n\t\t\t Positional -  Will place the Object above the value \n\t\t\t set for Vertical Positional on the  Room \n\t\t\t | Layout Tab  in Room Properties. \n Above \n\t\t\t Soffit -  Will place the Object above the Soffit as \n\t\t\t specified on the  Room \n\t\t\t | Layout Tab  in Room Properties. \n Below \n\t\t\t Elevation -  Will place the Object below the Elevation \n\t\t\t established for the Object as shown below."
        },
        {
            "type": "text",
            "data": "Above \n\t\t\t Positional -  Will place the Object above the value \n\t\t\t set for Vertical Positional on the  Room \n\t\t\t | Layout Tab  in Room Properties. \n Above \n\t\t\t Soffit -  Will place the Object above the Soffit as \n\t\t\t specified on the  Room \n\t\t\t | Layout Tab  in Room Properties. \n Below \n\t\t\t Elevation -  Will place the Object below the Elevation \n\t\t\t established for the Object as shown below."
        },
        {
            "type": "text",
            "data": "Above \n\t\t\t Positional -  Will place the Object above the value \n\t\t\t set for Vertical Positional on the  Room \n\t\t\t | Layout Tab  in Room Properties. \n Above \n\t\t\t Soffit -  Will place the Object above the Soffit as \n\t\t\t specified on the  Room \n\t\t\t | Layout Tab  in Room Properties. \n Below \n\t\t\t Elevation -  Will place the Object below the Elevation \n\t\t\t established for the Object as shown below."
        },
        {
            "type": "text",
            "data": "Above \n\t\t\t Positional -  Will place the Object above the value \n\t\t\t set for Vertical Positional on the  Room \n\t\t\t | Layout Tab  in Room Properties. \n Above \n\t\t\t Soffit -  Will place the Object above the Soffit as \n\t\t\t specified on the  Room \n\t\t\t | Layout Tab  in Room Properties. \n Below \n\t\t\t Elevation -  Will place the Object below the Elevation \n\t\t\t established for the Object as shown below."
        },
        {
            "type": "text",
            "data": "Above \n\t\t\t Positional -  Will place the Object above the value \n\t\t\t set for Vertical Positional on the  Room \n\t\t\t | Layout Tab  in Room Properties."
        },
        {
            "type": "text",
            "data": "Above \n\t\t\t Positional -  Will place the Object above the value \n\t\t\t set for Vertical Positional on the  Room \n\t\t\t | Layout Tab  in Room Properties."
        },
        {
            "type": "link",
            "data": {
                "text": "Room \n\t\t\t | Layout Tab",
                "uuid": "d65e7a89-83a0-46dd-af30-f8784cccc495",
                "description": "[Placeholder for AI-generated description]"
            }
        },
        {
            "type": "text",
            "data": "Above \n\t\t\t Soffit -  Will place the Object above the Soffit as \n\t\t\t specified on the  Room \n\t\t\t | Layout Tab  in Room Properties."
        },
        {
            "type": "text",
            "data": "Above \n\t\t\t Soffit -  Will place the Object above the Soffit as \n\t\t\t specified on the  Room \n\t\t\t | Layout Tab  in Room Properties."
        },
        {
            "type": "link",
            "data": {
                "text": "Room \n\t\t\t | Layout Tab",
                "uuid": "d65e7a89-83a0-46dd-af30-f8784cccc495",
                "description": "[Placeholder for AI-generated description]"
            }
        },
        {
            "type": "text",
            "data": "Below \n\t\t\t Elevation -  Will place the Object below the Elevation \n\t\t\t established for the Object as shown below."
        },
        {
            "type": "text",
            "data": "Below \n\t\t\t Elevation -  Will place the Object below the Elevation \n\t\t\t established for the Object as shown below."
        },
        {
            "type": "image",
            "data": "image888.gif",
            "description": "[Placeholder for AI-generated description]"
        },
        {
            "type": "text",
            "data": "Below \n\t\t\t Positional -  Will place the Object below the value \n\t\t\t set for Vertical Positional on the  Room \n\t\t\t | Layout Tab  in Room Properties. \n Ceiling \n\t\t\t -  Will place the Object at the Ceiling (Wall Height) \n\t\t\t as specified on the  Room \n\t\t\t | Layout Tab  in Room Properties. \n Counter \n\t\t\t Top -  Will place the Object above the Counter Top. \n Float \n\t\t\t -  Will allow free placement Vertically on the Wall/Corner. \n Floor \n\t\t\t -  Will place the Object on the Floor. \n Toe \n\t\t\t Height -  Will place the Object at the Toe Height. \n Under \n\t\t\t Counter -  Will place the Object below the Counter Top. \n Under \n\t\t\t Soffit -  Will place the Object below the Soffit as \n\t\t\t specified on the  Room \n\t\t\t | Layout Tab  in Room Properties. \n Under \n\t\t\t Uppers -  Will place the Object below the Upper Cabinets."
        },
        {
            "type": "text",
            "data": "Below \n\t\t\t Positional -  Will place the Object below the value \n\t\t\t set for Vertical Positional on the  Room \n\t\t\t | Layout Tab  in Room Properties. \n Ceiling \n\t\t\t -  Will place the Object at the Ceiling (Wall Height) \n\t\t\t as specified on the  Room \n\t\t\t | Layout Tab  in Room Properties. \n Counter \n\t\t\t Top -  Will place the Object above the Counter Top. \n Float \n\t\t\t -  Will allow free placement Vertically on the Wall/Corner. \n Floor \n\t\t\t -  Will place the Object on the Floor. \n Toe \n\t\t\t Height -  Will place the Object at the Toe Height. \n Under \n\t\t\t Counter -  Will place the Object below the Counter Top. \n Under \n\t\t\t Soffit -  Will place the Object below the Soffit as \n\t\t\t specified on the  Room \n\t\t\t | Layout Tab  in Room Properties. \n Under \n\t\t\t Uppers -  Will place the Object below the Upper Cabinets."
        },
        {
            "type": "text",
            "data": "Below \n\t\t\t Positional -  Will place the Object below the value \n\t\t\t set for Vertical Positional on the  Room \n\t\t\t | Layout Tab  in Room Properties. \n Ceiling \n\t\t\t -  Will place the Object at the Ceiling (Wall Height) \n\t\t\t as specified on the  Room \n\t\t\t | Layout Tab  in Room Properties. \n Counter \n\t\t\t Top -  Will place the Object above the Counter Top. \n Float \n\t\t\t -  Will allow free placement Vertically on the Wall/Corner. \n Floor \n\t\t\t -  Will place the Object on the Floor. \n Toe \n\t\t\t Height -  Will place the Object at the Toe Height. \n Under \n\t\t\t Counter -  Will place the Object below the Counter Top. \n Under \n\t\t\t Soffit -  Will place the Object below the Soffit as \n\t\t\t specified on the  Room \n\t\t\t | Layout Tab  in Room Properties. \n Under \n\t\t\t Uppers -  Will place the Object below the Upper Cabinets."
        },
        {
            "type": "text",
            "data": "Below \n\t\t\t Positional -  Will place the Object below the value \n\t\t\t set for Vertical Positional on the  Room \n\t\t\t | Layout Tab  in Room Properties. \n Ceiling \n\t\t\t -  Will place the Object at the Ceiling (Wall Height) \n\t\t\t as specified on the  Room \n\t\t\t | Layout Tab  in Room Properties. \n Counter \n\t\t\t Top -  Will place the Object above the Counter Top. \n Float \n\t\t\t -  Will allow free placement Vertically on the Wall/Corner. \n Floor \n\t\t\t -  Will place the Object on the Floor. \n Toe \n\t\t\t Height -  Will place the Object at the Toe Height. \n Under \n\t\t\t Counter -  Will place the Object below the Counter Top. \n Under \n\t\t\t Soffit -  Will place the Object below the Soffit as \n\t\t\t specified on the  Room \n\t\t\t | Layout Tab  in Room Properties. \n Under \n\t\t\t Uppers -  Will place the Object below the Upper Cabinets."
        },
        {
            "type": "text",
            "data": "Below \n\t\t\t Positional -  Will place the Object below the value \n\t\t\t set for Vertical Positional on the  Room \n\t\t\t | Layout Tab  in Room Properties. \n Ceiling \n\t\t\t -  Will place the Object at the Ceiling (Wall Height) \n\t\t\t as specified on the  Room \n\t\t\t | Layout Tab  in Room Properties. \n Counter \n\t\t\t Top -  Will place the Object above the Counter Top. \n Float \n\t\t\t -  Will allow free placement Vertically on the Wall/Corner. \n Floor \n\t\t\t -  Will place the Object on the Floor. \n Toe \n\t\t\t Height -  Will place the Object at the Toe Height. \n Under \n\t\t\t Counter -  Will place the Object below the Counter Top. \n Under \n\t\t\t Soffit -  Will place the Object below the Soffit as \n\t\t\t specified on the  Room \n\t\t\t | Layout Tab  in Room Properties. \n Under \n\t\t\t Uppers -  Will place the Object below the Upper Cabinets."
        },
        {
            "type": "text",
            "data": "Below \n\t\t\t Positional -  Will place the Object below the value \n\t\t\t set for Vertical Positional on the  Room \n\t\t\t | Layout Tab  in Room Properties."
        },
        {
            "type": "text",
            "data": "Below \n\t\t\t Positional -  Will place the Object below the value \n\t\t\t set for Vertical Positional on the  Room \n\t\t\t | Layout Tab  in Room Properties."
        },
        {
            "type": "link",
            "data": {
                "text": "Room \n\t\t\t | Layout Tab",
                "uuid": "d65e7a89-83a0-46dd-af30-f8784cccc495",
                "description": "[Placeholder for AI-generated description]"
            }
        },
        {
            "type": "text",
            "data": "Ceiling \n\t\t\t -  Will place the Object at the Ceiling (Wall Height) \n\t\t\t as specified on the  Room \n\t\t\t | Layout Tab  in Room Properties."
        },
        {
            "type": "text",
            "data": "Ceiling \n\t\t\t -  Will place the Object at the Ceiling (Wall Height) \n\t\t\t as specified on the  Room \n\t\t\t | Layout Tab  in Room Properties."
        },
        {
            "type": "link",
            "data": {
                "text": "Room \n\t\t\t | Layout Tab",
                "uuid": "d65e7a89-83a0-46dd-af30-f8784cccc495",
                "description": "[Placeholder for AI-generated description]"
            }
        },
        {
            "type": "text",
            "data": "Counter \n\t\t\t Top -  Will place the Object above the Counter Top."
        },
        {
            "type": "text",
            "data": "Counter \n\t\t\t Top -  Will place the Object above the Counter Top."
        },
        {
            "type": "text",
            "data": "Float \n\t\t\t -  Will allow free placement Vertically on the Wall/Corner."
        },
        {
            "type": "text",
            "data": "Float \n\t\t\t -  Will allow free placement Vertically on the Wall/Corner."
        },
        {
            "type": "text",
            "data": "Floor \n\t\t\t -  Will place the Object on the Floor."
        },
        {
            "type": "text",
            "data": "Floor \n\t\t\t -  Will place the Object on the Floor."
        },
        {
            "type": "text",
            "data": "Toe \n\t\t\t Height -  Will place the Object at the Toe Height."
        },
        {
            "type": "text",
            "data": "Toe \n\t\t\t Height -  Will place the Object at the Toe Height."
        },
        {
            "type": "text",
            "data": "Under \n\t\t\t Counter -  Will place the Object below the Counter Top."
        },
        {
            "type": "text",
            "data": "Under \n\t\t\t Counter -  Will place the Object below the Counter Top."
        },
        {
            "type": "text",
            "data": "Under \n\t\t\t Soffit -  Will place the Object below the Soffit as \n\t\t\t specified on the  Room \n\t\t\t | Layout Tab  in Room Properties."
        },
        {
            "type": "text",
            "data": "Under \n\t\t\t Soffit -  Will place the Object below the Soffit as \n\t\t\t specified on the  Room \n\t\t\t | Layout Tab  in Room Properties."
        },
        {
            "type": "link",
            "data": {
                "text": "Room \n\t\t\t | Layout Tab",
                "uuid": "d65e7a89-83a0-46dd-af30-f8784cccc495",
                "description": "[Placeholder for AI-generated description]"
            }
        },
        {
            "type": "text",
            "data": "Under \n\t\t\t Uppers -  Will place the Object below the Upper Cabinets."
        },
        {
            "type": "text",
            "data": "Under \n\t\t\t Uppers -  Will place the Object below the Upper Cabinets."
        },
        {
            "type": "text",
            "data": "The Preserves \n Tab"
        },
        {
            "type": "text",
            "data": "The Preserve Tab allows preservation of attributes, \n such as Material or Construction Methods."
        },
        {
            "type": "image",
            "data": "image889.gif",
            "description": "[Placeholder for AI-generated description]"
        },
        {
            "type": "text",
            "data": "Using this feature will effectively lock \n your Cabinet from further changes in other Jobs, therefore, it should \n be used sparingly."
        },
        {
            "type": "text",
            "data": "Edit"
        },
        {
            "type": "text",
            "data": "The Edit option takes the selected Assembly to the Assembly Level. You \n can, alternatively, double click the Assembly to take it to the Assembly \n Level."
        },
        {
            "type": "text",
            "data": "Section"
        },
        {
            "type": "text",
            "data": "Selecting this option will split the screen. The upper section is the \n Section Editor at the Assembly Level. The lower screen will show your \n Elevation. Whichever Assembly that is highlighted in the Elevation is \n the Assembly active in the Section Edit view. Simply click on the Assemblies \n in the Elevation to change the active Section Edit Assembly. This is a \n quicker way to Section Edit multiple Assemblies than the Right Click...Edit \n option."
        },
        {
            "type": "text",
            "data": "Boxed Ends  (Upper \n Cabinets)"
        },
        {
            "type": "text",
            "data": "Selecting this option will extend your Wall Cabinets ends to the Floor \n as in a Refrigerator Cabinet."
        },
        {
            "type": "image",
            "data": "image1129.gif",
            "description": "[Placeholder for AI-generated description]"
        },
        {
            "type": "text",
            "data": "Combine"
        },
        {
            "type": "text",
            "data": "Selecting this option will allow you to combine the selected Assembly \n or Toe Kick with another Assembly or Toe Kick. After selecting this command \n simply left click on the second Assembly or Toe Kick and they will be \n combined together."
        },
        {
            "type": "image",
            "data": "image1137.gif",
            "description": "[Placeholder for AI-generated description]"
        },
        {
            "type": "text",
            "data": "Split"
        },
        {
            "type": "text",
            "data": "Selecting this option will allow you to split the selected Assembly \n or Detached Toe equally into two pieces."
        },
        {
            "type": "text",
            "data": "Detach Toe"
        },
        {
            "type": "text",
            "data": "Selecting this option will separate your Toe Kick from the selected \n Assembly. This will make the Toe Kick a separate Assembly with its own \n Assembly Number."
        },
        {
            "type": "text",
            "data": "Rehinge"
        },
        {
            "type": "text",
            "data": "Selecting this option will allow you change the Hinge side for an Assembly, \n if it is a Single Door Assembly."
        },
        {
            "type": "text",
            "data": "Finish End"
        },
        {
            "type": "text",
            "data": "Selecting this option will allow you to change the end condition for \n the selected Assembly."
        },
        {
            "type": "image",
            "data": "image1138.gif",
            "description": "[Placeholder for AI-generated description]"
        },
        {
            "type": "text",
            "data": "Properties"
        },
        {
            "type": "text",
            "data": "Selecting this option will open the Assemblies Property Options. There \n are 4 possible Tabs in the Assembly Properties Screen:"
        },
        {
            "type": "text",
            "data": "General Tab"
        },
        {
            "type": "image",
            "data": "image890.gif",
            "description": "[Placeholder for AI-generated description]"
        },
        {
            "type": "text",
            "data": "Following are the properties you can modify on the General Tab:"
        },
        {
            "type": "text",
            "data": "Name"
        },
        {
            "type": "text",
            "data": "The Name field allows you to edit the name \n of the Object."
        },
        {
            "type": "text",
            "data": "Quantity"
        },
        {
            "type": "text",
            "data": "You can change the Quantity of the selected \n Object. This will not add a new Assembly to your Layout but will add it \n to the Report area."
        },
        {
            "type": "text",
            "data": "Description"
        },
        {
            "type": "text",
            "data": "You can modify the Description of the selected \n Object."
        },
        {
            "type": "text",
            "data": "Snap \n Points"
        },
        {
            "type": "text",
            "data": "When selecting an Appliance \n or other decorative object you have an option to not show Snap Points \n for those Objects."
        },
        {
            "type": "text",
            "data": "Exposed Interior"
        },
        {
            "type": "text",
            "data": "Placing a check will apply the Exterior Finish \n to the Interior of the selected Assembly and will instruct the Cabinet \n to utilize the Material Schedule selected for Exposed Interior in Job/Room/Cabinet \n Properties."
        },
        {
            "type": "text",
            "data": "Comment Tab"
        },
        {
            "type": "text",
            "data": "This Tab will allow you to add Comments to your Assembly. These Comments \n will be displayed on Assembly Sheets and in selected Reports you generate."
        },
        {
            "type": "image",
            "data": "image891.gif",
            "description": "[Placeholder for AI-generated description]"
        },
        {
            "type": "text",
            "data": "Finishes Tab"
        },
        {
            "type": "text",
            "data": "This Tab allows you to modify the Interior \n and/or Exterior Finish for the selected Assembly."
        },
        {
            "type": "image",
            "data": "image892.gif",
            "description": "[Placeholder for AI-generated description]"
        },
        {
            "type": "text",
            "data": "Legs Tab"
        },
        {
            "type": "text",
            "data": "This Tab allows you to select the Legs to use on the selected Assembly."
        },
        {
            "type": "image",
            "data": "image893.gif",
            "description": "[Placeholder for AI-generated description]"
        },
        {
            "type": "text",
            "data": "This list will include the following Materials to choose from:"
        },
        {
            "type": "text",
            "data": "Bun Foot \n Caster \n Leg Leveler \n Pedestal Leg \n Tapered Leg"
        },
        {
            "type": "text",
            "data": "Bun Foot"
        },
        {
            "type": "text",
            "data": "Bun Foot"
        },
        {
            "type": "text",
            "data": "Caster"
        },
        {
            "type": "text",
            "data": "Caster"
        },
        {
            "type": "text",
            "data": "Leg Leveler"
        },
        {
            "type": "text",
            "data": "Leg Leveler"
        },
        {
            "type": "text",
            "data": "Pedestal Leg"
        },
        {
            "type": "text",
            "data": "Pedestal Leg"
        },
        {
            "type": "text",
            "data": "Tapered Leg"
        },
        {
            "type": "text",
            "data": "Tapered Leg"
        },
        {
            "type": "text",
            "data": "Overrides Tab"
        },
        {
            "type": "text",
            "data": "This Tab allows you to View and/or Remove any Overrides that may be \n present on the selected Assembly."
        },
        {
            "type": "image",
            "data": "image894.gif",
            "description": "[Placeholder for AI-generated description]"
        }
    ],
    "source_file": "CVEnglish_Essential\\Room_Level\\Right_Click_Options\\RLRC_On_One_Assembly.htm",
    "version": "2024",
    "source_type": "help_file"
}