{
    "id": "d4345c64-79ac-4380-9800-4b1b2d0076f8",
    "title": "RLSB_Assembly_Sheet",
    "content": [
        {
            "type": "text",
            "data": "Assembly Sheet -"
        },
        {
            "type": "image",
            "data": "S2M.jpg",
            "description": "[Placeholder for AI-generated description]"
        },
        {
            "type": "image",
            "data": "image101.gif",
            "description": "[Placeholder for AI-generated description]"
        },
        {
            "type": "text",
            "data": "Assembly sheets are special Reports designed for your assemblers. They will typically have a picture of a single Assembly in the upper right corner of the printout, with all the Parts that go to that Assembly down the left side of the printout, and all the specifications for that Assembly along the bottom of the printout. See the Assembly Sheet Layout section later in this topic for more information."
        },
        {
            "type": "image",
            "data": "image856.gif",
            "description": "[Placeholder for AI-generated description]"
        },
        {
            "type": "text",
            "data": "To Print Assembly Sheet for one Assembly in a Room, select the Assembly to print, and then click on Print."
        },
        {
            "type": "text",
            "data": "To Print Assembly Sheets for only some of the Assemblies in a Room; select the Assemblies to print with your mouse while holding down  , and then click on Print."
        },
        {
            "type": "image",
            "data": "ctrl_key.png",
            "description": "[Placeholder for AI-generated description]"
        },
        {
            "type": "text",
            "data": "To Print Assembly Sheets for all Assemblies in the Job, select the \"Select All\" option and then click on Print."
        },
        {
            "type": "text",
            "data": "The Assembly Sheets Layout"
        },
        {
            "type": "text",
            "data": "There are four main sections of the Assembly Sheet Template that ships with Solid."
        },
        {
            "type": "image",
            "data": "image103.gif",
            "description": "[Placeholder for AI-generated description]"
        },
        {
            "type": "text",
            "data": "Cut List Data Table (in Red)"
        },
        {
            "type": "text",
            "data": "This area of the Assembly Sheet displays the Cut List for your Assembly. This list also will include Hardware included in the Assembly as well as any  Comments  that have been added to the Assembly."
        },
        {
            "type": "link",
            "data": {
                "text": "Comments",
                "uuid": "be29a521-2d0f-4030-8911-87f747cacb90",
                "description": "[Placeholder for AI-generated description]"
            }
        },
        {
            "type": "text",
            "data": "Container (in Green)"
        },
        {
            "type": "text",
            "data": "This area will display a graphic of the Primary Face of the Assembly. It also, at the top, includes the Assembly number, Name, Size, and Quantity."
        },
        {
            "type": "text",
            "data": "Assembly Properties (in Blue)"
        },
        {
            "type": "text",
            "data": "This area displays general Assembly Properties."
        },
        {
            "type": "text",
            "data": "When values for Scribes are displayed it is important to note that when an Interior Scribes is noted the value for the scribe will be in parenthesis."
        },
        {
            "type": "image",
            "data": "Information.png",
            "description": "[Placeholder for AI-generated description]"
        }
    ],
    "source_file": "CVEnglish_Essential\\Room_Level\\Side_Bar\\RLSB_Assembly_Sheet.htm",
    "version": "2024",
    "source_type": "help_file"
}