{
    "id": "c364cda2-94c1-45c4-950a-125c6e19bd95",
    "title": "RLSB_CAD",
    "content": [
        {
            "type": "text",
            "data": "Top \n > \n \n \n Room Level \n > \n \n Sidebar \n > \n \n CAD \n > \n \n CAD"
        },
        {
            "type": "text",
            "data": "Top \n >"
        },
        {
            "type": "text",
            "data": "Room Level \n >"
        },
        {
            "type": "link",
            "data": {
                "text": "Room Level",
                "uuid": "9eaa492c-0405-4da7-8e0f-a6ff4e047890",
                "description": "[Placeholder for AI-generated description]"
            }
        },
        {
            "type": "text",
            "data": "Sidebar \n >"
        },
        {
            "type": "link",
            "data": {
                "text": "Sidebar",
                "uuid": "f07520a2-0645-4a40-b8d9-a72c15b5c147",
                "description": "[Placeholder for AI-generated description]"
            }
        },
        {
            "type": "text",
            "data": "CAD \n >"
        },
        {
            "type": "link",
            "data": {
                "text": "CAD",
                "uuid": "c364cda2-94c1-45c4-950a-125c6e19bd95",
                "description": "[Placeholder for AI-generated description]"
            }
        },
        {
            "type": "text",
            "data": "CAD"
        },
        {
            "type": "text",
            "data": "CAD"
        },
        {
            "type": "text",
            "data": "CAD -"
        },
        {
            "type": "image",
            "data": "image74.gif",
            "description": "[Placeholder for AI-generated description]"
        },
        {
            "type": "image",
            "data": "image1924.gif",
            "description": "[Placeholder for AI-generated description]"
        },
        {
            "type": "text",
            "data": "The CAD feature is available at the Drawings View by clicking the CAD button on the sidebar."
        },
        {
            "type": "text",
            "data": "See the  Main Tab  and  Right Click Options  topics for more information."
        },
        {
            "type": "link",
            "data": {
                "text": "Main Tab",
                "uuid": "b2e0e61a-3db8-4e05-86e8-8de0e1729d3d",
                "description": "[Placeholder for AI-generated description]"
            }
        },
        {
            "type": "link",
            "data": {
                "text": "Right Click Options",
                "uuid": "522714fd-7dde-462a-abb5-79fd0e7bad8e",
                "description": "[Placeholder for AI-generated description]"
            }
        }
    ],
    "source_file": "CVEnglish_Essential\\Room_Level\\Side_Bar\\CAD\\RLSB_CAD.htm",
    "version": "2024",
    "source_type": "help_file"
}