{
    "id": "69ea3379-074d-467d-9c9d-e1f2bd84ad67",
    "title": "RLSB_Decore-ative_Specialties",
    "content": [
        {
            "type": "text",
            "data": "Top \n > \n \n \n Room Level \n > \n \n Sidebar \n > \n \n Decore-ative Specialties"
        },
        {
            "type": "text",
            "data": "Top \n >"
        },
        {
            "type": "text",
            "data": "Room Level \n >"
        },
        {
            "type": "link",
            "data": {
                "text": "Room Level",
                "uuid": "9eaa492c-0405-4da7-8e0f-a6ff4e047890",
                "description": "[Placeholder for AI-generated description]"
            }
        },
        {
            "type": "text",
            "data": "Sidebar \n >"
        },
        {
            "type": "link",
            "data": {
                "text": "Sidebar",
                "uuid": "f07520a2-0645-4a40-b8d9-a72c15b5c147",
                "description": "[Placeholder for AI-generated description]"
            }
        },
        {
            "type": "text",
            "data": "Decore-ative Specialties"
        },
        {
            "type": "text",
            "data": "Decore-ative Specialties"
        },
        {
            "type": "text",
            "data": "Decore-ative Specialties -"
        },
        {
            "type": "image",
            "data": "image185.gif",
            "description": "[Placeholder for AI-generated description]"
        },
        {
            "type": "image",
            "data": "image1931.gif",
            "description": "[Placeholder for AI-generated description]"
        },
        {
            "type": "text",
            "data": "If you have received the Decore-ative Specialties Door Catalog from Decore-ative Specialties you will use this button to transfer Door Orders to Decore's web based ordering system."
        },
        {
            "type": "text",
            "data": "For more information on the Decore-ative Specialties Catalog contact them at:"
        },
        {
            "type": "text",
            "data": "Website:  http://www.decore.com  and Click on Downloads"
        },
        {
            "type": "text",
            "data": "Phone:  1-877-4-DECORE"
        },
        {
            "type": "text",
            "data": "Email:  info@decore.com"
        }
    ],
    "source_file": "CVEnglish_Essential\\Room_Level\\Side_Bar\\RLSB_Decore-ative_Specialties.htm",
    "version": "2024",
    "source_type": "help_file"
}