{
    "id": "7534a4f7-8686-44aa-96b1-7ac305ab0a61",
    "title": "RLSB_Available_Scenes",
    "content": [
        {
            "type": "text",
            "data": "Top \n > \n \n \n Room Level \n > \n \n Sidebar \n > \n \n Available Scenes"
        },
        {
            "type": "text",
            "data": "Top \n >"
        },
        {
            "type": "text",
            "data": "Room Level \n >"
        },
        {
            "type": "link",
            "data": {
                "text": "Room Level",
                "uuid": "9eaa492c-0405-4da7-8e0f-a6ff4e047890",
                "description": "[Placeholder for AI-generated description]"
            }
        },
        {
            "type": "text",
            "data": "Sidebar \n >"
        },
        {
            "type": "link",
            "data": {
                "text": "Sidebar",
                "uuid": "f07520a2-0645-4a40-b8d9-a72c15b5c147",
                "description": "[Placeholder for AI-generated description]"
            }
        },
        {
            "type": "text",
            "data": "Available Scenes"
        },
        {
            "type": "text",
            "data": "Available Scenes"
        },
        {
            "type": "text",
            "data": "Available Scenes -"
        },
        {
            "type": "image",
            "data": "image74.gif",
            "description": "[Placeholder for AI-generated description]"
        },
        {
            "type": "image",
            "data": "image1932.gif",
            "description": "[Placeholder for AI-generated description]"
        },
        {
            "type": "text",
            "data": "This section displays any views that have been sent \"To Drawing\" using the right click \"To Drawing\" option. The list will also indicate the status of each scene. An asterisk next to the scene means something has changed since in the view the Scene was shot from. A check mark next to the scene means that the scene is placed on a Drawing Sheet."
        },
        {
            "type": "text",
            "data": "Simply drag a Scene from the list to the Drawings area just like you place an Object on a Wall from the Objects area."
        },
        {
            "type": "text",
            "data": "You have two options to size a Scene which has been placed on a Drawing Sheet."
        },
        {
            "type": "text",
            "data": "Scale -  See the  Right Click on Scene-Page  topic for more information. \n \n \n Grip Sizing -  When selecting a Scene on the Drawing Sheet you will get handles at the corners and mid points which you can use to re-size the Scene. Utilizing this method will not produce a standard Scaled scene. However, once you get it around the size you want you can go to Scale and tweak the User Scale that is applied using this method."
        },
        {
            "type": "text",
            "data": "Scale -  See the  Right Click on Scene-Page  topic for more information."
        },
        {
            "type": "text",
            "data": "Scale -  See the  Right Click on Scene-Page  topic for more information."
        },
        {
            "type": "link",
            "data": {
                "text": "Right Click on Scene-Page",
                "uuid": "2a1a884e-1277-4740-bf21-6082b5971a32",
                "description": "[Placeholder for AI-generated description]"
            }
        },
        {
            "type": "text",
            "data": "Grip Sizing -  When selecting a Scene on the Drawing Sheet you will get handles at the corners and mid points which you can use to re-size the Scene. Utilizing this method will not produce a standard Scaled scene. However, once you get it around the size you want you can go to Scale and tweak the User Scale that is applied using this method."
        },
        {
            "type": "text",
            "data": "Grip Sizing -  When selecting a Scene on the Drawing Sheet you will get handles at the corners and mid points which you can use to re-size the Scene. Utilizing this method will not produce a standard Scaled scene. However, once you get it around the size you want you can go to Scale and tweak the User Scale that is applied using this method."
        },
        {
            "type": "text",
            "data": "Once a Scene is placed in the Drawings Area you can double click the Scene to take it to the CAD area for notation."
        },
        {
            "type": "image",
            "data": "Information.png",
            "description": "[Placeholder for AI-generated description]"
        },
        {
            "type": "text",
            "data": "There is also a Preview option in this area. There are two choices here:"
        },
        {
            "type": "image",
            "data": "image2012.gif",
            "description": "[Placeholder for AI-generated description]"
        },
        {
            "type": "text",
            "data": "None -  Turns off the Scene Preview when selecting a Scene from the Available Scenes list."
        },
        {
            "type": "text",
            "data": "All -  Displays a Preview for All selected Scenes."
        }
    ],
    "source_file": "CVEnglish_Essential\\Room_Level\\Side_Bar\\RLSB_Available_Scenes.htm",
    "version": "2024",
    "source_type": "help_file"
}