{
    "id": "59835844-0c7d-4e44-b35e-b3eca6068d0e",
    "title": "RLSB_Walls",
    "content": [
        {
            "type": "text",
            "data": "Top \n > \n \n \n Room Level \n > \n \n Sidebar \n > \n \n Walls"
        },
        {
            "type": "text",
            "data": "Top \n >"
        },
        {
            "type": "text",
            "data": "Room Level \n >"
        },
        {
            "type": "link",
            "data": {
                "text": "Room Level",
                "uuid": "9eaa492c-0405-4da7-8e0f-a6ff4e047890",
                "description": "[Placeholder for AI-generated description]"
            }
        },
        {
            "type": "text",
            "data": "Sidebar \n >"
        },
        {
            "type": "link",
            "data": {
                "text": "Sidebar",
                "uuid": "f07520a2-0645-4a40-b8d9-a72c15b5c147",
                "description": "[Placeholder for AI-generated description]"
            }
        },
        {
            "type": "text",
            "data": "Walls"
        },
        {
            "type": "text",
            "data": "Walls"
        },
        {
            "type": "text",
            "data": "Walls -"
        },
        {
            "type": "image",
            "data": "image70.gif",
            "description": "[Placeholder for AI-generated description]"
        },
        {
            "type": "image",
            "data": "image1918.gif",
            "description": "[Placeholder for AI-generated description]"
        },
        {
            "type": "text",
            "data": "Upon entering the Wall Editor you will notice the ribbonbar changes. This topic will focus on four sections."
        },
        {
            "type": "image",
            "data": "image2491.gif",
            "description": "[Placeholder for AI-generated description]"
        },
        {
            "type": "text",
            "data": "Layers Section"
        },
        {
            "type": "image",
            "data": "image687.jpg",
            "description": "[Placeholder for AI-generated description]"
        },
        {
            "type": "text",
            "data": "There are two options in the Layer selector:"
        },
        {
            "type": "text",
            "data": "Walls -  The default Layer and the one the Walls are drawn on."
        },
        {
            "type": "text",
            "data": "Construction -  This Layer allows you to draw Construction/Reference Lines to assist in laying out your Room."
        },
        {
            "type": "text",
            "data": "Depending on which Layer is active that some options in the Modify section of the Ribbonbar may or may not be available."
        },
        {
            "type": "image",
            "data": "Information.png",
            "description": "[Placeholder for AI-generated description]"
        },
        {
            "type": "text",
            "data": "Inquiry Section"
        },
        {
            "type": "text",
            "data": "There are three options in the Inquiry section:"
        },
        {
            "type": "text",
            "data": "Select"
        },
        {
            "type": "image",
            "data": "image2492.gif",
            "description": "[Placeholder for AI-generated description]"
        },
        {
            "type": "text",
            "data": "See the Select option in the  CAD Main Tab  topic for more information."
        },
        {
            "type": "link",
            "data": {
                "text": "CAD Main Tab",
                "uuid": "b2e0e61a-3db8-4e05-86e8-8de0e1729d3d",
                "description": "[Placeholder for AI-generated description]"
            }
        },
        {
            "type": "text",
            "data": "Select All"
        },
        {
            "type": "image",
            "data": "image2493.gif",
            "description": "[Placeholder for AI-generated description]"
        },
        {
            "type": "text",
            "data": "See the Select All option in the  CAD Main Tab  topic for more information."
        },
        {
            "type": "link",
            "data": {
                "text": "CAD Main Tab",
                "uuid": "b2e0e61a-3db8-4e05-86e8-8de0e1729d3d",
                "description": "[Placeholder for AI-generated description]"
            }
        },
        {
            "type": "text",
            "data": "Measure"
        },
        {
            "type": "image",
            "data": "image2494.gif",
            "description": "[Placeholder for AI-generated description]"
        },
        {
            "type": "text",
            "data": "See the Measure option in the  CAD Main Tab  topic for more information."
        },
        {
            "type": "link",
            "data": {
                "text": "CAD Main Tab",
                "uuid": "b2e0e61a-3db8-4e05-86e8-8de0e1729d3d",
                "description": "[Placeholder for AI-generated description]"
            }
        },
        {
            "type": "text",
            "data": "Modify Section"
        },
        {
            "type": "text",
            "data": "There are seven options in the Modify section:"
        },
        {
            "type": "text",
            "data": "Delete"
        },
        {
            "type": "image",
            "data": "image2495.gif",
            "description": "[Placeholder for AI-generated description]"
        },
        {
            "type": "text",
            "data": "See the Delete option in the  CAD Main Tab  topic for more information."
        },
        {
            "type": "link",
            "data": {
                "text": "CAD Main Tab",
                "uuid": "b2e0e61a-3db8-4e05-86e8-8de0e1729d3d",
                "description": "[Placeholder for AI-generated description]"
            }
        },
        {
            "type": "text",
            "data": "Drawing Section"
        },
        {
            "type": "text",
            "data": "There are four options in the Drawing section:"
        },
        {
            "type": "text",
            "data": "Line"
        },
        {
            "type": "image",
            "data": "image2496.gif",
            "description": "[Placeholder for AI-generated description]"
        },
        {
            "type": "text",
            "data": "Using the Line option allows you to draw one Wall at a time by selecting the start point then the end point. See the Line option in the  CAD Main Tab  topic for more information."
        },
        {
            "type": "link",
            "data": {
                "text": "CAD Main Tab",
                "uuid": "b2e0e61a-3db8-4e05-86e8-8de0e1729d3d",
                "description": "[Placeholder for AI-generated description]"
            }
        },
        {
            "type": "text",
            "data": "Chained Line"
        },
        {
            "type": "image",
            "data": "image2497.gif",
            "description": "[Placeholder for AI-generated description]"
        },
        {
            "type": "text",
            "data": "The default Wall drawing mode. Using the Chained Line option allows you to draw connected Walls where each click establishes both end of the current Wall and the start of the next Wall. See the Chained Line option in the  CAD Main Tab  topic for more information."
        },
        {
            "type": "link",
            "data": {
                "text": "CAD Main Tab",
                "uuid": "b2e0e61a-3db8-4e05-86e8-8de0e1729d3d",
                "description": "[Placeholder for AI-generated description]"
            }
        },
        {
            "type": "text",
            "data": "Line Box"
        },
        {
            "type": "image",
            "data": "image2498.gif",
            "description": "[Placeholder for AI-generated description]"
        },
        {
            "type": "text",
            "data": "Using the Line Box option allows you to draw four connected Walls as a rectangle with two clicks establishing the two diagonally opposite corners of the Room. See the Line Box option in the  CAD Main Tab  topic for more information."
        },
        {
            "type": "link",
            "data": {
                "text": "CAD Main Tab",
                "uuid": "b2e0e61a-3db8-4e05-86e8-8de0e1729d3d",
                "description": "[Placeholder for AI-generated description]"
            }
        },
        {
            "type": "text",
            "data": "Drawing Walls"
        },
        {
            "type": "text",
            "data": "Click your mouse at the point you desire the Wall to begin. Note that creating the Walls in a clock wise direction around the perimeter of the Room will cause the dimension lines to appear on the outside of the Walls. This would be the normal procedure for placing Assemblies on the inside of the Room. After clicking the origin point for the Wall, release the left mouse button and pull the Wall in the direction you want it to run."
        },
        {
            "type": "image",
            "data": "RLSB_Walls.png",
            "description": "[Placeholder for AI-generated description]"
        },
        {
            "type": "text",
            "data": "Note the information in the sidebar will change to reflect the Length and angle as the Wall changes. You are free to enter the value for the Wall length at any time by typing in a value. To do this, simply type the value, you do not need to click anywhere or perform any other action prior to entering the value, assuming that the data box for the Wall length is filled with a background color. If you desire to enter values for the other data boxes, use   to move down, or    +  \u00a0  to navigate upward."
        },
        {
            "type": "image",
            "data": "tab_key2.png",
            "description": "[Placeholder for AI-generated description]"
        },
        {
            "type": "image",
            "data": "shift_key.png",
            "description": "[Placeholder for AI-generated description]"
        },
        {
            "type": "image",
            "data": "tab_key2.png",
            "description": "[Placeholder for AI-generated description]"
        },
        {
            "type": "text",
            "data": "If you are creating the Wall with the mouse only using Chained Line, which is the default, to complete the Wall, left click at the location for the end of the Wall, if you wish to stop drawing Walls simply right click the mouse and select the Select option to complete. To create subsequent Walls, simply drag the mouse to the end point of your next Wall."
        },
        {
            "type": "text",
            "data": "Final adjustment to Wall dimensions can be made by left clicking on the Wall, and entering data in the sidebar as described above."
        },
        {
            "type": "text",
            "data": "Right click on a Wall for options regarding \"Connect Left\" or \"Connect Right\". These options will cause the Walls to connect if they are close enough to one another and not connected to another Wall at the same end. See the  Right Click a Wall in Plan View  topic for more information."
        },
        {
            "type": "link",
            "data": {
                "text": "Right Click a Wall in Plan View",
                "uuid": "d7979e24-0312-4722-9109-b5687a5aa11f",
                "description": "[Placeholder for AI-generated description]"
            }
        },
        {
            "type": "text",
            "data": "Creating Angled Walls"
        },
        {
            "type": "text",
            "data": "To create angled Walls you can simply drag to the Angle desired and eyeball the Angle value in the Left window. Or you can, while dragging the Wall, press the function key F3 on the keyboard to bring up the Angle Calculator. You can use the Angle Calculator to calculate inside angles only, using the 3/4/5 method."
        },
        {
            "type": "image",
            "data": "image842.gif",
            "description": "[Placeholder for AI-generated description]"
        },
        {
            "type": "text",
            "data": "Simply enter in the 3 values A, B, and C. Click the Calculate button and then OK to lock the Angle. At this point simply click the end of your Wall or type a value for the Length of the Wall and press  ."
        },
        {
            "type": "image",
            "data": "enter_key.png",
            "description": "[Placeholder for AI-generated description]"
        }
    ],
    "source_file": "CVEnglish_Essential\\Room_Level\\Side_Bar\\RLSB_Walls.htm",
    "version": "2024",
    "source_type": "help_file"
}