{
    "id": "65729ffd-159b-428f-9fa5-ae5af66bcaa6",
    "title": "S2M_Center_Views",
    "content": [
        {
            "type": "text",
            "data": "The S2M Center Views"
        },
        {
            "type": "text",
            "data": "The Parts and Material List View"
        },
        {
            "type": "text",
            "data": "Click one of the areas below for more Information"
        },
        {
            "type": "image",
            "data": "Part_List_View.png",
            "description": "[Placeholder for AI-generated description]"
        },
        {
            "type": "text",
            "data": "The Patterns and Parts View"
        },
        {
            "type": "text",
            "data": "Click one of the areas below for more Information"
        },
        {
            "type": "image",
            "data": "Pattern_View.png",
            "description": "[Placeholder for AI-generated description]"
        }
    ],
    "source_file": "NCEnglish_Optimizer\\Introduction\\S2M_Center_Views.htm",
    "version": "2024",
    "source_type": "help_file"
}