{
    "id": "de70718a-288c-4714-855b-0a38533d7be2",
    "title": "S2M_Startup_Group",
    "content": [
        {
            "type": "text",
            "data": "S2M Optimizer Startup Group"
        },
        {
            "type": "text",
            "data": "In Windows 10 click the Windows Start Button   \n then scroll to and select the S2M Optimizer 11 Group."
        },
        {
            "type": "image",
            "data": "image150.gif",
            "description": "[Placeholder for AI-generated description]"
        },
        {
            "type": "image",
            "data": "image149.gif",
            "description": "[Placeholder for AI-generated description]"
        },
        {
            "type": "text",
            "data": "In previous versions of Windows go to  Start \n | All Programs | S2M Optimizer 11"
        },
        {
            "type": "text",
            "data": "There are four possible options in the Startup Group:"
        },
        {
            "type": "text",
            "data": "S2M \n\t Optimizer 11  - Launches the S2M Optimizer. \n S2M \n\t Optimizer 11 Help  - Opens this Help System. \n System \n\t Information -  Opens the Vero System Information Utility. \n Update \n\t S2M Optimizer 11 Databases  - Launches the Update Database Utility \n\t which compacts and repairs S2M Optimizer Database Files."
        },
        {
            "type": "text",
            "data": "S2M \n\t Optimizer 11  - Launches the S2M Optimizer."
        },
        {
            "type": "text",
            "data": "S2M \n\t Optimizer 11  - Launches the S2M Optimizer."
        },
        {
            "type": "text",
            "data": "S2M \n\t Optimizer 11 Help  - Opens this Help System."
        },
        {
            "type": "text",
            "data": "S2M \n\t Optimizer 11 Help  - Opens this Help System."
        },
        {
            "type": "text",
            "data": "System \n\t Information -  Opens the Vero System Information Utility."
        },
        {
            "type": "text",
            "data": "System \n\t Information -  Opens the Vero System Information Utility."
        },
        {
            "type": "text",
            "data": "Update \n\t S2M Optimizer 11 Databases  - Launches the Update Database Utility \n\t which compacts and repairs S2M Optimizer Database Files."
        },
        {
            "type": "text",
            "data": "Update \n\t S2M Optimizer 11 Databases  - Launches the Update Database Utility \n\t which compacts and repairs S2M Optimizer Database Files."
        }
    ],
    "source_file": "NCEnglish_Optimizer\\Introduction\\S2M_Startup_Group.htm",
    "version": "2024",
    "source_type": "help_file"
}