{
    "id": "5a4cf81c-0928-4cd4-b499-8d92eaefc2ab",
    "title": "SCM_Ottimo",
    "content": [
        {
            "type": "text",
            "data": "SCM Ottimo"
        },
        {
            "type": "text",
            "data": "This is a  Panel Saw  Link."
        },
        {
            "type": "text",
            "data": "PTX file format for SCM Gabianni Ottimo Optimizer."
        }
    ],
    "source_file": "NCEnglish_Optimizer\\Ribbonbar\\Main_Tab\\Machine\\NC_Links\\Saw_Links\\SCM_Ottimo.htm",
    "version": "2024",
    "source_type": "help_file"
}