{
    "id": "9b725df6-0c26-413a-a144-31840f4aca26",
    "title": "SCMI_WinCut",
    "content": [
        {
            "type": "text",
            "data": "SCMI WinCut"
        },
        {
            "type": "text",
            "data": "This is a  Panel Saw  Link."
        },
        {
            "type": "text",
            "data": "SCMI Sigma / Galaxy Series using WinCut Control"
        }
    ],
    "source_file": "NCEnglish_Optimizer\\Ribbonbar\\Main_Tab\\Machine\\NC_Links\\Saw_Links\\SCMI_WinCut.htm",
    "version": "2024",
    "source_type": "help_file"
}