{
    "id": "9ee7b3e6-6581-460c-a3d0-f17d959dc555",
    "title": "Selco_XML",
    "content": [
        {
            "type": "text",
            "data": "Selco XML"
        },
        {
            "type": "text",
            "data": "This is a  Panel Saw  Link."
        },
        {
            "type": "text",
            "data": "This link is for the Selco OptiPlanning XML format."
        }
    ],
    "source_file": "NCEnglish_Optimizer\\Ribbonbar\\Main_Tab\\Machine\\NC_Links\\Saw_Links\\Selco_XML.htm",
    "version": "2024",
    "source_type": "help_file"
}