{
    "id": "4eb2f55c-5aba-47db-896b-259746d5a5b7",
    "title": "Select_Outline_Tool",
    "content": [
        {
            "type": "text",
            "data": "Select Outline Tool"
        },
        {
            "type": "image",
            "data": "image358.png",
            "description": "[Placeholder for AI-generated description]"
        },
        {
            "type": "text",
            "data": "This Tool allows you to assign specific Tools as the Outline Tool for the selected Material in the  Material List ."
        },
        {
            "type": "link",
            "data": {
                "text": "Material List",
                "uuid": "ab886459-c541-45ce-a7b1-dd27daab2560",
                "description": "[Placeholder for AI-generated description]"
            }
        },
        {
            "type": "image",
            "data": "image359.png",
            "description": "[Placeholder for AI-generated description]"
        },
        {
            "type": "text",
            "data": "You can, with the Machine selector, also assign different Outline Tools based on which Machine the Material is being Machined on."
        },
        {
            "type": "image",
            "data": "Information.png",
            "description": "[Placeholder for AI-generated description]"
        },
        {
            "type": "text",
            "data": "Also note that you can control which Tool is used depending in whether the Material Face is Up or the Material Face is Down on your Machine."
        },
        {
            "type": "image",
            "data": "Information.png",
            "description": "[Placeholder for AI-generated description]"
        }
    ],
    "source_file": "NCEnglish\\Ribbonbar\\Utilities_Tab\\Material_Catalog\\Toolbar\\Select_Outline_Tool.htm",
    "version": "2024",
    "source_type": "help_file"
}