{
    "id": "1182a86f-762e-4210-b7d9-d432e05d054a",
    "title": "Select_an_Object_3D_View",
    "content": [
        {
            "type": "text",
            "data": "Select an Object 3D View"
        },
        {
            "type": "text",
            "data": "When selecting an Object in 3D View, depending upon the Object Type \n selected, you gain the ability to change some of that Objects Visual and \n Material Properties. You can select more than one Object at a time by \n using    + Left Mouse \n Click ."
        },
        {
            "type": "image",
            "data": "ctrl_key.png",
            "description": "[Placeholder for AI-generated description]"
        },
        {
            "type": "text",
            "data": "See the Right Click on an Object 3D View topic for more 3D Object selection \n options."
        },
        {
            "type": "image",
            "data": "Information.png",
            "description": "[Placeholder for AI-generated description]"
        },
        {
            "type": "text",
            "data": "The Finish or Texture that is selected will only affect parts using materials \n that do not have a Finish or Texture assigned."
        },
        {
            "type": "image",
            "data": "Information.png",
            "description": "[Placeholder for AI-generated description]"
        },
        {
            "type": "text",
            "data": "Selecting a Cabinet or Group of Cabinets"
        },
        {
            "type": "text",
            "data": "When selecting a Cabinet or a group of Cabinets you get the following \n options in the Room Level Sidebar:"
        },
        {
            "type": "image",
            "data": "image1089.gif",
            "description": "[Placeholder for AI-generated description]"
        },
        {
            "type": "text",
            "data": "Visual \n\t - Exterior Finish -  Changes the Exterior Finish on the selected \n\t Object(s). \n Visual \n\t - Interior Finish -  Changes the Interior Finish on the selected \n\t Object(s). \n Visual \n\t - Exterior Texture -  Changes the Exterior Texture on the selected \n\t Object(s). \n Visual \n\t - Interior Texture -  Changes the Interior Texture on the selected \n\t Objects(s). \n Materials \n\t - Assembly -  Changes the Assembly Material Schedule used for \n\t the selected Cabinet. \n Materials \n\t - Pulls -  Changes the Pull Material Schedule used for the selected \n\t Cabinet."
        },
        {
            "type": "text",
            "data": "Visual \n\t - Exterior Finish -  Changes the Exterior Finish on the selected \n\t Object(s)."
        },
        {
            "type": "text",
            "data": "Visual \n\t - Exterior Finish -  Changes the Exterior Finish on the selected \n\t Object(s)."
        },
        {
            "type": "text",
            "data": "Visual \n\t - Interior Finish -  Changes the Interior Finish on the selected \n\t Object(s)."
        },
        {
            "type": "text",
            "data": "Visual \n\t - Interior Finish -  Changes the Interior Finish on the selected \n\t Object(s)."
        },
        {
            "type": "text",
            "data": "Visual \n\t - Exterior Texture -  Changes the Exterior Texture on the selected \n\t Object(s)."
        },
        {
            "type": "text",
            "data": "Visual \n\t - Exterior Texture -  Changes the Exterior Texture on the selected \n\t Object(s)."
        },
        {
            "type": "text",
            "data": "Visual \n\t - Interior Texture -  Changes the Interior Texture on the selected \n\t Objects(s)."
        },
        {
            "type": "text",
            "data": "Visual \n\t - Interior Texture -  Changes the Interior Texture on the selected \n\t Objects(s)."
        },
        {
            "type": "text",
            "data": "Materials \n\t - Assembly -  Changes the Assembly Material Schedule used for \n\t the selected Cabinet."
        },
        {
            "type": "text",
            "data": "Materials \n\t - Assembly -  Changes the Assembly Material Schedule used for \n\t the selected Cabinet."
        },
        {
            "type": "text",
            "data": "Materials \n\t - Pulls -  Changes the Pull Material Schedule used for the selected \n\t Cabinet."
        },
        {
            "type": "text",
            "data": "Materials \n\t - Pulls -  Changes the Pull Material Schedule used for the selected \n\t Cabinet."
        },
        {
            "type": "text",
            "data": "Selecting an Appliance"
        },
        {
            "type": "image",
            "data": "image1090.gif",
            "description": "[Placeholder for AI-generated description]"
        },
        {
            "type": "text",
            "data": "Visual \n\t - Appliance Finish -  Changes the selected Appliance's Finish. \n Visual \n\t - Handle Finish -  Changes the Handle Finish on the selected \n\t Appliance. \n Visual \n\t - Finish Type -  Changes the Finish Type on the selected Appliance."
        },
        {
            "type": "text",
            "data": "Visual \n\t - Appliance Finish -  Changes the selected Appliance's Finish."
        },
        {
            "type": "text",
            "data": "Visual \n\t - Appliance Finish -  Changes the selected Appliance's Finish."
        },
        {
            "type": "text",
            "data": "Visual \n\t - Handle Finish -  Changes the Handle Finish on the selected \n\t Appliance."
        },
        {
            "type": "text",
            "data": "Visual \n\t - Handle Finish -  Changes the Handle Finish on the selected \n\t Appliance."
        },
        {
            "type": "text",
            "data": "Visual \n\t - Finish Type -  Changes the Finish Type on the selected Appliance."
        },
        {
            "type": "text",
            "data": "Visual \n\t - Finish Type -  Changes the Finish Type on the selected Appliance."
        },
        {
            "type": "text",
            "data": "Selecting a Counter Top"
        },
        {
            "type": "image",
            "data": "image1092.gif",
            "description": "[Placeholder for AI-generated description]"
        },
        {
            "type": "text",
            "data": "Visual \n\t - Finish -  Changes the Finish on the selected Object(s). \n Visual \n\t - Texture  - Changes the Texture on the selected Object(s). \n Materials \n\t - Counter -  Changes the Counter Top Material Schedule used \n\t for the selected Counter Top."
        },
        {
            "type": "text",
            "data": "Visual \n\t - Finish -  Changes the Finish on the selected Object(s)."
        },
        {
            "type": "text",
            "data": "Visual \n\t - Finish -  Changes the Finish on the selected Object(s)."
        },
        {
            "type": "text",
            "data": "Visual \n\t - Texture  - Changes the Texture on the selected Object(s)."
        },
        {
            "type": "text",
            "data": "Visual \n\t - Texture  - Changes the Texture on the selected Object(s)."
        },
        {
            "type": "text",
            "data": "Materials \n\t - Counter -  Changes the Counter Top Material Schedule used \n\t for the selected Counter Top."
        },
        {
            "type": "text",
            "data": "Materials \n\t - Counter -  Changes the Counter Top Material Schedule used \n\t for the selected Counter Top."
        },
        {
            "type": "text",
            "data": "Selecting Molding"
        },
        {
            "type": "image",
            "data": "image1093.gif",
            "description": "[Placeholder for AI-generated description]"
        },
        {
            "type": "text",
            "data": "Visual \n\t - Finish -  Changes the Finish on the selected Object(s). \n Visual \n\t - Texture -  Changes the Texture on the selected Object(s). \n Visual \n\t - Finish Type -  Changes the Finish Type on the selected Object(s). \n Molding \n\t - Profile -  Changes the Profile used for the selected Molding."
        },
        {
            "type": "text",
            "data": "Visual \n\t - Finish -  Changes the Finish on the selected Object(s)."
        },
        {
            "type": "text",
            "data": "Visual \n\t - Finish -  Changes the Finish on the selected Object(s)."
        },
        {
            "type": "text",
            "data": "Visual \n\t - Texture -  Changes the Texture on the selected Object(s)."
        },
        {
            "type": "text",
            "data": "Visual \n\t - Texture -  Changes the Texture on the selected Object(s)."
        },
        {
            "type": "text",
            "data": "Visual \n\t - Finish Type -  Changes the Finish Type on the selected Object(s)."
        },
        {
            "type": "text",
            "data": "Visual \n\t - Finish Type -  Changes the Finish Type on the selected Object(s)."
        },
        {
            "type": "text",
            "data": "Molding \n\t - Profile -  Changes the Profile used for the selected Molding."
        },
        {
            "type": "text",
            "data": "Molding \n\t - Profile -  Changes the Profile used for the selected Molding."
        },
        {
            "type": "text",
            "data": "Selecting a Wall"
        },
        {
            "type": "image",
            "data": "image1094.gif",
            "description": "[Placeholder for AI-generated description]"
        },
        {
            "type": "text",
            "data": "Visual \n\t - Finish -  Changes the Finish on the selected Object(s). \n Visual \n\t - Texture -  Changes the Texture on the selected Object(s). \n Visual \n\t - Finish Type -  Changes the Finish Type on the selected Object(s)."
        },
        {
            "type": "text",
            "data": "Visual \n\t - Finish -  Changes the Finish on the selected Object(s)."
        },
        {
            "type": "text",
            "data": "Visual \n\t - Finish -  Changes the Finish on the selected Object(s)."
        },
        {
            "type": "text",
            "data": "Visual \n\t - Texture -  Changes the Texture on the selected Object(s)."
        },
        {
            "type": "text",
            "data": "Visual \n\t - Texture -  Changes the Texture on the selected Object(s)."
        },
        {
            "type": "text",
            "data": "Visual \n\t - Finish Type -  Changes the Finish Type on the selected Object(s)."
        },
        {
            "type": "text",
            "data": "Visual \n\t - Finish Type -  Changes the Finish Type on the selected Object(s)."
        },
        {
            "type": "text",
            "data": "Selecting a Ceiling"
        },
        {
            "type": "image",
            "data": "image1095.gif",
            "description": "[Placeholder for AI-generated description]"
        },
        {
            "type": "text",
            "data": "Visual \n\t - Finish -  Changes the Color (Finish) on the selected Object(s). \n Visual \n\t - Texture -  Changes the Texture on the selected Object(s). \n Visual \n\t - Finish Type -  Changes the Finish Type on the selected Object(s)."
        },
        {
            "type": "text",
            "data": "Visual \n\t - Finish -  Changes the Color (Finish) on the selected Object(s)."
        },
        {
            "type": "text",
            "data": "Visual \n\t - Finish -  Changes the Color (Finish) on the selected Object(s)."
        },
        {
            "type": "text",
            "data": "Visual \n\t - Texture -  Changes the Texture on the selected Object(s)."
        },
        {
            "type": "text",
            "data": "Visual \n\t - Texture -  Changes the Texture on the selected Object(s)."
        },
        {
            "type": "text",
            "data": "Visual \n\t - Finish Type -  Changes the Finish Type on the selected Object(s)."
        },
        {
            "type": "text",
            "data": "Visual \n\t - Finish Type -  Changes the Finish Type on the selected Object(s)."
        },
        {
            "type": "text",
            "data": "Selecting a Floor"
        },
        {
            "type": "image",
            "data": "image1096.gif",
            "description": "[Placeholder for AI-generated description]"
        },
        {
            "type": "text",
            "data": "Visual \n\t - Finish -  Changes the Color (Finish) on the selected Object(s). \n Visual \n\t - Texture -  Changes the Texture on the selected Object(s). \n Visual \n\t - Finish Type -  Changes the Finish Type on the selected Object(s)."
        },
        {
            "type": "text",
            "data": "Visual \n\t - Finish -  Changes the Color (Finish) on the selected Object(s)."
        },
        {
            "type": "text",
            "data": "Visual \n\t - Finish -  Changes the Color (Finish) on the selected Object(s)."
        },
        {
            "type": "text",
            "data": "Visual \n\t - Texture -  Changes the Texture on the selected Object(s)."
        },
        {
            "type": "text",
            "data": "Visual \n\t - Texture -  Changes the Texture on the selected Object(s)."
        },
        {
            "type": "text",
            "data": "Visual \n\t - Finish Type -  Changes the Finish Type on the selected Object(s)."
        },
        {
            "type": "text",
            "data": "Visual \n\t - Finish Type -  Changes the Finish Type on the selected Object(s)."
        }
    ],
    "source_file": "CVEnglish_Essential\\Room_Level\\Side_Bar\\Select_an_Object_3D_View.htm",
    "version": "2024",
    "source_type": "help_file"
}