{
    "id": "22908c6d-89e4-42d5-9a9a-0d2ca5399f20",
    "title": "Send_My_Clients_Drawings_to_Review",
    "content": [
        {
            "type": "text",
            "data": "Send My Clients Drawings to Review"
        },
        {
            "type": "text",
            "data": "If a Client of mine does not have Solid and they want to see their Job, how can I send them pictures of different views?"
        },
        {
            "type": "text",
            "data": "Method #1"
        },
        {
            "type": "text",
            "data": "Go to the option  Clipboard | Copy  from whatever view you are in. Then simply open up your favorite word processor or imaging application and click paste and the picture will be pasted on the page. You can then print out and Fax or File...Send via email to your client."
        },
        {
            "type": "link",
            "data": {
                "text": "Clipboard | Copy",
                "uuid": "c442daed-e295-4777-9383-500cb9f71f2f",
                "description": "[Placeholder for AI-generated description]"
            }
        },
        {
            "type": "text",
            "data": "Method #2 (easiest)"
        },
        {
            "type": "text",
            "data": "Another option which is even easier is to purchase a PDF Writer. There are several well known applications that will write PDF files. There are even some free ones on the Internet, such as  PDF995  or  PDF Factory , or you can get a professional version from  Adobe  called Acrobat, which allows you to print any document to a .pdf file format that can then be sent to your client."
        },
        {
            "type": "text",
            "data": "After one of the above formats (or files) has been created, it needs to be placed in an email as an attachment."
        },
        {
            "type": "image",
            "data": "Information.png",
            "description": "[Placeholder for AI-generated description]"
        }
    ],
    "source_file": "CVEnglish_Essential\\Tips_Tricks_&_FAQs\\FAQs\\HDI-Presentation\\Send_My_Clients_Drawings_to_Review.htm",
    "version": "2024",
    "source_type": "help_file"
}