{
    "id": "35f603ec-eff8-4b0e-9c80-88305322a9f1",
    "title": "Set_Columns",
    "content": [
        {
            "type": "text",
            "data": "Set Columns"
        },
        {
            "type": "image",
            "data": "image355.gif",
            "description": "[Placeholder for AI-generated description]"
        },
        {
            "type": "text",
            "data": "The Set Columns option is available in the Part and Material List area \n as well as the Pattern View."
        },
        {
            "type": "text",
            "data": "Set Columns - Parts and Material List Area"
        },
        {
            "type": "text",
            "data": "The Set Columns option allows you to change which Columns are displayed \n in the Part List area."
        },
        {
            "type": "image",
            "data": "image825.gif",
            "description": "[Placeholder for AI-generated description]"
        },
        {
            "type": "image",
            "data": "image198.gif",
            "description": "[Placeholder for AI-generated description]"
        },
        {
            "type": "text",
            "data": "The Show/Hide Columns option also allows you \n to change which Columns are displayed in the Material List area."
        },
        {
            "type": "image",
            "data": "image905.gif",
            "description": "[Placeholder for AI-generated description]"
        },
        {
            "type": "image",
            "data": "image199.gif",
            "description": "[Placeholder for AI-generated description]"
        },
        {
            "type": "text",
            "data": "The Show/Hide Columns option also allows you \n to change which Columns are displayed in the Pattern View."
        },
        {
            "type": "image",
            "data": "image913.gif",
            "description": "[Placeholder for AI-generated description]"
        },
        {
            "type": "image",
            "data": "image200.gif",
            "description": "[Placeholder for AI-generated description]"
        },
        {
            "type": "text",
            "data": "In addition to controlling which items display \n you can also control the order in which the columns appear. Simply click \n and drag the item you want to move into its new position."
        }
    ],
    "source_file": "NCEnglish_Optimizer\\Ribbonbar\\Main_Tab\\Set_Columns.htm",
    "version": "2024",
    "source_type": "help_file"
}