{
    "id": "3b8608b7-97be-4e3c-92ed-8fba28052d53",
    "title": "Setup_Package",
    "content": [
        {
            "type": "text",
            "data": "Setup Package"
        },
        {
            "type": "image",
            "data": "image376.png",
            "description": "[Placeholder for AI-generated description]"
        },
        {
            "type": "text",
            "data": "The Setup Package utility is a means to transfer specific objects from one computer running S2M CENTER to another."
        },
        {
            "type": "text",
            "data": "Exporting a Setup Package"
        },
        {
            "type": "text",
            "data": "The Setup Package feature allows you to create a single file that can store and transfer multiple custom items for import into another S2M CENTER users or S2M CENTER Techs system."
        },
        {
            "type": "text",
            "data": "The following list of items can be added to a package for transfer:"
        },
        {
            "type": "text",
            "data": "Labels (Label-IT Labels or Saw Graphic designs only)"
        },
        {
            "type": "text",
            "data": "Machines"
        },
        {
            "type": "text",
            "data": "Tools"
        },
        {
            "type": "text",
            "data": "If you select a Tool Set it will automatically import all Tools associated with that Tool Set."
        },
        {
            "type": "text",
            "data": "If you select a Tool Set it will automatically import all Tools associated with that Tool Set."
        },
        {
            "type": "text",
            "data": "If you select a Tool Set it will automatically import all Tools associated with that Tool Set."
        },
        {
            "type": "text",
            "data": "Materials"
        },
        {
            "type": "text",
            "data": "Library Parts"
        },
        {
            "type": "text",
            "data": "This topic explains how to export a package and send it to Tech Support or another S2M CENTER user."
        },
        {
            "type": "text",
            "data": "Go to the  Utilities Tab | Setup Package"
        },
        {
            "type": "text",
            "data": "Go to the  Utilities Tab | Setup Package"
        },
        {
            "type": "text",
            "data": "Go to the  Utilities Tab | Setup Package"
        },
        {
            "type": "text",
            "data": "Select the item or items you would like to include in the Package from the list on the left side of the screen. After highlighting an item you want to add to the package simply click the \"Add Items To Package\" button in the lower left corner. There is no limit to the number of items that can be added to a package."
        },
        {
            "type": "text",
            "data": "Select the item or items you would like to include in the Package from the list on the left side of the screen. After highlighting an item you want to add to the package simply click the \"Add Items To Package\" button in the lower left corner. There is no limit to the number of items that can be added to a package."
        },
        {
            "type": "text",
            "data": "Select the item or items you would like to include in the Package from the list on the left side of the screen. After highlighting an item you want to add to the package simply click the \"Add Items To Package\" button in the lower left corner. There is no limit to the number of items that can be added to a package."
        },
        {
            "type": "image",
            "data": "image514.png",
            "description": "[Placeholder for AI-generated description]"
        },
        {
            "type": "text",
            "data": "After selecting the items to add to the package click on the \"Save Current Package\" tool in the toolbar."
        },
        {
            "type": "text",
            "data": "After selecting the items to add to the package click on the \"Save Current Package\" tool in the toolbar."
        },
        {
            "type": "text",
            "data": "After selecting the items to add to the package click on the \"Save Current Package\" tool in the toolbar."
        },
        {
            "type": "text",
            "data": "In the graphic below we selected two Tool Sets and the Packager automatically imported the all the individual Tools that make up each Tool Set."
        },
        {
            "type": "image",
            "data": "Information.png",
            "description": "[Placeholder for AI-generated description]"
        },
        {
            "type": "image",
            "data": "image515.png",
            "description": "[Placeholder for AI-generated description]"
        },
        {
            "type": "text",
            "data": "Select a location to save the Package and type in a Name for the Package then select \"Save\". \n \n \n You may now either close the Setup Package screen or, if you use MS Outlook or Outlook Express, you can click on the \"E-Mail Current Package\" tool in the top toolbar. This will attach the Package to your e-mail and allow you to e-mail the SetupPackage to Tech Support or to another S2M CENTER User. \n \n \n You may now close the Setup Package screen. You have successfully exported a Package from the S2M CENTER."
        },
        {
            "type": "text",
            "data": "Select a location to save the Package and type in a Name for the Package then select \"Save\"."
        },
        {
            "type": "text",
            "data": "Select a location to save the Package and type in a Name for the Package then select \"Save\"."
        },
        {
            "type": "text",
            "data": "You may now either close the Setup Package screen or, if you use MS Outlook or Outlook Express, you can click on the \"E-Mail Current Package\" tool in the top toolbar. This will attach the Package to your e-mail and allow you to e-mail the SetupPackage to Tech Support or to another S2M CENTER User."
        },
        {
            "type": "text",
            "data": "You may now either close the Setup Package screen or, if you use MS Outlook or Outlook Express, you can click on the \"E-Mail Current Package\" tool in the top toolbar. This will attach the Package to your e-mail and allow you to e-mail the SetupPackage to Tech Support or to another S2M CENTER User."
        },
        {
            "type": "text",
            "data": "You may now close the Setup Package screen. You have successfully exported a Package from the S2M CENTER."
        },
        {
            "type": "text",
            "data": "You may now close the Setup Package screen. You have successfully exported a Package from the S2M CENTER."
        },
        {
            "type": "text",
            "data": "Importing a Setup Package"
        },
        {
            "type": "text",
            "data": "This topic explains how to import a package that has been sent to you by Tech Support or another S2M CENTER user."
        },
        {
            "type": "text",
            "data": "Go to  Utilities Tab | Setup Package"
        },
        {
            "type": "text",
            "data": "Go to  Utilities Tab | Setup Package"
        },
        {
            "type": "text",
            "data": "Go to  Utilities Tab | Setup Package"
        },
        {
            "type": "text",
            "data": "Click the \"Open An Existing Package\" tool in the toolbar."
        },
        {
            "type": "text",
            "data": "Click the \"Open An Existing Package\" tool in the toolbar."
        },
        {
            "type": "text",
            "data": "Click the \"Open An Existing Package\" tool in the toolbar."
        },
        {
            "type": "image",
            "data": "image518.png",
            "description": "[Placeholder for AI-generated description]"
        },
        {
            "type": "text",
            "data": "Select the package file from the location where it is being stored and click Open."
        },
        {
            "type": "text",
            "data": "Select the package file from the location where it is being stored and click Open."
        },
        {
            "type": "text",
            "data": "Select the package file from the location where it is being stored and click Open."
        },
        {
            "type": "text",
            "data": "Click the Import tab."
        },
        {
            "type": "text",
            "data": "Click the Import tab."
        },
        {
            "type": "text",
            "data": "Click the Import tab."
        },
        {
            "type": "image",
            "data": "image520.png",
            "description": "[Placeholder for AI-generated description]"
        },
        {
            "type": "text",
            "data": "Click the \"Import Package\" button."
        },
        {
            "type": "text",
            "data": "Click the \"Import Package\" button."
        },
        {
            "type": "text",
            "data": "Click the \"Import Package\" button."
        },
        {
            "type": "image",
            "data": "image521.png",
            "description": "[Placeholder for AI-generated description]"
        },
        {
            "type": "text",
            "data": "Prior to importing you can optionally have all the names of the objects imported from the Package by setting a Prefix using the Add Preix button on the Import tab."
        },
        {
            "type": "image",
            "data": "Information.png",
            "description": "[Placeholder for AI-generated description]"
        },
        {
            "type": "image",
            "data": "SetPrefix.png",
            "description": "[Placeholder for AI-generated description]"
        },
        {
            "type": "text",
            "data": "Overwriting Existing Items"
        },
        {
            "type": "text",
            "data": "Following are the options that allow you to choose how to Overwrite items that already existed in your system."
        },
        {
            "type": "image",
            "data": "OverwriteExisting.png",
            "description": "[Placeholder for AI-generated description]"
        },
        {
            "type": "text",
            "data": "All Matches - Overwrite -  Will overwrite all existing items in your database with the contents of the Package. \n All Matches - Use Existing -  Will use all the existing items in your database rather than overwrite them with the Package contents. \n Chil Matches - Overwrite -  Will overwrite all existing children of items in the Package that match those in your database. \n Child Matches - Use Existing -  Will use all the existing children in your database rather than overwrite them with the Package contents. \n Toggle Overwrite -  Allows you to Overwrite existing items by selecting them individually. This will cause items in the Package to either overwrite the existing item or to use the existing item."
        },
        {
            "type": "text",
            "data": "All Matches - Overwrite -  Will overwrite all existing items in your database with the contents of the Package."
        },
        {
            "type": "text",
            "data": "All Matches - Use Existing -  Will use all the existing items in your database rather than overwrite them with the Package contents."
        },
        {
            "type": "text",
            "data": "Chil Matches - Overwrite -  Will overwrite all existing children of items in the Package that match those in your database."
        },
        {
            "type": "text",
            "data": "Child Matches - Use Existing -  Will use all the existing children in your database rather than overwrite them with the Package contents."
        },
        {
            "type": "text",
            "data": "Toggle Overwrite -  Allows you to Overwrite existing items by selecting them individually. This will cause items in the Package to either overwrite the existing item or to use the existing item."
        },
        {
            "type": "text",
            "data": "Click on OK for the Import Complete notice."
        },
        {
            "type": "text",
            "data": "Click on OK for the Import Complete notice."
        },
        {
            "type": "text",
            "data": "Click on OK for the Import Complete notice."
        },
        {
            "type": "image",
            "data": "image387.png",
            "description": "[Placeholder for AI-generated description]"
        },
        {
            "type": "text",
            "data": "You may now close the Package screen you have successfully imported a Package into the S2M CENTER."
        },
        {
            "type": "text",
            "data": "You may now close the Package screen you have successfully imported a Package into the S2M CENTER."
        },
        {
            "type": "text",
            "data": "You may now close the Package screen you have successfully imported a Package into the S2M CENTER."
        }
    ],
    "source_file": "NCEnglish\\Ribbonbar\\Utilities_Tab\\Setup_Package.htm",
    "version": "2024",
    "source_type": "help_file"
}