{
    "id": "74637236-a8d7-472b-a7b7-0621066f5222",
    "title": "Setup_Multiple_Drawer_Guide_Lengths",
    "content": [
        {
            "type": "text",
            "data": "Setup Multiple Drawer Guide Lengths"
        },
        {
            "type": "text",
            "data": "How do I properly setup multiple Drawer Guide Length selection?"
        },
        {
            "type": "text",
            "data": "First off Drawer Guide length is based off of the Drawer Boxes Depth not the Cabinets Depth. The first step in the process is to verify that  Drawer Box Depths  are being calculated correctly. If they are not it does not matter how you setup the Drawer Guide lengths. Once you have verified that the Depths of the Drawer Boxes are correct then focus on the Drawer Guide Lengths."
        },
        {
            "type": "link",
            "data": {
                "text": "Drawer Box Depths",
                "uuid": "8dc8d249-bf95-4e42-b01a-d8229c93d0f0",
                "description": "[Placeholder for AI-generated description]"
            }
        },
        {
            "type": "text",
            "data": "Make sure that the Parent guide is set to the shortest length you would use. Then set each increment above that down the line."
        },
        {
            "type": "text",
            "data": "Parent --- Accuride 12\""
        },
        {
            "type": "text",
            "data": ">= 14 \u00a0--- Accuride 14\""
        },
        {
            "type": "text",
            "data": ">= 16 \u00a0--- Accuride 16\""
        },
        {
            "type": "text",
            "data": ">= 18 \u00a0--- Accuride 18\""
        },
        {
            "type": "text",
            "data": ">= 20 \u00a0--- Accuride 20\""
        },
        {
            "type": "text",
            "data": ">= 22 \u00a0--- Accuride 22\""
        },
        {
            "type": "text",
            "data": ">= 24 \u00a0--- Accuride 24\""
        },
        {
            "type": "text",
            "data": "The Greater Than or Equal to references the Drawer Box Depth. A Drawer Box Depth, in the above scenario, Greater than or Equal to 14\" would utilize the Accuride 14\" Drawer Guide."
        },
        {
            "type": "image",
            "data": "Information.png",
            "description": "[Placeholder for AI-generated description]"
        },
        {
            "type": "text",
            "data": "Keep in mind that it uses the Parent if the other conditions are not met, in this case a Drawer Box depth that is less than 14\" would utilize the Parent, in this case Accuride 12\". If I had my Parent setup as Accuride 22\" it would place a 22\" guide on Drawer Box Depths less than 14\". As you can see setting the Parent wrong can cause problems."
        },
        {
            "type": "text",
            "data": "The key here is to verify that the Drawer Box depths are correct first. Then focus on the Guide Schedules. If you follow these basic \"guide\" lines you shouldn't have any problems."
        }
    ],
    "source_file": "CVEnglish_Essential\\Tips_Tricks_&_FAQs\\FAQs\\HDI-Advanced_Features\\Setup_Multiple_Drawer_Guide_Lengths.htm",
    "version": "2024",
    "source_type": "help_file"
}