{
    "id": "732d1563-0cb9-440e-91c5-6acd99e54b88",
    "title": "Show_Additional_Material_Sizes",
    "content": [
        {
            "type": "text",
            "data": "Show Additional Material Sizes"
        },
        {
            "type": "image",
            "data": "image509.png",
            "description": "[Placeholder for AI-generated description]"
        },
        {
            "type": "text",
            "data": "This tool, see highlighted area in the figure below, allows you to specify additional sheet sizes for the selected Material."
        },
        {
            "type": "image",
            "data": "image505.png",
            "description": "[Placeholder for AI-generated description]"
        },
        {
            "type": "text",
            "data": "By clicking the green arrow to the left of the list you can add a new Sheet Size. Simply enter its Width, Length, and Cost and you are ready to go."
        },
        {
            "type": "image",
            "data": "image506.png",
            "description": "[Placeholder for AI-generated description]"
        },
        {
            "type": "text",
            "data": "Enabling/Disabling using the option in column two determines whether the additional sheet size is available for Optimization/Nesting."
        },
        {
            "type": "image",
            "data": "Information.png",
            "description": "[Placeholder for AI-generated description]"
        }
    ],
    "source_file": "NCEnglish\\Ribbonbar\\Utilities_Tab\\Material_Catalog\\Toolbar\\Show_Additional_Material_Sizes.htm",
    "version": "2024",
    "source_type": "help_file"
}