{
    "id": "efccfb08-3969-4024-b278-1b998c76c9be",
    "title": "Show_Advanced_Tool_Strategy",
    "content": [
        {
            "type": "text",
            "data": "Show Advanced Tool Strategy"
        },
        {
            "type": "image",
            "data": "image360.png",
            "description": "[Placeholder for AI-generated description]"
        },
        {
            "type": "text",
            "data": "When selecting this tool the Material List will be split and a Tool Selection screen will be added to the bottom. This option not only allows you to assign specific Tools to your Materials but once selected, allows you to control the Feed, Descent, Speed (RPM), and Max Depth when utilizing the selected Tool with the selected Material."
        },
        {
            "type": "image",
            "data": "image503.png",
            "description": "[Placeholder for AI-generated description]"
        }
    ],
    "source_file": "NCEnglish\\Ribbonbar\\Utilities_Tab\\Material_Catalog\\Toolbar\\Show_Advanced_Tool_Strategy.htm",
    "version": "2024",
    "source_type": "help_file"
}