{
    "id": "3bbac75c-2b61-42af-9bce-b90335e66dde",
    "title": "SL_Main_Tab",
    "content": [
        {
            "type": "text",
            "data": "Top   > \n \n System Level \n > \n \n Ribbonbar \n > \n \n Main Tab \n > \n \n Main Tab"
        },
        {
            "type": "text",
            "data": "Top   >"
        },
        {
            "type": "text",
            "data": "System Level \n >"
        },
        {
            "type": "link",
            "data": {
                "text": "System Level",
                "uuid": "4450866f-fd9c-46df-abf3-7843c5a1ef37",
                "description": "[Placeholder for AI-generated description]"
            }
        },
        {
            "type": "text",
            "data": "Ribbonbar \n >"
        },
        {
            "type": "link",
            "data": {
                "text": "Ribbonbar",
                "uuid": "3bbac75c-2b61-42af-9bce-b90335e66dde",
                "description": "[Placeholder for AI-generated description]"
            }
        },
        {
            "type": "text",
            "data": "Main Tab \n >"
        },
        {
            "type": "link",
            "data": {
                "text": "Main Tab",
                "uuid": "3bbac75c-2b61-42af-9bce-b90335e66dde",
                "description": "[Placeholder for AI-generated description]"
            }
        },
        {
            "type": "text",
            "data": "Main Tab"
        },
        {
            "type": "text",
            "data": "Main Tab"
        },
        {
            "type": "text",
            "data": "Main Tab"
        },
        {
            "type": "text",
            "data": "Click the options below for more information"
        },
        {
            "type": "image",
            "data": "image18.png",
            "description": "[Placeholder for AI-generated description]"
        }
    ],
    "source_file": "CVEnglish_Essential\\System_Level\\Ribbonbar\\Main_Tab\\SL_Main_Tab.htm",
    "version": "2024",
    "source_type": "help_file"
}