{
    "id": "2fed939d-ba55-4f35-94da-993f0e1b392e",
    "title": "SL_Material_Manager",
    "content": [
        {
            "type": "text",
            "data": "Material Manager"
        },
        {
            "type": "image",
            "data": "image2198.gif",
            "description": "[Placeholder for AI-generated description]"
        },
        {
            "type": "text",
            "data": "The Material Manager is simply a list of all Materials that could possibly be used in a Cabinet Vision Job. This list can be separated into Groups and Sub-Groups that you define so that you can find specific items more quickly."
        },
        {
            "type": "image",
            "data": "Material_Manager.png",
            "description": "[Placeholder for AI-generated description]"
        },
        {
            "type": "text",
            "data": "ALL Materials  must be listed in the Material Manager  BEFORE  they will be available inside a Job. \n \n \n There is no limit to the number of Materials that may be added to the Material Manager. Your only limitation is the size of your computer's hard drive. \n \n \n Make sure that every sheet good or board good that you enter has a valid  THICKNESS . The Thickness is the most important characteristic of a Material."
        },
        {
            "type": "text",
            "data": "ALL Materials  must be listed in the Material Manager  BEFORE  they will be available inside a Job."
        },
        {
            "type": "text",
            "data": "ALL Materials  must be listed in the Material Manager  BEFORE  they will be available inside a Job."
        },
        {
            "type": "text",
            "data": "There is no limit to the number of Materials that may be added to the Material Manager. Your only limitation is the size of your computer's hard drive."
        },
        {
            "type": "text",
            "data": "There is no limit to the number of Materials that may be added to the Material Manager. Your only limitation is the size of your computer's hard drive."
        },
        {
            "type": "text",
            "data": "Make sure that every sheet good or board good that you enter has a valid  THICKNESS . The Thickness is the most important characteristic of a Material."
        },
        {
            "type": "text",
            "data": "Make sure that every sheet good or board good that you enter has a valid  THICKNESS . The Thickness is the most important characteristic of a Material."
        },
        {
            "type": "text",
            "data": "Do not use any characters in the Material name except letters, numbers and a / character in fractions. The use of quotation marks (\") and the pound symbol (#) can cause errors in the S2M Center as well as other areas of Solid."
        },
        {
            "type": "image",
            "data": "Warning.png",
            "description": "[Placeholder for AI-generated description]"
        },
        {
            "type": "text",
            "data": "The Material Manager has three main areas:"
        },
        {
            "type": "text",
            "data": "Ribbonbar"
        },
        {
            "type": "link",
            "data": {
                "text": "Ribbonbar",
                "uuid": "afe34400-22a2-4d51-9383-a40dbf0ad041",
                "description": "[Placeholder for AI-generated description]"
            }
        },
        {
            "type": "text",
            "data": "Sidebar"
        },
        {
            "type": "link",
            "data": {
                "text": "Sidebar",
                "uuid": "ca2dde60-b199-4f82-b7d7-4d14cb21f1a4",
                "description": "[Placeholder for AI-generated description]"
            }
        },
        {
            "type": "text",
            "data": "Material Area"
        },
        {
            "type": "link",
            "data": {
                "text": "Material Area",
                "uuid": "6cbd077e-a108-4b70-8c99-f7dc097723bf",
                "description": "[Placeholder for AI-generated description]"
            }
        }
    ],
    "source_file": "CVEnglish_Essential\\System_Level\\Ribbonbar\\Main_Tab\\Catalogs_Group\\Material_Manager\\SL_Material_Manager.htm",
    "version": "2024",
    "source_type": "help_file"
}