{
    "id": "7a64057c-ee14-4724-b490-38009af08adb",
    "title": "SL_Material_Schedules",
    "content": [
        {
            "type": "text",
            "data": "Top \n > \n \n \n System Level \n > \n \n Ribbonbar \n > \n \n Main Tab \n > \n \n Catalogs Group \n > \n \n Material Schedule Manager \n > \n \n Material Schedules"
        },
        {
            "type": "text",
            "data": "Top \n >"
        },
        {
            "type": "text",
            "data": "System Level \n >"
        },
        {
            "type": "link",
            "data": {
                "text": "System Level",
                "uuid": "4450866f-fd9c-46df-abf3-7843c5a1ef37",
                "description": "[Placeholder for AI-generated description]"
            }
        },
        {
            "type": "text",
            "data": "Ribbonbar \n >"
        },
        {
            "type": "link",
            "data": {
                "text": "Ribbonbar",
                "uuid": "3bbac75c-2b61-42af-9bce-b90335e66dde",
                "description": "[Placeholder for AI-generated description]"
            }
        },
        {
            "type": "text",
            "data": "Main Tab \n >"
        },
        {
            "type": "link",
            "data": {
                "text": "Main Tab",
                "uuid": "3bbac75c-2b61-42af-9bce-b90335e66dde",
                "description": "[Placeholder for AI-generated description]"
            }
        },
        {
            "type": "text",
            "data": "Catalogs Group \n >"
        },
        {
            "type": "link",
            "data": {
                "text": "Catalogs Group",
                "uuid": "f4a43f08-b40b-442c-8f03-a96c2a64640f",
                "description": "[Placeholder for AI-generated description]"
            }
        },
        {
            "type": "text",
            "data": "Material Schedule Manager \n >"
        },
        {
            "type": "link",
            "data": {
                "text": "Material Schedule Manager",
                "uuid": "7a64057c-ee14-4724-b490-38009af08adb",
                "description": "[Placeholder for AI-generated description]"
            }
        },
        {
            "type": "text",
            "data": "Material Schedules"
        },
        {
            "type": "text",
            "data": "Material Schedules"
        },
        {
            "type": "text",
            "data": "Material Schedules"
        },
        {
            "type": "image",
            "data": "image10.gif",
            "description": "[Placeholder for AI-generated description]"
        },
        {
            "type": "text",
            "data": "Material schedules are created so that you can tie Parts from the  Part Manager  to Materials that you have created in the  Material Manager , inside a Job."
        },
        {
            "type": "link",
            "data": {
                "text": "Part Manager",
                "uuid": "f4a43f08-b40b-442c-8f03-a96c2a64640f",
                "description": "[Placeholder for AI-generated description]"
            }
        },
        {
            "type": "link",
            "data": {
                "text": "Material Manager",
                "uuid": "2fed939d-ba55-4f35-94da-993f0e1b392e",
                "description": "[Placeholder for AI-generated description]"
            }
        },
        {
            "type": "text",
            "data": "A Material Schedule is simply a template of the list of Materials assigned to specific Parts. For example, you might want to create a Material Schedule for an Oak Cabinet. To do so, you would go to the Assembly Parts Material Schedules and create a new one. You would probably want to call the Material Schedule something like \"Oak Cabinets.\" Next, you would go through the Schedule and assign the proper Material to each Assembly Part. Then, any time that you wanted to create a Job that included Cabinets made of oak, all that you would have to do is select the Oak Material Schedule in the  Materials  Property window, and then draw the Job. In other words, once a Material Schedule has been created, it can be used in any subsequent Jobs that require the same Materials. This should help to save time that would otherwise be used in assigning Materials for Assembly Parts in every Job."
        },
        {
            "type": "link",
            "data": {
                "text": "Materials",
                "uuid": "76001079-24fa-4a6f-a193-465113a8b432",
                "description": "[Placeholder for AI-generated description]"
            }
        },
        {
            "type": "image",
            "data": "Material_Schedule_Manager.png",
            "description": "[Placeholder for AI-generated description]"
        },
        {
            "type": "text",
            "data": "Ribbonbar"
        },
        {
            "type": "image",
            "data": "image248.gif",
            "description": "[Placeholder for AI-generated description]"
        },
        {
            "type": "text",
            "data": "Return"
        },
        {
            "type": "image",
            "data": "image2289.gif",
            "description": "[Placeholder for AI-generated description]"
        },
        {
            "type": "text",
            "data": "Closes the Material Schedule Manager and returns you to the Splash Screen."
        },
        {
            "type": "text",
            "data": "New"
        },
        {
            "type": "image",
            "data": "image2290.gif",
            "description": "[Placeholder for AI-generated description]"
        },
        {
            "type": "text",
            "data": "New Material Schedules can be created by clicking this option. The Type of Material Schedule created is determined by the current Type selected in the Material Schedule Type Selector."
        },
        {
            "type": "text",
            "data": "Copy"
        },
        {
            "type": "image",
            "data": "image2291.gif",
            "description": "[Placeholder for AI-generated description]"
        },
        {
            "type": "text",
            "data": "The Copy option will create a new Material Schedule that is a copy of the one currently selected. Use this option when an existing Material Schedule is very similar to one that you need to create. Then, simply change the Name of this copied Material Schedule and make the necessary changes so that it fits your needs."
        },
        {
            "type": "text",
            "data": "Delete"
        },
        {
            "type": "image",
            "data": "image2292.gif",
            "description": "[Placeholder for AI-generated description]"
        },
        {
            "type": "text",
            "data": "Deletes the currently selected Material Schedule."
        },
        {
            "type": "text",
            "data": "Material Schedule Type Selector"
        },
        {
            "type": "image",
            "data": "image2293.gif",
            "description": "[Placeholder for AI-generated description]"
        },
        {
            "type": "text",
            "data": "Allows selection of the Material Schedule Types you want to work with. Following are the available types, click them for information on how to set them up:"
        },
        {
            "type": "text",
            "data": "Assembly \n \n \n Counter Top \n \n \n Doors \n \n \n Drawer Box \n \n \n Drawer Guides \n \n \n Hinges \n \n \n Pulls \n \n \n Roll Out \n \n \n Rooms \n \n \n Sliding Door Rails"
        },
        {
            "type": "text",
            "data": "Assembly"
        },
        {
            "type": "text",
            "data": "Assembly"
        },
        {
            "type": "link",
            "data": {
                "text": "Assembly",
                "uuid": "d549fa6c-c6de-4ac1-9837-a3bb3e6af7a5",
                "description": "[Placeholder for AI-generated description]"
            }
        },
        {
            "type": "text",
            "data": "Counter Top"
        },
        {
            "type": "text",
            "data": "Counter Top"
        },
        {
            "type": "link",
            "data": {
                "text": "Counter Top",
                "uuid": "50517e2b-9dc7-4c8a-9e3c-2bea39a66706",
                "description": "[Placeholder for AI-generated description]"
            }
        },
        {
            "type": "text",
            "data": "Doors"
        },
        {
            "type": "text",
            "data": "Doors"
        },
        {
            "type": "link",
            "data": {
                "text": "Doors",
                "uuid": "94b9f888-f73f-4e07-b5c4-a992aa50b3ee",
                "description": "[Placeholder for AI-generated description]"
            }
        },
        {
            "type": "text",
            "data": "Drawer Box"
        },
        {
            "type": "text",
            "data": "Drawer Box"
        },
        {
            "type": "link",
            "data": {
                "text": "Drawer Box",
                "uuid": "a3544522-eaec-4c37-8eca-98fb128990c0",
                "description": "[Placeholder for AI-generated description]"
            }
        },
        {
            "type": "text",
            "data": "Drawer Guides"
        },
        {
            "type": "text",
            "data": "Drawer Guides"
        },
        {
            "type": "link",
            "data": {
                "text": "Drawer Guides",
                "uuid": "8596e3db-054a-4eb9-b724-6b6fca567e27",
                "description": "[Placeholder for AI-generated description]"
            }
        },
        {
            "type": "text",
            "data": "Hinges"
        },
        {
            "type": "text",
            "data": "Hinges"
        },
        {
            "type": "link",
            "data": {
                "text": "Hinges",
                "uuid": "5ce8230a-842f-456f-9f66-3b5f7ae45be7",
                "description": "[Placeholder for AI-generated description]"
            }
        },
        {
            "type": "text",
            "data": "Pulls"
        },
        {
            "type": "text",
            "data": "Pulls"
        },
        {
            "type": "link",
            "data": {
                "text": "Pulls",
                "uuid": "a465c0a1-6368-4a1c-a3ca-7464612d29bc",
                "description": "[Placeholder for AI-generated description]"
            }
        },
        {
            "type": "text",
            "data": "Roll Out"
        },
        {
            "type": "text",
            "data": "Roll Out"
        },
        {
            "type": "link",
            "data": {
                "text": "Roll Out",
                "uuid": "439e7638-f3a7-4998-a96a-79ffd8fd49fb",
                "description": "[Placeholder for AI-generated description]"
            }
        },
        {
            "type": "text",
            "data": "Rooms"
        },
        {
            "type": "text",
            "data": "Rooms"
        },
        {
            "type": "link",
            "data": {
                "text": "Rooms",
                "uuid": "cf3aae71-eba1-438b-ac18-c6867f001d85",
                "description": "[Placeholder for AI-generated description]"
            }
        },
        {
            "type": "text",
            "data": "Sliding Door Rails"
        },
        {
            "type": "text",
            "data": "Sliding Door Rails"
        },
        {
            "type": "link",
            "data": {
                "text": "Sliding Door Rails",
                "uuid": "1124e2f5-b1d8-49d7-a0ca-e7f455171ee7",
                "description": "[Placeholder for AI-generated description]"
            }
        },
        {
            "type": "text",
            "data": "Material Schedule Selector"
        },
        {
            "type": "image",
            "data": "image2294.gif",
            "description": "[Placeholder for AI-generated description]"
        },
        {
            "type": "text",
            "data": "Allows selection of the Material Schedule you wish to work with. This list will only show Material Schedules of the Type selected with the Material Schedule Type Selector."
        },
        {
            "type": "text",
            "data": "System Materials"
        },
        {
            "type": "image",
            "data": "image249.gif",
            "description": "[Placeholder for AI-generated description]"
        },
        {
            "type": "text",
            "data": "Opens the  Material Manager  to allow you to edit your Materials."
        },
        {
            "type": "link",
            "data": {
                "text": "Material Manager",
                "uuid": "2fed939d-ba55-4f35-94da-993f0e1b392e",
                "description": "[Placeholder for AI-generated description]"
            }
        },
        {
            "type": "text",
            "data": "Sidebar/Properties"
        },
        {
            "type": "text",
            "data": "See the Material Schedule Type Selector section previously covered in this topic for link to the individual Material Schedule Types Properties."
        },
        {
            "type": "text",
            "data": "Search Pane"
        },
        {
            "type": "text",
            "data": "Allows Quick Search and Saved Search functionality to quickly find a specific Material or Material meeting specific criteria. See the  Material Manager Sidebar  topic for more information the Search Pane."
        },
        {
            "type": "link",
            "data": {
                "text": "Material Manager Sidebar",
                "uuid": "ca2dde60-b199-4f82-b7d7-4d14cb21f1a4",
                "description": "[Placeholder for AI-generated description]"
            }
        },
        {
            "type": "text",
            "data": "Material List"
        },
        {
            "type": "text",
            "data": "This area lists all the Materials available to be assigned to your Parts. You can use drag & drop or click the assign   button to assign a Material to a selected Part."
        },
        {
            "type": "image",
            "data": "image2296.gif",
            "description": "[Placeholder for AI-generated description]"
        }
    ],
    "source_file": "CVEnglish_Essential\\System_Level\\Ribbonbar\\Main_Tab\\Catalogs_Group\\Material_Schedules\\SL_Material_Schedules.htm",
    "version": "2024",
    "source_type": "help_file"
}