{
    "id": "cbc31d10-9e5e-407e-9a76-4d1f47ca99bf",
    "title": "SL_Setup_Package",
    "content": [
        {
            "type": "text",
            "data": "Top \n > \n \n \n System Level \n > \n \n Ribbonbar \n > \n \n Utilities Tab \n > \n \n Tools Group \n > \n \n Setup Package"
        },
        {
            "type": "text",
            "data": "Top \n >"
        },
        {
            "type": "text",
            "data": "System Level \n >"
        },
        {
            "type": "link",
            "data": {
                "text": "System Level",
                "uuid": "4450866f-fd9c-46df-abf3-7843c5a1ef37",
                "description": "[Placeholder for AI-generated description]"
            }
        },
        {
            "type": "text",
            "data": "Ribbonbar \n >"
        },
        {
            "type": "link",
            "data": {
                "text": "Ribbonbar",
                "uuid": "3bbac75c-2b61-42af-9bce-b90335e66dde",
                "description": "[Placeholder for AI-generated description]"
            }
        },
        {
            "type": "text",
            "data": "Utilities Tab \n >"
        },
        {
            "type": "link",
            "data": {
                "text": "Utilities Tab",
                "uuid": "94979bff-d3a8-464b-9cdb-11ee66b83af6",
                "description": "[Placeholder for AI-generated description]"
            }
        },
        {
            "type": "text",
            "data": "Tools Group \n >"
        },
        {
            "type": "link",
            "data": {
                "text": "Tools Group",
                "uuid": "cbc31d10-9e5e-407e-9a76-4d1f47ca99bf",
                "description": "[Placeholder for AI-generated description]"
            }
        },
        {
            "type": "text",
            "data": "Setup Package"
        },
        {
            "type": "text",
            "data": "Setup Package"
        },
        {
            "type": "text",
            "data": "Setup Package"
        },
        {
            "type": "image",
            "data": "image1837.gif",
            "description": "[Placeholder for AI-generated description]"
        },
        {
            "type": "text",
            "data": "The Setup Package utility is a means to import specific objects from another computer running a higher level of Solid (Sold Advanced or Solid Ultimate)."
        },
        {
            "type": "text",
            "data": "Importing a Setup Package"
        },
        {
            "type": "text",
            "data": "This topic explains how to import a package that has been sent to you by Tech Support or another Solid user."
        },
        {
            "type": "text",
            "data": "Go to the  Utilities Tab | Setup Package"
        },
        {
            "type": "text",
            "data": "Go to the  Utilities Tab | Setup Package"
        },
        {
            "type": "text",
            "data": "Go to the  Utilities Tab | Setup Package"
        },
        {
            "type": "image",
            "data": "Setup_Package_1.png",
            "description": "[Placeholder for AI-generated description]"
        },
        {
            "type": "text",
            "data": "Click the \"Open An Existing Package\" tool in the  toolbar ."
        },
        {
            "type": "text",
            "data": "Click the \"Open An Existing Package\" tool in the  toolbar ."
        },
        {
            "type": "text",
            "data": "Click the \"Open An Existing Package\" tool in the  toolbar ."
        },
        {
            "type": "image",
            "data": "Setup_Package_2.png",
            "description": "[Placeholder for AI-generated description]"
        },
        {
            "type": "text",
            "data": "Select the package file from the location where it is being stored and click Open."
        },
        {
            "type": "text",
            "data": "Select the package file from the location where it is being stored and click Open."
        },
        {
            "type": "text",
            "data": "Select the package file from the location where it is being stored and click Open."
        },
        {
            "type": "image",
            "data": "Setup_Package_3.png",
            "description": "[Placeholder for AI-generated description]"
        },
        {
            "type": "text",
            "data": "Click the \"Import Package Contents\" tool in the toolbar."
        },
        {
            "type": "text",
            "data": "Click the \"Import Package Contents\" tool in the toolbar."
        },
        {
            "type": "text",
            "data": "Click the \"Import Package Contents\" tool in the toolbar."
        },
        {
            "type": "image",
            "data": "Setup_Package_4.png",
            "description": "[Placeholder for AI-generated description]"
        },
        {
            "type": "text",
            "data": "Overwriting Existing Items"
        },
        {
            "type": "text",
            "data": "There are five options in the toolbar, that allow you to choose how to Overwrite items that already existed in your system."
        },
        {
            "type": "image",
            "data": "image1841.gif",
            "description": "[Placeholder for AI-generated description]"
        },
        {
            "type": "text",
            "data": "Overwrite All Matches With Package Contents -  Will overwrite all existing items in your database with the contents of the Package."
        },
        {
            "type": "image",
            "data": "image1842.gif",
            "description": "[Placeholder for AI-generated description]"
        },
        {
            "type": "text",
            "data": "Use Existing Items For All Matches -  Will use all the existing items in your database rather than overwrite them with the Package contents."
        },
        {
            "type": "image",
            "data": "image1843.gif",
            "description": "[Placeholder for AI-generated description]"
        },
        {
            "type": "text",
            "data": "Overwrite Child Matches With Package Contents -  Will overwrite all existing children of items in the Package that match those in your database."
        },
        {
            "type": "image",
            "data": "image1844.gif",
            "description": "[Placeholder for AI-generated description]"
        },
        {
            "type": "text",
            "data": "Use Existing Items For Child Matches -  Will use all the existing children in your database rather than overwrite them with the Package contents."
        },
        {
            "type": "image",
            "data": "image390.gif",
            "description": "[Placeholder for AI-generated description]"
        },
        {
            "type": "text",
            "data": "Turn On/Off Overwrite Mode -  Allows you to Overwrite existing items by selecting them individually. This will cause items in the Package to either overwrite the existing item or to use the existing item."
        },
        {
            "type": "image",
            "data": "image1845.gif",
            "description": "[Placeholder for AI-generated description]"
        },
        {
            "type": "text",
            "data": "Click on OK for the Import Complete notice."
        },
        {
            "type": "text",
            "data": "Click on OK for the Import Complete notice."
        },
        {
            "type": "text",
            "data": "Click on OK for the Import Complete notice."
        },
        {
            "type": "image",
            "data": "image824.gif",
            "description": "[Placeholder for AI-generated description]"
        },
        {
            "type": "text",
            "data": "You may now  close  the Package screen you have successfully imported a Package into Solid."
        },
        {
            "type": "text",
            "data": "You may now  close  the Package screen you have successfully imported a Package into Solid."
        },
        {
            "type": "text",
            "data": "You may now  close  the Package screen you have successfully imported a Package into Solid."
        }
    ],
    "source_file": "CVEnglish_Essential\\System_Level\\Ribbonbar\\Utilities_Tab\\Tools_Group\\SL_Setup_Package.htm",
    "version": "2024",
    "source_type": "help_file"
}