{
    "id": "6cbd077e-a108-4b70-8c99-f7dc097723bf",
    "title": "SLMM_Material_Area",
    "content": [
        {
            "type": "text",
            "data": "Top \n > \n \n \n System Level \n > \n \n Ribbonbar \n > \n \n Main Tab \n > \n \n Catalogs Group \n > \n \n Material Manager \n > \n \n Material Area"
        },
        {
            "type": "text",
            "data": "Top \n >"
        },
        {
            "type": "text",
            "data": "System Level \n >"
        },
        {
            "type": "link",
            "data": {
                "text": "System Level",
                "uuid": "4450866f-fd9c-46df-abf3-7843c5a1ef37",
                "description": "[Placeholder for AI-generated description]"
            }
        },
        {
            "type": "text",
            "data": "Ribbonbar \n >"
        },
        {
            "type": "link",
            "data": {
                "text": "Ribbonbar",
                "uuid": "3bbac75c-2b61-42af-9bce-b90335e66dde",
                "description": "[Placeholder for AI-generated description]"
            }
        },
        {
            "type": "text",
            "data": "Main Tab \n >"
        },
        {
            "type": "link",
            "data": {
                "text": "Main Tab",
                "uuid": "3bbac75c-2b61-42af-9bce-b90335e66dde",
                "description": "[Placeholder for AI-generated description]"
            }
        },
        {
            "type": "text",
            "data": "Catalogs Group \n >"
        },
        {
            "type": "link",
            "data": {
                "text": "Catalogs Group",
                "uuid": "f4a43f08-b40b-442c-8f03-a96c2a64640f",
                "description": "[Placeholder for AI-generated description]"
            }
        },
        {
            "type": "text",
            "data": "Material Manager \n >"
        },
        {
            "type": "link",
            "data": {
                "text": "Material Manager",
                "uuid": "2fed939d-ba55-4f35-94da-993f0e1b392e",
                "description": "[Placeholder for AI-generated description]"
            }
        },
        {
            "type": "text",
            "data": "Material Area"
        },
        {
            "type": "text",
            "data": "Material Area"
        },
        {
            "type": "text",
            "data": "Material Area"
        },
        {
            "type": "text",
            "data": "This area of the Material Manager displays all of the Materials in the selected  Category  or all the Materials meeting the Search criteria in an active  Search ."
        },
        {
            "type": "link",
            "data": {
                "text": "Category",
                "uuid": "ca2dde60-b199-4f82-b7d7-4d14cb21f1a4",
                "description": "[Placeholder for AI-generated description]"
            }
        },
        {
            "type": "link",
            "data": {
                "text": "Search",
                "uuid": "ca2dde60-b199-4f82-b7d7-4d14cb21f1a4",
                "description": "[Placeholder for AI-generated description]"
            }
        },
        {
            "type": "image",
            "data": "image244.gif",
            "description": "[Placeholder for AI-generated description]"
        },
        {
            "type": "text",
            "data": "Standard Properties for each Material are located on the General Tab and any special Properties will be stored on the extra tabs. The Material ID and Material Name will be displayed on each tab so you can easily see which Material you are working on. Using the tabs is a good way to quickly change Properties on multiple Materials. For focused configuration of a single Material it is recommended to open the  Properties  window for that Material."
        },
        {
            "type": "link",
            "data": {
                "text": "Properties",
                "uuid": "5be8302e-a5e4-4981-bede-bc0d03f2f3cd",
                "description": "[Placeholder for AI-generated description]"
            }
        },
        {
            "type": "text",
            "data": "Right Click Options"
        },
        {
            "type": "text",
            "data": "Right clicking the column headers will bring up the Columns window allowing you to hide and rearrange (drag) the columns displayed."
        },
        {
            "type": "image",
            "data": "image245.gif",
            "description": "[Placeholder for AI-generated description]"
        },
        {
            "type": "text",
            "data": "Following are the options available when right clicking a Material in the Material Manager:"
        },
        {
            "type": "image",
            "data": "image246.gif",
            "description": "[Placeholder for AI-generated description]"
        },
        {
            "type": "text",
            "data": "Redefine"
        },
        {
            "type": "text",
            "data": "This option allows you to re-run the New Material Wizard on the selected Material."
        },
        {
            "type": "text",
            "data": "Properties"
        },
        {
            "type": "link",
            "data": {
                "text": "Properties",
                "uuid": "5be8302e-a5e4-4981-bede-bc0d03f2f3cd",
                "description": "[Placeholder for AI-generated description]"
            }
        }
    ],
    "source_file": "CVEnglish_Essential\\System_Level\\Ribbonbar\\Main_Tab\\Catalogs_Group\\Material_Manager\\SLMM_Material_Area.htm",
    "version": "2024",
    "source_type": "help_file"
}