{
    "id": "6fb1782e-5d60-4ae1-9801-55624a1651eb",
    "title": "SLMM_Hinges",
    "content": [
        {
            "type": "text",
            "data": "Hinges"
        },
        {
            "type": "text",
            "data": "This topic covers all the Properties for the Hinge Material Type."
        },
        {
            "type": "image",
            "data": "Hinge_Material_Props.png",
            "description": "[Placeholder for AI-generated description]"
        },
        {
            "type": "text",
            "data": "Material Group"
        },
        {
            "type": "text",
            "data": "Previously covered in the  Banding Material Type  topic."
        },
        {
            "type": "link",
            "data": {
                "text": "Banding Material Type",
                "uuid": "6fa50f67-fbf8-4e66-9990-50a8dc9482a8",
                "description": "[Placeholder for AI-generated description]"
            }
        },
        {
            "type": "text",
            "data": "Hinge Group"
        },
        {
            "type": "image",
            "data": "Hinge_Hinge_Props.png",
            "description": "[Placeholder for AI-generated description]"
        },
        {
            "type": "text",
            "data": "Type -  Type defines the style of Hinge Plate as either Concealed, Double Door, or Exposed. \n \n \n Horizontal Overlay -  The value input here controls the amount that the Door Overlays the Face Frame at the top and bottom of the Door. Therefore, this value only applies to hinges used on  Face Frame Style Cabinets ."
        },
        {
            "type": "text",
            "data": "Type -  Type defines the style of Hinge Plate as either Concealed, Double Door, or Exposed."
        },
        {
            "type": "text",
            "data": "Type -  Type defines the style of Hinge Plate as either Concealed, Double Door, or Exposed."
        },
        {
            "type": "text",
            "data": "Horizontal Overlay -  The value input here controls the amount that the Door Overlays the Face Frame at the top and bottom of the Door. Therefore, this value only applies to hinges used on  Face Frame Style Cabinets ."
        },
        {
            "type": "text",
            "data": "Horizontal Overlay -  The value input here controls the amount that the Door Overlays the Face Frame at the top and bottom of the Door. Therefore, this value only applies to hinges used on  Face Frame Style Cabinets ."
        },
        {
            "type": "link",
            "data": {
                "text": "Face Frame Style Cabinets",
                "uuid": "e4cbc02a-f458-4c6d-8725-3c8322a55d94",
                "description": "[Placeholder for AI-generated description]"
            }
        },
        {
            "type": "image",
            "data": "image2216.gif",
            "description": "[Placeholder for AI-generated description]"
        },
        {
            "type": "text",
            "data": "Vertical Overlay -  The value input here controls the amount that the Door Overlays the Face Frame at the left and right of the Door. Therefore, this value only applies to hinges used on  Face Frame Style Cabinets ."
        },
        {
            "type": "text",
            "data": "Vertical Overlay -  The value input here controls the amount that the Door Overlays the Face Frame at the left and right of the Door. Therefore, this value only applies to hinges used on  Face Frame Style Cabinets ."
        },
        {
            "type": "text",
            "data": "Vertical Overlay -  The value input here controls the amount that the Door Overlays the Face Frame at the left and right of the Door. Therefore, this value only applies to hinges used on  Face Frame Style Cabinets ."
        },
        {
            "type": "link",
            "data": {
                "text": "Face Frame Style Cabinets",
                "uuid": "e4cbc02a-f458-4c6d-8725-3c8322a55d94",
                "description": "[Placeholder for AI-generated description]"
            }
        },
        {
            "type": "image",
            "data": "image2217.gif",
            "description": "[Placeholder for AI-generated description]"
        },
        {
            "type": "text",
            "data": "Door End to Hinge -  References the distance from the Ends (Top and Bottom) of the Door to the center of the Hinge."
        },
        {
            "type": "text",
            "data": "Door End to Hinge -  References the distance from the Ends (Top and Bottom) of the Door to the center of the Hinge."
        },
        {
            "type": "text",
            "data": "Door End to Hinge -  References the distance from the Ends (Top and Bottom) of the Door to the center of the Hinge."
        },
        {
            "type": "image",
            "data": "image2218.gif",
            "description": "[Placeholder for AI-generated description]"
        },
        {
            "type": "text",
            "data": "Inset -  A \"0\" (zero) value \u00a0would result in the Door being forward of the face frame or face of the case by the thickness of the Door. The amount entered in this field moves the Door backwards, to within the Face Frame or Case, depending on Construction Style. A negative value here will outset the Door away from the Face of the Cabinet."
        },
        {
            "type": "text",
            "data": "Inset -  A \"0\" (zero) value \u00a0would result in the Door being forward of the face frame or face of the case by the thickness of the Door. The amount entered in this field moves the Door backwards, to within the Face Frame or Case, depending on Construction Style. A negative value here will outset the Door away from the Face of the Cabinet."
        },
        {
            "type": "text",
            "data": "Inset -  A \"0\" (zero) value \u00a0would result in the Door being forward of the face frame or face of the case by the thickness of the Door. The amount entered in this field moves the Door backwards, to within the Face Frame or Case, depending on Construction Style. A negative value here will outset the Door away from the Face of the Cabinet."
        },
        {
            "type": "image",
            "data": "image2219.gif",
            "description": "[Placeholder for AI-generated description]"
        },
        {
            "type": "text",
            "data": "Maximum Spacing -  This value controls how far apart Hinges will be placed before Solid will add another Hinge to the Door."
        },
        {
            "type": "text",
            "data": "Maximum Spacing -  This value controls how far apart Hinges will be placed before Solid will add another Hinge to the Door."
        },
        {
            "type": "text",
            "data": "Maximum Spacing -  This value controls how far apart Hinges will be placed before Solid will add another Hinge to the Door."
        },
        {
            "type": "image",
            "data": "image2220.gif",
            "description": "[Placeholder for AI-generated description]"
        },
        {
            "type": "text",
            "data": "Opening Angle -  The value you enter here, represents the maximum opening angle of the Hinge in degrees. When working in Solid you will be able to open Doors and Drawers. This value should represent the angle of the Door to the Cabinet when you have opened the Door the maximum amount."
        },
        {
            "type": "text",
            "data": "Opening Angle -  The value you enter here, represents the maximum opening angle of the Hinge in degrees. When working in Solid you will be able to open Doors and Drawers. This value should represent the angle of the Door to the Cabinet when you have opened the Door the maximum amount."
        },
        {
            "type": "text",
            "data": "Opening Angle -  The value you enter here, represents the maximum opening angle of the Hinge in degrees. When working in Solid you will be able to open Doors and Drawers. This value should represent the angle of the Door to the Cabinet when you have opened the Door the maximum amount."
        },
        {
            "type": "image",
            "data": "image2221.gif",
            "description": "[Placeholder for AI-generated description]"
        },
        {
            "type": "text",
            "data": "Door Edge To Reference Point -  This value represents the distance from the Edges (Sides) of your Door to the Hinge Center."
        },
        {
            "type": "text",
            "data": "Door Edge To Reference Point -  This value represents the distance from the Edges (Sides) of your Door to the Hinge Center."
        },
        {
            "type": "text",
            "data": "Door Edge To Reference Point -  This value represents the distance from the Edges (Sides) of your Door to the Hinge Center."
        },
        {
            "type": "image",
            "data": "image2222.gif",
            "description": "[Placeholder for AI-generated description]"
        },
        {
            "type": "text",
            "data": "Roll Out Clearance -  If you place a Roll Out in the same location as a Hinge Solid will automatically space the Roll Out the amount you specify here."
        },
        {
            "type": "text",
            "data": "Roll Out Clearance -  If you place a Roll Out in the same location as a Hinge Solid will automatically space the Roll Out the amount you specify here."
        },
        {
            "type": "text",
            "data": "Roll Out Clearance -  If you place a Roll Out in the same location as a Hinge Solid will automatically space the Roll Out the amount you specify here."
        },
        {
            "type": "image",
            "data": "image2223.gif",
            "description": "[Placeholder for AI-generated description]"
        },
        {
            "type": "text",
            "data": "Layer Group"
        },
        {
            "type": "text",
            "data": "Previously covered in the  Banding Material Type  topic."
        },
        {
            "type": "link",
            "data": {
                "text": "Banding Material Type",
                "uuid": "6fa50f67-fbf8-4e66-9990-50a8dc9482a8",
                "description": "[Placeholder for AI-generated description]"
            }
        },
        {
            "type": "text",
            "data": "Operations Tab"
        },
        {
            "type": "image",
            "data": "Hinge_Operations.png",
            "description": "[Placeholder for AI-generated description]"
        },
        {
            "type": "text",
            "data": "The Operations Tab includes Operations that are System Generated."
        },
        {
            "type": "text",
            "data": "Anchor Holes"
        },
        {
            "type": "text",
            "data": "Cup to Anchor -  The distance from the center of the hinge cup to the center of the anchor holes."
        },
        {
            "type": "text",
            "data": "Diameter -  The Diameter of the anchor holes."
        },
        {
            "type": "text",
            "data": "Depth -  The Depth of the anchor holes."
        },
        {
            "type": "text",
            "data": "Spacing -  The Spacing between the anchor holes."
        },
        {
            "type": "text",
            "data": "Hinge Cup"
        },
        {
            "type": "text",
            "data": "Diameter -  The Diameter of the hinge cup."
        },
        {
            "type": "text",
            "data": "Depth -  The Depth of the hinge cup."
        }
    ],
    "source_file": "CVEnglish_Essential\\System_Level\\Ribbonbar\\Main_Tab\\Catalogs_Group\\Material_Manager\\Ribbonbar\\Properties\\Material_Types\\SLMM_Hinges.htm",
    "version": "2024",
    "source_type": "help_file"
}