{
    "id": "afe34400-22a2-4d51-9383-a40dbf0ad041",
    "title": "SLMM_Ribbonbar",
    "content": [
        {
            "type": "text",
            "data": "Ribbonbar"
        },
        {
            "type": "text",
            "data": "Click the options below for more information"
        },
        {
            "type": "image",
            "data": "Main_Ribbonbar.png",
            "description": "[Placeholder for AI-generated description]"
        }
    ],
    "source_file": "CVEnglish_Essential\\System_Level\\Ribbonbar\\Main_Tab\\Catalogs_Group\\Material_Manager\\Ribbonbar\\SLMM_Ribbonbar.htm",
    "version": "2024",
    "source_type": "help_file"
}