{
    "id": "5be8302e-a5e4-4981-bede-bc0d03f2f3cd",
    "title": "SLMM_Properties",
    "content": [
        {
            "type": "text",
            "data": "Properties"
        },
        {
            "type": "image",
            "data": "image2408.gif",
            "description": "[Placeholder for AI-generated description]"
        },
        {
            "type": "text",
            "data": "When you have a Material selected in the Material Manager you can get to it's Properties by clicking this option in the ribbonbar (alternatively double click the Material or right click and select Properties from the menu)."
        },
        {
            "type": "image",
            "data": "Properties.png",
            "description": "[Placeholder for AI-generated description]"
        },
        {
            "type": "text",
            "data": "Ribbonbar"
        },
        {
            "type": "text",
            "data": "Following are the ribbonbar options in the Material Properties area:"
        },
        {
            "type": "text",
            "data": "Return"
        },
        {
            "type": "image",
            "data": "image2244.gif",
            "description": "[Placeholder for AI-generated description]"
        },
        {
            "type": "text",
            "data": "This option will return you to the Material Manager."
        },
        {
            "type": "text",
            "data": "Select"
        },
        {
            "type": "image",
            "data": "image2246.gif",
            "description": "[Placeholder for AI-generated description]"
        },
        {
            "type": "text",
            "data": "Allows you to Select a different Material to work with in Material Properties."
        },
        {
            "type": "image",
            "data": "Select.png",
            "description": "[Placeholder for AI-generated description]"
        },
        {
            "type": "text",
            "data": "The sidebar in the Select Material window allows you to  Search  for a Material or browse for Materials via the  Material Categories . Once you have located your Material simply select it from the list of Materials in the Work Area and click OK."
        },
        {
            "type": "link",
            "data": {
                "text": "Search",
                "uuid": "ca2dde60-b199-4f82-b7d7-4d14cb21f1a4",
                "description": "[Placeholder for AI-generated description]"
            }
        },
        {
            "type": "link",
            "data": {
                "text": "Material Categories",
                "uuid": "ca2dde60-b199-4f82-b7d7-4d14cb21f1a4",
                "description": "[Placeholder for AI-generated description]"
            }
        }
    ],
    "source_file": "CVEnglish_Essential\\System_Level\\Ribbonbar\\Main_Tab\\Catalogs_Group\\Material_Manager\\Ribbonbar\\Properties\\SLMM_Properties.htm",
    "version": "2024",
    "source_type": "help_file"
}