{
    "id": "29a8981f-e10c-4efb-ae0c-55cf46857c11",
    "title": "Snap_a_Cabinet_Diagonally_in_a_Corner",
    "content": [
        {
            "type": "text",
            "data": "Snap a Cabinet Diagonally in a Corner"
        },
        {
            "type": "text",
            "data": "How do I snap a Cabinet diagonally in the corner?"
        },
        {
            "type": "text",
            "data": "In Plan view, select the Cabinet and move it near the corner. Before placing the Cabinet, press   on the keyboard. The Cabinet will automatically snap diagonally in the corner."
        },
        {
            "type": "image",
            "data": "letter_k.png",
            "description": "[Placeholder for AI-generated description]"
        },
        {
            "type": "text",
            "data": "You can change the keyboard key that controls this function in the  CV Button | Preferences | Tools Tab ."
        },
        {
            "type": "link",
            "data": {
                "text": "CV Button | Preferences | Tools Tab",
                "uuid": "a6c6d306-c8da-4df8-8440-33f2f24a9c1d",
                "description": "[Placeholder for AI-generated description]"
            }
        }
    ],
    "source_file": "CVEnglish_Essential\\Tips_Tricks_&_FAQs\\FAQs\\HDI-Layout\\Snap_a_Cabinet_Diagonally_in_a_Corner.htm",
    "version": "2024",
    "source_type": "help_file"
}