{
    "id": "6c0ca0b4-5ddb-4a30-bd40-d7803aa851f4",
    "title": "Specification_PNC_Files",
    "content": [
        {
            "type": "text",
            "data": "The PNXImport/Export Files"
        },
        {
            "type": "text",
            "data": "The PNX and SNX files are SQL backups which you can restore into an existing or new database to use. The PNX and SNX file store all Machining Information required for Importing/Exporting a Job to/from the S2M CENTER."
        },
        {
            "type": "text",
            "data": "The following is the breakdown of the tables and their fields:"
        },
        {
            "type": "text",
            "data": "Assemblies"
        },
        {
            "type": "text",
            "data": "This table stores the Assemblies."
        },
        {
            "type": "table",
            "data": {
                "headers": [
                    "Field",
                    "Description"
                ],
                "rows": [
                    [
                        "ID",
                        "A unique number to reference this assembly."
                    ],
                    [
                        "JobID",
                        "Reference to [Jobs].[ID] linking the assembly to a Job."
                    ],
                    [
                        "Number",
                        "The number for the assembly."
                    ],
                    [
                        "Name",
                        "The name of the assembly."
                    ],
                    [
                        "Width",
                        "A value representing the width of the assembly."
                    ],
                    [
                        "Height",
                        "A value representing the height of the assembly."
                    ],
                    [
                        "Depth",
                        "A value representing the depth of the assembly."
                    ],
                    [
                        "RoomID",
                        "Reference to [Rooms.ID] linking the assembly to a room."
                    ],
                    [
                        "WallNo",
                        "The Wall # the assembly is associated to."
                    ],
                    [
                        "Class",
                        "The Class of the Cabinet/Assembly: \n 1 = Base \n 2 = Upper \n 3 = Tall \n 4 = Vanity \n 5 = Sink \n 6 = Split Level \n            7 = Top"
                    ],
                    [
                        "Type",
                        "The Type of the Cabinet/Assembly: \n 1 = Standard \n 2 = Corner \n 3 = Corner 45 \n 4 = Corner 90 \n 5 = Peninsula \n 6 = Lazy Susan \n 7 = Pantry \n 8 = End \n 9 = Blind Left \n 10 = Blind Right \n 11 = Filler"
                    ],
                    [
                        "Description",
                        "The description for the assembly."
                    ],
                    [
                        "Comment",
                        "A user comment for the assembly."
                    ],
                    [
                        "Parameters",
                        "Parameters for the assembly."
                    ]
                ]
            }
        },
        {
            "type": "text",
            "data": "Field"
        },
        {
            "type": "text",
            "data": "Description"
        },
        {
            "type": "text",
            "data": "ID"
        },
        {
            "type": "text",
            "data": "A unique number to reference this assembly."
        },
        {
            "type": "text",
            "data": "JobID"
        },
        {
            "type": "text",
            "data": "Reference to [Jobs].[ID] linking the assembly to a Job."
        },
        {
            "type": "text",
            "data": "Number"
        },
        {
            "type": "text",
            "data": "The number for the assembly."
        },
        {
            "type": "text",
            "data": "Name"
        },
        {
            "type": "text",
            "data": "The name of the assembly."
        },
        {
            "type": "text",
            "data": "Width"
        },
        {
            "type": "text",
            "data": "A value representing the width of the assembly."
        },
        {
            "type": "text",
            "data": "Height"
        },
        {
            "type": "text",
            "data": "A value representing the height of the assembly."
        },
        {
            "type": "text",
            "data": "Depth"
        },
        {
            "type": "text",
            "data": "A value representing the depth of the assembly."
        },
        {
            "type": "text",
            "data": "RoomID"
        },
        {
            "type": "text",
            "data": "Reference to [Rooms.ID] linking the assembly to a room."
        },
        {
            "type": "text",
            "data": "WallNo"
        },
        {
            "type": "text",
            "data": "The Wall # the assembly is associated to."
        },
        {
            "type": "text",
            "data": "Class"
        },
        {
            "type": "text",
            "data": "The Class of the Cabinet/Assembly:"
        },
        {
            "type": "text",
            "data": "1 = Base"
        },
        {
            "type": "text",
            "data": "2 = Upper"
        },
        {
            "type": "text",
            "data": "3 = Tall"
        },
        {
            "type": "text",
            "data": "4 = Vanity"
        },
        {
            "type": "text",
            "data": "5 = Sink"
        },
        {
            "type": "text",
            "data": "6 = Split Level \n            7 = Top"
        },
        {
            "type": "text",
            "data": "Type"
        },
        {
            "type": "text",
            "data": "The Type of the Cabinet/Assembly:"
        },
        {
            "type": "text",
            "data": "1 = Standard"
        },
        {
            "type": "text",
            "data": "2 = Corner"
        },
        {
            "type": "text",
            "data": "3 = Corner 45"
        },
        {
            "type": "text",
            "data": "4 = Corner 90"
        },
        {
            "type": "text",
            "data": "5 = Peninsula"
        },
        {
            "type": "text",
            "data": "6 = Lazy Susan"
        },
        {
            "type": "text",
            "data": "7 = Pantry"
        },
        {
            "type": "text",
            "data": "8 = End"
        },
        {
            "type": "text",
            "data": "9 = Blind Left"
        },
        {
            "type": "text",
            "data": "10 = Blind Right"
        },
        {
            "type": "text",
            "data": "11 = Filler"
        },
        {
            "type": "text",
            "data": "Description"
        },
        {
            "type": "text",
            "data": "The description for the assembly."
        },
        {
            "type": "text",
            "data": "Comment"
        },
        {
            "type": "text",
            "data": "A user comment for the assembly."
        },
        {
            "type": "text",
            "data": "Parameters"
        },
        {
            "type": "text",
            "data": "Parameters for the assembly."
        },
        {
            "type": "text",
            "data": "DBInfo"
        },
        {
            "type": "text",
            "data": "This Table stores general information about this Database."
        },
        {
            "type": "table",
            "data": {
                "headers": [
                    "Field",
                    "Description"
                ],
                "rows": [
                    [
                        "Schema",
                        "Internal database version counter used by update utility that adds fields and tables to the database"
                    ]
                ]
            }
        },
        {
            "type": "text",
            "data": "Field"
        },
        {
            "type": "text",
            "data": "Description"
        },
        {
            "type": "text",
            "data": "Schema"
        },
        {
            "type": "text",
            "data": "Internal database version counter used by update utility that adds fields and tables to the database"
        },
        {
            "type": "text",
            "data": "EdgeBanding"
        },
        {
            "type": "text",
            "data": "This table stores Edge Banding information for the Parts."
        },
        {
            "type": "table",
            "data": {
                "headers": [
                    "Field",
                    "Description"
                ],
                "rows": [
                    [
                        "PartID",
                        "Cross-reference to [Parts].[ID] linking the banding to a Part."
                    ],
                    [
                        "Edge",
                        "1 based edge identifier from the part origin moving in a counter clockwise direction around the part."
                    ],
                    [
                        "Indicator",
                        "Single character used to identify the banding in a label: \n E = Exterior \n I = Interior \n D = Door"
                    ],
                    [
                        "Material",
                        "The Banding material name."
                    ],
                    [
                        "Color",
                        "The Banding color name."
                    ],
                    [
                        "Thick",
                        "The Thickness of the banding."
                    ],
                    [
                        "EdgeIndicator",
                        "The Edge of the Part the banding is applied to: \n Front \n Back \n Top \n Bottom"
                    ]
                ]
            }
        },
        {
            "type": "text",
            "data": "Field"
        },
        {
            "type": "text",
            "data": "Description"
        },
        {
            "type": "text",
            "data": "PartID"
        },
        {
            "type": "text",
            "data": "Cross-reference to [Parts].[ID] linking the banding to a Part."
        },
        {
            "type": "text",
            "data": "Edge"
        },
        {
            "type": "text",
            "data": "1 based edge identifier from the part origin moving in a counter clockwise direction around the part."
        },
        {
            "type": "text",
            "data": "Indicator"
        },
        {
            "type": "text",
            "data": "Single character used to identify the banding in a label:"
        },
        {
            "type": "text",
            "data": "E = Exterior"
        },
        {
            "type": "text",
            "data": "I = Interior"
        },
        {
            "type": "text",
            "data": "D = Door"
        },
        {
            "type": "text",
            "data": "Material"
        },
        {
            "type": "text",
            "data": "The Banding material name."
        },
        {
            "type": "text",
            "data": "Color"
        },
        {
            "type": "text",
            "data": "The Banding color name."
        },
        {
            "type": "text",
            "data": "Thick"
        },
        {
            "type": "text",
            "data": "The Thickness of the banding."
        },
        {
            "type": "text",
            "data": "EdgeIndicator"
        },
        {
            "type": "text",
            "data": "The Edge of the Part the banding is applied to:"
        },
        {
            "type": "text",
            "data": "Front"
        },
        {
            "type": "text",
            "data": "Back"
        },
        {
            "type": "text",
            "data": "Top"
        },
        {
            "type": "text",
            "data": "Bottom"
        },
        {
            "type": "text",
            "data": "Jobs"
        },
        {
            "type": "text",
            "data": "This table stores Job/Jobs from that make up the S2M Center Job."
        },
        {
            "type": "table",
            "data": {
                "headers": [
                    "Field",
                    "Description"
                ],
                "rows": [
                    [
                        "ID",
                        "A unique number to reference this Job."
                    ],
                    [
                        "Name",
                        "The Name for the Job."
                    ],
                    [
                        "Description",
                        "The Description for the Job."
                    ],
                    [
                        "CustName",
                        "The Customer name as specified in the Job."
                    ],
                    [
                        "CustAddress",
                        "The Customer address as specified in the Job."
                    ],
                    [
                        "CustCity",
                        "The Customer city as specified in the Job."
                    ],
                    [
                        "CustState",
                        "The Customer state as specified in the Job."
                    ],
                    [
                        "CustZip",
                        "The Customer Zip as specified in the Job."
                    ],
                    [
                        "CustContact",
                        "The Customer contact person as specified in the Job."
                    ],
                    [
                        "CustEmail",
                        "The Customer email as specified in the Job."
                    ],
                    [
                        "CustFax",
                        "The Customer FAX as specified in the Job."
                    ],
                    [
                        "CustPhone",
                        "The Customer phone number as specified in the Job."
                    ],
                    [
                        "CustMobile",
                        "The Customer mobile number as specified in the Job."
                    ],
                    [
                        "Measure",
                        "The Date of measuring the Job."
                    ],
                    [
                        "Detail",
                        "The Date of detailing the Job."
                    ],
                    [
                        "Production",
                        "The Date of production for the Job."
                    ],
                    [
                        "Delivery",
                        "The Date of delivery for the Job."
                    ],
                    [
                        "Deposit",
                        "The Date of deposit acceptance for the Job."
                    ],
                    [
                        "Install",
                        "The Date of installation for the Job."
                    ],
                    [
                        "FinalPayment",
                        "The Date of final payment for the Job."
                    ],
                    [
                        "Comments",
                        "The Comments set on the Job."
                    ],
                    [
                        "JoBFilePath",
                        "The Data file the Job is saved in."
                    ],
                    [
                        "Build",
                        "The programs build number that produced the data."
                    ],
                    [
                        "CompanyName",
                        "Company name on the security dongle."
                    ],
                    [
                        "Source",
                        "A flag indicating what Product produced the Job: \n 1 = CABINET VISION \n 2 = Kitchen Builder \n 3 = CabnetWare Face Frame \n 4 = CabnetWare 32mm"
                    ],
                    [
                        "PncFile",
                        "Data file job was imported from."
                    ]
                ]
            }
        },
        {
            "type": "text",
            "data": "Field"
        },
        {
            "type": "text",
            "data": "Description"
        },
        {
            "type": "text",
            "data": "ID"
        },
        {
            "type": "text",
            "data": "A unique number to reference this Job."
        },
        {
            "type": "text",
            "data": "Name"
        },
        {
            "type": "text",
            "data": "The Name for the Job."
        },
        {
            "type": "text",
            "data": "Description"
        },
        {
            "type": "text",
            "data": "The Description for the Job."
        },
        {
            "type": "text",
            "data": "CustName"
        },
        {
            "type": "text",
            "data": "The Customer name as specified in the Job."
        },
        {
            "type": "text",
            "data": "CustAddress"
        },
        {
            "type": "text",
            "data": "The Customer address as specified in the Job."
        },
        {
            "type": "text",
            "data": "CustCity"
        },
        {
            "type": "text",
            "data": "The Customer city as specified in the Job."
        },
        {
            "type": "text",
            "data": "CustState"
        },
        {
            "type": "text",
            "data": "The Customer state as specified in the Job."
        },
        {
            "type": "text",
            "data": "CustZip"
        },
        {
            "type": "text",
            "data": "The Customer Zip as specified in the Job."
        },
        {
            "type": "text",
            "data": "CustContact"
        },
        {
            "type": "text",
            "data": "The Customer contact person as specified in the Job."
        },
        {
            "type": "text",
            "data": "CustEmail"
        },
        {
            "type": "text",
            "data": "The Customer email as specified in the Job."
        },
        {
            "type": "text",
            "data": "CustFax"
        },
        {
            "type": "text",
            "data": "The Customer FAX as specified in the Job."
        },
        {
            "type": "text",
            "data": "CustPhone"
        },
        {
            "type": "text",
            "data": "The Customer phone number as specified in the Job."
        },
        {
            "type": "text",
            "data": "CustMobile"
        },
        {
            "type": "text",
            "data": "The Customer mobile number as specified in the Job."
        },
        {
            "type": "text",
            "data": "Measure"
        },
        {
            "type": "text",
            "data": "The Date of measuring the Job."
        },
        {
            "type": "text",
            "data": "Detail"
        },
        {
            "type": "text",
            "data": "The Date of detailing the Job."
        },
        {
            "type": "text",
            "data": "Production"
        },
        {
            "type": "text",
            "data": "The Date of production for the Job."
        },
        {
            "type": "text",
            "data": "Delivery"
        },
        {
            "type": "text",
            "data": "The Date of delivery for the Job."
        },
        {
            "type": "text",
            "data": "Deposit"
        },
        {
            "type": "text",
            "data": "The Date of deposit acceptance for the Job."
        },
        {
            "type": "text",
            "data": "Install"
        },
        {
            "type": "text",
            "data": "The Date of installation for the Job."
        },
        {
            "type": "text",
            "data": "FinalPayment"
        },
        {
            "type": "text",
            "data": "The Date of final payment for the Job."
        },
        {
            "type": "text",
            "data": "Comments"
        },
        {
            "type": "text",
            "data": "The Comments set on the Job."
        },
        {
            "type": "text",
            "data": "JoBFilePath"
        },
        {
            "type": "text",
            "data": "The Data file the Job is saved in."
        },
        {
            "type": "text",
            "data": "Build"
        },
        {
            "type": "text",
            "data": "The programs build number that produced the data."
        },
        {
            "type": "text",
            "data": "CompanyName"
        },
        {
            "type": "text",
            "data": "Company name on the security dongle."
        },
        {
            "type": "text",
            "data": "Source"
        },
        {
            "type": "text",
            "data": "A flag indicating what Product produced the Job:"
        },
        {
            "type": "text",
            "data": "1 = CABINET VISION"
        },
        {
            "type": "text",
            "data": "2 = Kitchen Builder"
        },
        {
            "type": "text",
            "data": "3 = CabnetWare Face Frame"
        },
        {
            "type": "text",
            "data": "4 = CabnetWare 32mm"
        },
        {
            "type": "text",
            "data": "PncFile"
        },
        {
            "type": "text",
            "data": "Data file job was imported from."
        },
        {
            "type": "text",
            "data": "Materials"
        },
        {
            "type": "text",
            "data": "This table stores all the Materials in the S2M Center Job."
        },
        {
            "type": "table",
            "data": {
                "headers": [
                    "Field",
                    "Description"
                ],
                "rows": [
                    [
                        "ID",
                        "A unique number to reference this Material."
                    ],
                    [
                        "MatDBID",
                        "Material identifier. Combines [SourceDB] and [SourceDBID], using bit(24 + SourceDB) as a source flag."
                    ],
                    [
                        "SourceDB",
                        "The source of the Material: \n 0 = Unknown \n 1 = CABINET VISION \n 2 = Kitchen Builder \n 3 = Cabnetware Face Frame \n 4 = Cabnetware 32mm"
                    ],
                    [
                        "SourcDBID",
                        "The source application's DBID for the Material."
                    ],
                    [
                        "Name",
                        "The name for the Material."
                    ],
                    [
                        "Description",
                        "The description for the Material."
                    ],
                    [
                        "Qty",
                        "A value representing the Quantity available of the Material."
                    ],
                    [
                        "Width",
                        "A value representing the Width for this sheet of Material."
                    ],
                    [
                        "Length",
                        "A value representing the Length for this sheet of Material."
                    ],
                    [
                        "Thick",
                        "A value representing the Thickness for this sheet of Material."
                    ],
                    [
                        "Type",
                        "The Materials Type: \n 0 = Panel Stock \n 1 = Board Stock \n 2 = Laminate \n 3 = Banding \n 4 = Hinges \n 5 = Guides \n 6 = Pulls \n 7 = Miscellaneous \n 8 = Tops \n 9 = Molding"
                    ],
                    [
                        "Optimize",
                        "A Boolean value set to true if   the Material can be used in a Panel optimization."
                    ],
                    [
                        "Offcut",
                        "A Boolean value set to true if   this Material originated from an Offcut Bin."
                    ],
                    [
                        "SubSheet",
                        "Material represents a sub-sheet when grain matching block exceeds saw phase limitations."
                    ],
                    [
                        "Grain",
                        "A Boolean value set to true if the   Material has Grain."
                    ],
                    [
                        "Cost",
                        "A value representing the Price associated with this sheet of Material."
                    ],
                    [
                        "FaceDependent",
                        "A Boolean value set to true if this   Material is face dependent (single sided)."
                    ],
                    [
                        "TextureFace",
                        "The Front material texture name."
                    ],
                    [
                        "TextureBack",
                        "The Back material texture name."
                    ],
                    [
                        "TextureEdge",
                        "The Edge material texture name."
                    ],
                    [
                        "MachineOverrideMatDBID",
                        "Cross-reference to [MachineOverrides].[MatDBID] linking a Material to overrides of the default parameters."
                    ],
                    [
                        "ClimbCut",
                        "A Boolean value set to true if   it is better to cut this Material with a climb or conventional cut."
                    ],
                    [
                        "FeedRatePercent",
                        "A value representing the Percent of optimum Tool Feed Rate to use with this Material."
                    ],
                    [
                        "MinimizeFaceChip",
                        "A Boolean value set to true if   the System needs to select a tool for operations that minimize chipping on the front face. Assists in Selecting Up Shear / Down Shear router bit."
                    ],
                    [
                        "MinimizeBackChip",
                        "A Boolean value set to true if   the System needs to select a tool for operations that minimize chipping on the back face. Assists in Selecting Up Shear / Down Shear router bit."
                    ],
                    [
                        "FaceUpToolID",
                        "Cross-reference to [Tools].[ID] linking the outline tool to use if this Material is face up."
                    ],
                    [
                        "FaceDownToolID",
                        "Cross-reference to [Tools].[ID] linking the outline tool to use if this Material is face down."
                    ]
                ]
            }
        },
        {
            "type": "text",
            "data": "Field"
        },
        {
            "type": "text",
            "data": "Description"
        },
        {
            "type": "text",
            "data": "ID"
        },
        {
            "type": "text",
            "data": "A unique number to reference this Material."
        },
        {
            "type": "text",
            "data": "MatDBID"
        },
        {
            "type": "text",
            "data": "Material identifier. Combines [SourceDB] and [SourceDBID], using bit(24 + SourceDB) as a source flag."
        },
        {
            "type": "text",
            "data": "SourceDB"
        },
        {
            "type": "text",
            "data": "The source of the Material:"
        },
        {
            "type": "text",
            "data": "0 = Unknown"
        },
        {
            "type": "text",
            "data": "1 = CABINET VISION"
        },
        {
            "type": "text",
            "data": "2 = Kitchen Builder"
        },
        {
            "type": "text",
            "data": "3 = Cabnetware Face Frame"
        },
        {
            "type": "text",
            "data": "4 = Cabnetware 32mm"
        },
        {
            "type": "text",
            "data": "SourcDBID"
        },
        {
            "type": "text",
            "data": "The source application's DBID for the Material."
        },
        {
            "type": "text",
            "data": "Name"
        },
        {
            "type": "text",
            "data": "The name for the Material."
        },
        {
            "type": "text",
            "data": "Description"
        },
        {
            "type": "text",
            "data": "The description for the Material."
        },
        {
            "type": "text",
            "data": "Qty"
        },
        {
            "type": "text",
            "data": "A value representing the Quantity available of the Material."
        },
        {
            "type": "text",
            "data": "Width"
        },
        {
            "type": "text",
            "data": "A value representing the Width for this sheet of Material."
        },
        {
            "type": "text",
            "data": "Length"
        },
        {
            "type": "text",
            "data": "A value representing the Length for this sheet of Material."
        },
        {
            "type": "text",
            "data": "Thick"
        },
        {
            "type": "text",
            "data": "A value representing the Thickness for this sheet of Material."
        },
        {
            "type": "text",
            "data": "Type"
        },
        {
            "type": "text",
            "data": "The Materials Type:"
        },
        {
            "type": "text",
            "data": "0 = Panel Stock"
        },
        {
            "type": "text",
            "data": "1 = Board Stock"
        },
        {
            "type": "text",
            "data": "2 = Laminate"
        },
        {
            "type": "text",
            "data": "3 = Banding"
        },
        {
            "type": "text",
            "data": "4 = Hinges"
        },
        {
            "type": "text",
            "data": "5 = Guides"
        },
        {
            "type": "text",
            "data": "6 = Pulls"
        },
        {
            "type": "text",
            "data": "7 = Miscellaneous"
        },
        {
            "type": "text",
            "data": "8 = Tops"
        },
        {
            "type": "text",
            "data": "9 = Molding"
        },
        {
            "type": "text",
            "data": "Optimize"
        },
        {
            "type": "text",
            "data": "A Boolean value set to true if   the Material can be used in a Panel optimization."
        },
        {
            "type": "text",
            "data": "Offcut"
        },
        {
            "type": "text",
            "data": "A Boolean value set to true if   this Material originated from an Offcut Bin."
        },
        {
            "type": "text",
            "data": "SubSheet"
        },
        {
            "type": "text",
            "data": "Material represents a sub-sheet when grain matching block exceeds saw phase limitations."
        },
        {
            "type": "text",
            "data": "Grain"
        },
        {
            "type": "text",
            "data": "A Boolean value set to true if the   Material has Grain."
        },
        {
            "type": "text",
            "data": "Cost"
        },
        {
            "type": "text",
            "data": "A value representing the Price associated with this sheet of Material."
        },
        {
            "type": "text",
            "data": "FaceDependent"
        },
        {
            "type": "text",
            "data": "A Boolean value set to true if this   Material is face dependent (single sided)."
        },
        {
            "type": "text",
            "data": "TextureFace"
        },
        {
            "type": "text",
            "data": "The Front material texture name."
        },
        {
            "type": "text",
            "data": "TextureBack"
        },
        {
            "type": "text",
            "data": "The Back material texture name."
        },
        {
            "type": "text",
            "data": "TextureEdge"
        },
        {
            "type": "text",
            "data": "The Edge material texture name."
        },
        {
            "type": "text",
            "data": "MachineOverrideMatDBID"
        },
        {
            "type": "text",
            "data": "Cross-reference to [MachineOverrides].[MatDBID] linking a Material to overrides of the default parameters."
        },
        {
            "type": "text",
            "data": "ClimbCut"
        },
        {
            "type": "text",
            "data": "A Boolean value set to true if   it is better to cut this Material with a climb or conventional cut."
        },
        {
            "type": "text",
            "data": "FeedRatePercent"
        },
        {
            "type": "text",
            "data": "A value representing the Percent of optimum Tool Feed Rate to use with this Material."
        },
        {
            "type": "text",
            "data": "MinimizeFaceChip"
        },
        {
            "type": "text",
            "data": "A Boolean value set to true if   the System needs to select a tool for operations that minimize chipping on the front face. Assists in Selecting Up Shear / Down Shear router bit."
        },
        {
            "type": "text",
            "data": "MinimizeBackChip"
        },
        {
            "type": "text",
            "data": "A Boolean value set to true if   the System needs to select a tool for operations that minimize chipping on the back face. Assists in Selecting Up Shear / Down Shear router bit."
        },
        {
            "type": "text",
            "data": "FaceUpToolID"
        },
        {
            "type": "text",
            "data": "Cross-reference to [Tools].[ID] linking the outline tool to use if this Material is face up."
        },
        {
            "type": "text",
            "data": "FaceDownToolID"
        },
        {
            "type": "text",
            "data": "Cross-reference to [Tools].[ID] linking the outline tool to use if this Material is face down."
        },
        {
            "type": "text",
            "data": "PartOperations"
        },
        {
            "type": "text",
            "data": "This table stores the Part Operations."
        },
        {
            "type": "table",
            "data": {
                "headers": [
                    "Field",
                    "Description"
                ],
                "rows": [
                    [
                        "PartID",
                        "Cross-reference to [Parts].[ID] linking the operation to a part."
                    ],
                    [
                        "ID",
                        "A unique number to reference this Part Operation."
                    ],
                    [
                        "Name",
                        "The Name for the operation."
                    ],
                    [
                        "Type",
                        "The Operation Type: \n 1 = Dado \n 2 = Line Bore \n 3 = Cutout \n 4 = Route \n 9 = Hole"
                    ],
                    [
                        "Style",
                        "The Operation Style: \n 0x01 = Pocket \n 0x02 = Inside \n 0x04 = Outside \n 0x08 = MDF Glass \n 0x10 = MDF Outline \n 0x20 = Preserve Dir"
                    ],
                    [
                        "ToolID",
                        "Cross-reference to [Tools].[ID] linking a tool to the operation. For automatic tool selection (recommended) the [ToolID] should be 0."
                    ],
                    [
                        "Width",
                        "A value representing the Width of the operation."
                    ],
                    [
                        "Length",
                        "A value representing the Length of the operation."
                    ],
                    [
                        "Depth",
                        "A value representing the Depth of the operation."
                    ],
                    [
                        "PosX",
                        "A value representing the X position of the operation."
                    ],
                    [
                        "PosY",
                        "A value representing the Y position of the operation."
                    ],
                    [
                        "PosZ",
                        "A value representing the Z position of the operation."
                    ],
                    [
                        "RotX",
                        "A value representing the Rotation of the operation about the X axis."
                    ],
                    [
                        "RotY",
                        "A value representing the Rotation of the operation about the Y axis."
                    ],
                    [
                        "RotZ",
                        "A value representing the Rotation of the operation about the Z axis."
                    ],
                    [
                        "Repeat",
                        "A value representing the Repetition for Line Bores."
                    ],
                    [
                        "Spacing",
                        "A value representing the Spacing for Line Bores."
                    ],
                    [
                        "Outline",
                        "Shape in an ASCII comma delimited string: \n Format: \n (node count,x1,x2 ,radius1,flags1,.....xN,yN, radiusN,flagsN) \n Flags: \n 0x08 = VTX_Radius \n 0x0400 = VTX_ArcLine \n 0x010000 = VTX_Visible"
                    ],
                    [
                        "Group",
                        "Used to override normal operation sort. A positive group will allow an operation to be milled after the outline on a nest. A negative group will allow an operation to be milled prior to the outline on a part."
                    ],
                    [
                        "Priority",
                        "An Override to the normal sort order of operations. Operations are 1st sorted by priority ascending."
                    ],
                    [
                        "DrawingID",
                        "Cross-reference to [Drawings].[ID] linking an extended AlphaCAM drawing with this operation."
                    ],
                    [
                        "Parameters",
                        "A List   of System parameters associated with this operation."
                    ]
                ]
            }
        },
        {
            "type": "text",
            "data": "Field"
        },
        {
            "type": "text",
            "data": "Description"
        },
        {
            "type": "text",
            "data": "PartID"
        },
        {
            "type": "text",
            "data": "Cross-reference to [Parts].[ID] linking the operation to a part."
        },
        {
            "type": "text",
            "data": "ID"
        },
        {
            "type": "text",
            "data": "A unique number to reference this Part Operation."
        },
        {
            "type": "text",
            "data": "Name"
        },
        {
            "type": "text",
            "data": "The Name for the operation."
        },
        {
            "type": "text",
            "data": "Type"
        },
        {
            "type": "text",
            "data": "The Operation Type:"
        },
        {
            "type": "text",
            "data": "1 = Dado"
        },
        {
            "type": "text",
            "data": "2 = Line Bore"
        },
        {
            "type": "text",
            "data": "3 = Cutout"
        },
        {
            "type": "text",
            "data": "4 = Route"
        },
        {
            "type": "text",
            "data": "9 = Hole"
        },
        {
            "type": "text",
            "data": "Style"
        },
        {
            "type": "text",
            "data": "The Operation Style:"
        },
        {
            "type": "text",
            "data": "0x01 = Pocket"
        },
        {
            "type": "text",
            "data": "0x02 = Inside"
        },
        {
            "type": "text",
            "data": "0x04 = Outside"
        },
        {
            "type": "text",
            "data": "0x08 = MDF Glass"
        },
        {
            "type": "text",
            "data": "0x10 = MDF Outline"
        },
        {
            "type": "text",
            "data": "0x20 = Preserve Dir"
        },
        {
            "type": "text",
            "data": "ToolID"
        },
        {
            "type": "text",
            "data": "Cross-reference to [Tools].[ID] linking a tool to the operation. For automatic tool selection (recommended) the [ToolID] should be 0."
        },
        {
            "type": "text",
            "data": "Width"
        },
        {
            "type": "text",
            "data": "A value representing the Width of the operation."
        },
        {
            "type": "text",
            "data": "Length"
        },
        {
            "type": "text",
            "data": "A value representing the Length of the operation."
        },
        {
            "type": "text",
            "data": "Depth"
        },
        {
            "type": "text",
            "data": "A value representing the Depth of the operation."
        },
        {
            "type": "text",
            "data": "PosX"
        },
        {
            "type": "text",
            "data": "A value representing the X position of the operation."
        },
        {
            "type": "text",
            "data": "PosY"
        },
        {
            "type": "text",
            "data": "A value representing the Y position of the operation."
        },
        {
            "type": "text",
            "data": "PosZ"
        },
        {
            "type": "text",
            "data": "A value representing the Z position of the operation."
        },
        {
            "type": "text",
            "data": "RotX"
        },
        {
            "type": "text",
            "data": "A value representing the Rotation of the operation about the X axis."
        },
        {
            "type": "text",
            "data": "RotY"
        },
        {
            "type": "text",
            "data": "A value representing the Rotation of the operation about the Y axis."
        },
        {
            "type": "text",
            "data": "RotZ"
        },
        {
            "type": "text",
            "data": "A value representing the Rotation of the operation about the Z axis."
        },
        {
            "type": "text",
            "data": "Repeat"
        },
        {
            "type": "text",
            "data": "A value representing the Repetition for Line Bores."
        },
        {
            "type": "text",
            "data": "Spacing"
        },
        {
            "type": "text",
            "data": "A value representing the Spacing for Line Bores."
        },
        {
            "type": "text",
            "data": "Outline"
        },
        {
            "type": "text",
            "data": "Shape in an ASCII comma delimited string:"
        },
        {
            "type": "text",
            "data": "Format:"
        },
        {
            "type": "text",
            "data": "(node count,x1,x2 ,radius1,flags1,.....xN,yN, radiusN,flagsN)"
        },
        {
            "type": "text",
            "data": "Flags:"
        },
        {
            "type": "text",
            "data": "0x08 = VTX_Radius"
        },
        {
            "type": "text",
            "data": "0x0400 = VTX_ArcLine"
        },
        {
            "type": "text",
            "data": "0x010000 = VTX_Visible"
        },
        {
            "type": "text",
            "data": "Group"
        },
        {
            "type": "text",
            "data": "Used to override normal operation sort. A positive group will allow an operation to be milled after the outline on a nest. A negative group will allow an operation to be milled prior to the outline on a part."
        },
        {
            "type": "text",
            "data": "Priority"
        },
        {
            "type": "text",
            "data": "An Override to the normal sort order of operations. Operations are 1st sorted by priority ascending."
        },
        {
            "type": "text",
            "data": "DrawingID"
        },
        {
            "type": "text",
            "data": "Cross-reference to [Drawings].[ID] linking an extended AlphaCAM drawing with this operation."
        },
        {
            "type": "text",
            "data": "Parameters"
        },
        {
            "type": "text",
            "data": "A List   of System parameters associated with this operation."
        },
        {
            "type": "text",
            "data": "Parts"
        },
        {
            "type": "text",
            "data": "This table stores the Parts for the S2M Center Job."
        },
        {
            "type": "table",
            "data": {
                "headers": [
                    "Field",
                    "Description"
                ],
                "rows": [
                    [
                        "ID",
                        "A unique number to reference this Part."
                    ],
                    [
                        "JobID",
                        "Cross-reference to [Jobs].[ID] linking part to a job."
                    ],
                    [
                        "MatDBID",
                        "Material identifier."
                    ],
                    [
                        "Name",
                        "The Name for the part."
                    ],
                    [
                        "InternalName",
                        "The Internal part name."
                    ],
                    [
                        "Optimize",
                        "A Boolean value set to true if the   Part has been set for Optimization."
                    ],
                    [
                        "CNC",
                        "A Boolean value set to true if the   Part has been set for CNC output."
                    ],
                    [
                        "Width",
                        "A value representing the Width of the part + EDX value without banding."
                    ],
                    [
                        "Length",
                        "A value representing the Length of the part + EDY value without banding."
                    ],
                    [
                        "WidthString",
                        "A value representing the Width displayed in output increment and precision."
                    ],
                    [
                        "LengthString",
                        "A value representing the Length displayed in output increment and precision."
                    ],
                    [
                        "NominalWidth",
                        "A value representing the Width of part without banding or EDX value."
                    ],
                    [
                        "NominalLength",
                        "A value representing the Length of part without banding or EDY value."
                    ],
                    [
                        "Comment",
                        "The user comment for the part."
                    ],
                    [
                        "Qty",
                        "A value representing the Quantity of the part."
                    ],
                    [
                        "OverMake",
                        "A value representing the Quantity that may be over made for this part."
                    ],
                    [
                        "RoomID",
                        "Cross-reference to [Rooms].[ID] linking the part to a room."
                    ],
                    [
                        "AssemblyID",
                        "Cross-reference to [Assemblies].[ID] linking the part to an assembly."
                    ],
                    [
                        "PrimaryEdge",
                        "A value representing the Primary part edge that rests against the point-to-point pins: \n 1 = Left \n 2 = Top \n 3 = Right \n 4 = Bottom"
                    ],
                    [
                        "Mirror",
                        "A Boolean value set to true if the   part should be output to a mirrored zone."
                    ],
                    [
                        "Shaped",
                        "A Boolean value set to true if the   Part is shaped."
                    ],
                    [
                        "Outline",
                        "Shape in an ASCII comma delimited string: \n Format: \n (node count,x1,x2 ,radius1,flags1,.....xN,yN, radiusN,flagsN) \n Flags: \n 0x08 = VTX_Radius \n 0x0400 = VTX_ArcLine \n 0x010000 = VTX_Visible"
                    ],
                    [
                        "OutlineToolID",
                        "Cross-reference to [Tools].[ID] linking a tool to use for the outline of this part."
                    ],
                    [
                        "GangBore",
                        "A Boolean value set to true if the   Part has Gang (Multi-Drill) Boring."
                    ],
                    [
                        "HorizontalBore",
                        "A Boolean value set to true if the   Part has horizontal boring."
                    ],
                    [
                        "PriMachineID",
                        "Cross-reference to [Machines].[ID] linking this part to the machine used for primary output."
                    ],
                    [
                        "SecMachineID",
                        "Cross-reference to [Machines].[ID] linking this part to the machine used for secondary output."
                    ],
                    [
                        "HorMachineID",
                        "Cross-reference to [Machines].[ID] linking this part to the machine used for horizontal edge output."
                    ],
                    [
                        "CutMachineID",
                        "Cross-reference to [Machines].[ID] linking this part to the machine used for cutting part from a strip."
                    ],
                    [
                        "PrefPriMachineID",
                        "Cross-reference to [Machines].[ID] linking this part to the preferred machine to use for primary output."
                    ],
                    [
                        "PrefSecMachineID",
                        "Reference to [Machines].[ID] linking this part to the preferred machine to use for secondary output."
                    ],
                    [
                        "Margin",
                        "A value representing the Margin around part for nesting."
                    ],
                    [
                        "HasBanding",
                        "A Boolean value set to true if the   EdgeBanding   table contains data for this part."
                    ],
                    [
                        "Banding",
                        "Four character banding code (Width1, Length1, Width2, Length2) \n 0 = None \n 1 = Door Banding \n 2 = Exterior Banding \n 3 = Interior Banding \n Plus the alternative Banding Characters."
                    ],
                    [
                        "BandingCode",
                        "Banding code format. \n Edge types: (L)ength, (W)idth, (R)adius and (A)ngle \n Banding types: e(X)terior and (I)nterior \n Example:1L15I1R6X1A12X - 1 Length 15\" long with Interior, 1 6\" Radius with eXterior, 1 Angled edge 12\" long with eXterior"
                    ],
                    [
                        "BandingFlags",
                        "Solid edge banding flags from a parts origin related to part edge as follows: \n (edges code_1....code_n) \n Example: 6NNENEN 6 sided part from face clockwise stroke: \n N = None \n I = Interior \n E = Exterior \n D = Door"
                    ],
                    [
                        "FinishFace",
                        "The Face finish ID form material database."
                    ],
                    [
                        "FinishBack",
                        "The Back finish ID form material database."
                    ],
                    [
                        "FinishEdge",
                        "The Edge finish ID form material database."
                    ],
                    [
                        "Parameters",
                        "A list of System parameters associated with this part."
                    ]
                ]
            }
        },
        {
            "type": "text",
            "data": "Field"
        },
        {
            "type": "text",
            "data": "Description"
        },
        {
            "type": "text",
            "data": "ID"
        },
        {
            "type": "text",
            "data": "A unique number to reference this Part."
        },
        {
            "type": "text",
            "data": "JobID"
        },
        {
            "type": "text",
            "data": "Cross-reference to [Jobs].[ID] linking part to a job."
        },
        {
            "type": "text",
            "data": "MatDBID"
        },
        {
            "type": "text",
            "data": "Material identifier."
        },
        {
            "type": "text",
            "data": "Name"
        },
        {
            "type": "text",
            "data": "The Name for the part."
        },
        {
            "type": "text",
            "data": "InternalName"
        },
        {
            "type": "text",
            "data": "The Internal part name."
        },
        {
            "type": "text",
            "data": "Optimize"
        },
        {
            "type": "text",
            "data": "A Boolean value set to true if the   Part has been set for Optimization."
        },
        {
            "type": "text",
            "data": "CNC"
        },
        {
            "type": "text",
            "data": "A Boolean value set to true if the   Part has been set for CNC output."
        },
        {
            "type": "text",
            "data": "Width"
        },
        {
            "type": "text",
            "data": "A value representing the Width of the part + EDX value without banding."
        },
        {
            "type": "text",
            "data": "Length"
        },
        {
            "type": "text",
            "data": "A value representing the Length of the part + EDY value without banding."
        },
        {
            "type": "text",
            "data": "WidthString"
        },
        {
            "type": "text",
            "data": "A value representing the Width displayed in output increment and precision."
        },
        {
            "type": "text",
            "data": "LengthString"
        },
        {
            "type": "text",
            "data": "A value representing the Length displayed in output increment and precision."
        },
        {
            "type": "text",
            "data": "NominalWidth"
        },
        {
            "type": "text",
            "data": "A value representing the Width of part without banding or EDX value."
        },
        {
            "type": "text",
            "data": "NominalLength"
        },
        {
            "type": "text",
            "data": "A value representing the Length of part without banding or EDY value."
        },
        {
            "type": "text",
            "data": "Comment"
        },
        {
            "type": "text",
            "data": "The user comment for the part."
        },
        {
            "type": "text",
            "data": "Qty"
        },
        {
            "type": "text",
            "data": "A value representing the Quantity of the part."
        },
        {
            "type": "text",
            "data": "OverMake"
        },
        {
            "type": "text",
            "data": "A value representing the Quantity that may be over made for this part."
        },
        {
            "type": "text",
            "data": "RoomID"
        },
        {
            "type": "text",
            "data": "Cross-reference to [Rooms].[ID] linking the part to a room."
        },
        {
            "type": "text",
            "data": "AssemblyID"
        },
        {
            "type": "text",
            "data": "Cross-reference to [Assemblies].[ID] linking the part to an assembly."
        },
        {
            "type": "text",
            "data": "PrimaryEdge"
        },
        {
            "type": "text",
            "data": "A value representing the Primary part edge that rests against the point-to-point pins:"
        },
        {
            "type": "text",
            "data": "1 = Left"
        },
        {
            "type": "text",
            "data": "2 = Top"
        },
        {
            "type": "text",
            "data": "3 = Right"
        },
        {
            "type": "text",
            "data": "4 = Bottom"
        },
        {
            "type": "text",
            "data": "Mirror"
        },
        {
            "type": "text",
            "data": "A Boolean value set to true if the   part should be output to a mirrored zone."
        },
        {
            "type": "text",
            "data": "Shaped"
        },
        {
            "type": "text",
            "data": "A Boolean value set to true if the   Part is shaped."
        },
        {
            "type": "text",
            "data": "Outline"
        },
        {
            "type": "text",
            "data": "Shape in an ASCII comma delimited string:"
        },
        {
            "type": "text",
            "data": "Format:"
        },
        {
            "type": "text",
            "data": "(node count,x1,x2 ,radius1,flags1,.....xN,yN, radiusN,flagsN)"
        },
        {
            "type": "text",
            "data": "Flags:"
        },
        {
            "type": "text",
            "data": "0x08 = VTX_Radius"
        },
        {
            "type": "text",
            "data": "0x0400 = VTX_ArcLine"
        },
        {
            "type": "text",
            "data": "0x010000 = VTX_Visible"
        },
        {
            "type": "text",
            "data": "OutlineToolID"
        },
        {
            "type": "text",
            "data": "Cross-reference to [Tools].[ID] linking a tool to use for the outline of this part."
        },
        {
            "type": "text",
            "data": "GangBore"
        },
        {
            "type": "text",
            "data": "A Boolean value set to true if the   Part has Gang (Multi-Drill) Boring."
        },
        {
            "type": "text",
            "data": "HorizontalBore"
        },
        {
            "type": "text",
            "data": "A Boolean value set to true if the   Part has horizontal boring."
        },
        {
            "type": "text",
            "data": "PriMachineID"
        },
        {
            "type": "text",
            "data": "Cross-reference to [Machines].[ID] linking this part to the machine used for primary output."
        },
        {
            "type": "text",
            "data": "SecMachineID"
        },
        {
            "type": "text",
            "data": "Cross-reference to [Machines].[ID] linking this part to the machine used for secondary output."
        },
        {
            "type": "text",
            "data": "HorMachineID"
        },
        {
            "type": "text",
            "data": "Cross-reference to [Machines].[ID] linking this part to the machine used for horizontal edge output."
        },
        {
            "type": "text",
            "data": "CutMachineID"
        },
        {
            "type": "text",
            "data": "Cross-reference to [Machines].[ID] linking this part to the machine used for cutting part from a strip."
        },
        {
            "type": "text",
            "data": "PrefPriMachineID"
        },
        {
            "type": "text",
            "data": "Cross-reference to [Machines].[ID] linking this part to the preferred machine to use for primary output."
        },
        {
            "type": "text",
            "data": "PrefSecMachineID"
        },
        {
            "type": "text",
            "data": "Reference to [Machines].[ID] linking this part to the preferred machine to use for secondary output."
        },
        {
            "type": "text",
            "data": "Margin"
        },
        {
            "type": "text",
            "data": "A value representing the Margin around part for nesting."
        },
        {
            "type": "text",
            "data": "HasBanding"
        },
        {
            "type": "text",
            "data": "A Boolean value set to true if the   EdgeBanding   table contains data for this part."
        },
        {
            "type": "text",
            "data": "Banding"
        },
        {
            "type": "text",
            "data": "Four character banding code (Width1, Length1, Width2, Length2)"
        },
        {
            "type": "text",
            "data": "0 = None"
        },
        {
            "type": "text",
            "data": "1 = Door Banding"
        },
        {
            "type": "text",
            "data": "2 = Exterior Banding"
        },
        {
            "type": "text",
            "data": "3 = Interior Banding"
        },
        {
            "type": "text",
            "data": "Plus the alternative Banding Characters."
        },
        {
            "type": "text",
            "data": "BandingCode"
        },
        {
            "type": "text",
            "data": "Banding code format."
        },
        {
            "type": "text",
            "data": "Edge types: (L)ength, (W)idth, (R)adius and (A)ngle"
        },
        {
            "type": "text",
            "data": "Banding types: e(X)terior and (I)nterior"
        },
        {
            "type": "text",
            "data": "Example:1L15I1R6X1A12X - 1 Length 15\" long with Interior, 1 6\" Radius with eXterior, 1 Angled edge 12\" long with eXterior"
        },
        {
            "type": "text",
            "data": "BandingFlags"
        },
        {
            "type": "text",
            "data": "Solid edge banding flags from a parts origin related to part edge as follows:"
        },
        {
            "type": "text",
            "data": "(edges code_1....code_n)"
        },
        {
            "type": "text",
            "data": "Example: 6NNENEN 6 sided part from face clockwise stroke:"
        },
        {
            "type": "text",
            "data": "N = None"
        },
        {
            "type": "text",
            "data": "I = Interior"
        },
        {
            "type": "text",
            "data": "E = Exterior"
        },
        {
            "type": "text",
            "data": "D = Door"
        },
        {
            "type": "text",
            "data": "FinishFace"
        },
        {
            "type": "text",
            "data": "The Face finish ID form material database."
        },
        {
            "type": "text",
            "data": "FinishBack"
        },
        {
            "type": "text",
            "data": "The Back finish ID form material database."
        },
        {
            "type": "text",
            "data": "FinishEdge"
        },
        {
            "type": "text",
            "data": "The Edge finish ID form material database."
        },
        {
            "type": "text",
            "data": "Parameters"
        },
        {
            "type": "text",
            "data": "A list of System parameters associated with this part."
        },
        {
            "type": "text",
            "data": "Rooms"
        },
        {
            "type": "text",
            "data": "This table stores the Rooms in the S2M Center Job."
        },
        {
            "type": "table",
            "data": {
                "headers": [
                    "Field",
                    "Description"
                ],
                "rows": [
                    [
                        "JobID",
                        "Cross-reference to [Jobs].[ID] linking a room to a job."
                    ],
                    [
                        "ID",
                        "A unique number to reference this Room."
                    ],
                    [
                        "RoomName",
                        "The Name for the Room."
                    ]
                ]
            }
        },
        {
            "type": "text",
            "data": "Field"
        },
        {
            "type": "text",
            "data": "Description"
        },
        {
            "type": "text",
            "data": "JobID"
        },
        {
            "type": "text",
            "data": "Cross-reference to [Jobs].[ID] linking a room to a job."
        },
        {
            "type": "text",
            "data": "ID"
        },
        {
            "type": "text",
            "data": "A unique number to reference this Room."
        },
        {
            "type": "text",
            "data": "RoomName"
        },
        {
            "type": "text",
            "data": "The Name for the Room."
        }
    ],
    "source_file": "NCEnglish\\Tid-Bits\\The_Databases\\Specification_PNC_Files.htm",
    "version": "2024",
    "source_type": "help_file"
}