{
    "id": "609dc3c6-f8c5-4459-8074-28b8760b3f90",
    "title": "Sprint_PTP2_Beckhoff",
    "content": [
        {
            "type": "text",
            "data": "Sprint PTP2 Beckhoff"
        },
        {
            "type": "text",
            "data": "This is a Drill and Dowel Machine Link."
        },
        {
            "type": "text",
            "data": "This output will create program files for the Sprint Beckhoff Drill / Dowel machines. Each program will represent one side of a part."
        }
    ],
    "source_file": "NCEnglish\\Ribbonbar\\Main_Tab\\Machine\\NC_Links\\Drill_and_Dowel_Links\\Sprint_PTP2_Beckhoff.htm",
    "version": "2024",
    "source_type": "help_file"
}