{
    "id": "7169524f-0ab2-455b-82ec-e938796985cb",
    "title": "Standard_Tool_Shape",
    "content": [
        {
            "type": "text",
            "data": "Standard Tool Shape"
        },
        {
            "type": "image",
            "data": "image69.png",
            "description": "[Placeholder for AI-generated description]"
        },
        {
            "type": "text",
            "data": "The Tool Shape toolbar has the following options:"
        },
        {
            "type": "text",
            "data": "Add Points"
        },
        {
            "type": "image",
            "data": "image70.png",
            "description": "[Placeholder for AI-generated description]"
        },
        {
            "type": "text",
            "data": "Use this tool to Add new Points to your Tool's Shape."
        },
        {
            "type": "text",
            "data": "Delete Points"
        },
        {
            "type": "image",
            "data": "image71.png",
            "description": "[Placeholder for AI-generated description]"
        },
        {
            "type": "text",
            "data": "Use this tool to remove Points."
        },
        {
            "type": "text",
            "data": "Move Points"
        },
        {
            "type": "image",
            "data": "image72.png",
            "description": "[Placeholder for AI-generated description]"
        },
        {
            "type": "text",
            "data": "Use this tool to Move Points."
        },
        {
            "type": "text",
            "data": "Parallel Line"
        },
        {
            "type": "image",
            "data": "image73.png",
            "description": "[Placeholder for AI-generated description]"
        },
        {
            "type": "text",
            "data": "Use this Tool to move parallel points at the same time."
        },
        {
            "type": "text",
            "data": "Arc Line"
        },
        {
            "type": "image",
            "data": "image74.png",
            "description": "[Placeholder for AI-generated description]"
        },
        {
            "type": "text",
            "data": "Use this tool to pull an Arc."
        },
        {
            "type": "text",
            "data": "Radius Point"
        },
        {
            "type": "image",
            "data": "image75.png",
            "description": "[Placeholder for AI-generated description]"
        },
        {
            "type": "text",
            "data": "Use this tool to enter a radius value for a selected point."
        },
        {
            "type": "text",
            "data": "Reference Point"
        },
        {
            "type": "image",
            "data": "image76.png",
            "description": "[Placeholder for AI-generated description]"
        },
        {
            "type": "text",
            "data": "Reset the reference point on the object. This changes the Reference Point temporarily during editing."
        },
        {
            "type": "text",
            "data": "Show Grid"
        },
        {
            "type": "image",
            "data": "image77.png",
            "description": "[Placeholder for AI-generated description]"
        },
        {
            "type": "text",
            "data": "This tool allows you to turn on/off the display of the Grid."
        },
        {
            "type": "text",
            "data": "Snap to Grid"
        },
        {
            "type": "image",
            "data": "image78.png",
            "description": "[Placeholder for AI-generated description]"
        },
        {
            "type": "text",
            "data": "This tool turns on the option to Snap to the Grid lines."
        },
        {
            "type": "text",
            "data": "Zoom In"
        },
        {
            "type": "image",
            "data": "image79.png",
            "description": "[Placeholder for AI-generated description]"
        },
        {
            "type": "text",
            "data": "This tool allows you to Zoom In."
        },
        {
            "type": "text",
            "data": "Zoom out"
        },
        {
            "type": "image",
            "data": "image80.png",
            "description": "[Placeholder for AI-generated description]"
        },
        {
            "type": "text",
            "data": "This tool incrementally Zooms Out your image."
        },
        {
            "type": "text",
            "data": "Import DXF"
        },
        {
            "type": "image",
            "data": "image81.png",
            "description": "[Placeholder for AI-generated description]"
        },
        {
            "type": "text",
            "data": "Use this tool to browse to and Import a DXF of the Tool shape."
        },
        {
            "type": "image",
            "data": "image82.png",
            "description": "[Placeholder for AI-generated description]"
        },
        {
            "type": "image",
            "data": "image83.png",
            "description": "[Placeholder for AI-generated description]"
        },
        {
            "type": "text",
            "data": "Prior to Import you can, if needed, Mirror, Rotate, and/or Scale the DXF."
        },
        {
            "type": "text",
            "data": "Grid Unit Box"
        },
        {
            "type": "image",
            "data": "image1035.gif",
            "description": "[Placeholder for AI-generated description]"
        },
        {
            "type": "text",
            "data": "Allows for resetting the pattern size/snap precision of the Grid."
        },
        {
            "type": "text",
            "data": "Right Clicking on any point will allow precision placement of the selected Point in either Absolute Dimensions or from the current Reference (Green Dot) Point. The Absolute Position is referenced from the Cross Point of the Main Grid."
        },
        {
            "type": "image",
            "data": "Information.png",
            "description": "[Placeholder for AI-generated description]"
        },
        {
            "type": "image",
            "data": "image84.png",
            "description": "[Placeholder for AI-generated description]"
        }
    ],
    "source_file": "NCEnglish_Cabinetmaker\\Ribbonbar\\Main_Tab\\Tool\\Standard_Tool_Shape.htm",
    "version": "2024",
    "source_type": "help_file"
}