{
    "id": "081e827c-248c-4d0e-855f-2a1a03355c38",
    "title": "T_O_P__Albatros",
    "content": [
        {
            "type": "text",
            "data": "T.O.P. Albatros"
        },
        {
            "type": "text",
            "data": "This is a Drill and Dowel Machine Link."
        },
        {
            "type": "text",
            "data": "Output for the T.O.P Drill & Dowel machine."
        },
        {
            "type": "text",
            "data": "When a Tool in the Tool Catalog is assigned to this machine you will \n get the following Parameters:"
        },
        {
            "type": "text",
            "data": "Drill \n (_hmDrill) \n\t  Allows you to specify that this tool should perform a drill \n\t operation \n Insert \n (_hmInsert) \n\t  Allows you to specify that this tool should perform an insertion \n\t operation \n Macro \n (_hmMacro) \n\t - Macro name to use for the insertion operation"
        },
        {
            "type": "text",
            "data": "Drill \n (_hmDrill) \n\t  Allows you to specify that this tool should perform a drill \n\t operation"
        },
        {
            "type": "text",
            "data": "Drill \n (_hmDrill) \n\t  Allows you to specify that this tool should perform a drill \n\t operation"
        },
        {
            "type": "text",
            "data": "Insert \n (_hmInsert) \n\t  Allows you to specify that this tool should perform an insertion \n\t operation"
        },
        {
            "type": "text",
            "data": "Insert \n (_hmInsert) \n\t  Allows you to specify that this tool should perform an insertion \n\t operation"
        },
        {
            "type": "text",
            "data": "Macro \n (_hmMacro) \n\t - Macro name to use for the insertion operation"
        },
        {
            "type": "text",
            "data": "Macro \n (_hmMacro) \n\t - Macro name to use for the insertion operation"
        }
    ],
    "source_file": "NCEnglish\\Ribbonbar\\Main_Tab\\Machine\\NC_Links\\Drill_and_Dowel_Links\\T_O_P__Albatros.htm",
    "version": "2024",
    "source_type": "help_file"
}