{
    "id": "14dd7641-d6e0-4da9-963b-f79cf96568a2",
    "title": "TpaCAD",
    "content": [
        {
            "type": "text",
            "data": "TpaCAD"
        },
        {
            "type": "text",
            "data": "This is a Drill and Dowel Machine Link."
        },
        {
            "type": "text",
            "data": "This output will create program files for Drill and Dowel Machines using TpaCAD. The output supports Horizontal Drill / Glue / Dowel and Vertical Boring. Assign tools to this machine and to the boring operations to create output. Additional instructions such as dowel, glue, macro name, programmable depth, and tool number can be set on tools assigned to this machine in tool catalog. One program will be created per edge."
        },
        {
            "type": "text",
            "data": "If you need to use the pocket screw attachment for this link, create a new horizontal tool, then assign it to the machine using this link, then set the Macro property to pk.tcn (this is case insenstivite). When that is done, the neccessary changes to the output will be made when the pocket screw attachment is needed."
        },
        {
            "type": "text",
            "data": "Tool Properties"
        },
        {
            "type": "text",
            "data": "PSHOWTOOLPROP_ToolNumber"
        },
        {
            "type": "text",
            "data": "Link Parameters"
        },
        {
            "type": "text",
            "data": "Add Glue - (_hmGlue) [Bool/Tool]:  Add glue when using this tool \n Add Dowel - (_hmDowel) [Bool/Tool]:  Add dowel when using this tool \n Macro - (_hmMacro) [String/Tool]:  The macro name to use for Glue/Dowel operation: forainsert.tmcr \n Base zone # on Part Size - (_hmZoneOnPrtSize) [Bool/Machine]:  Option to uset he smaller inside zones if the part will fit \n Dimension 'A' - (_hmMaxSizeForZone) [Measurement/Machine]:  Maximum size for the small zone \n Programmable Depth - (_hmProgDepth) [Bool/Tool]:  When true, this will output operation depth for this tool, when false, depth will equal 0"
        },
        {
            "type": "text",
            "data": "Add Glue - (_hmGlue) [Bool/Tool]:  Add glue when using this tool"
        },
        {
            "type": "text",
            "data": "Add Dowel - (_hmDowel) [Bool/Tool]:  Add dowel when using this tool"
        },
        {
            "type": "text",
            "data": "Macro - (_hmMacro) [String/Tool]:  The macro name to use for Glue/Dowel operation: forainsert.tmcr"
        },
        {
            "type": "text",
            "data": "Base zone # on Part Size - (_hmZoneOnPrtSize) [Bool/Machine]:  Option to uset he smaller inside zones if the part will fit"
        },
        {
            "type": "text",
            "data": "Dimension 'A' - (_hmMaxSizeForZone) [Measurement/Machine]:  Maximum size for the small zone"
        },
        {
            "type": "text",
            "data": "Programmable Depth - (_hmProgDepth) [Bool/Tool]:  When true, this will output operation depth for this tool, when false, depth will equal 0"
        }
    ],
    "source_file": "NCEnglish\\Ribbonbar\\Main_Tab\\Machine\\NC_Links\\Drill_and_Dowel_Links\\TpaCAD.htm",
    "version": "2024",
    "source_type": "help_file"
}