{
    "id": "6798bfa3-293b-4d76-a9d0-279eaa8daed7",
    "title": "Transfer_Standards",
    "content": [
        {
            "type": "text",
            "data": "Transferring Your Standards"
        },
        {
            "type": "text",
            "data": "NOTICE: This Topic assumes you are familiar with File Management in the Windows Operating System."
        },
        {
            "type": "text",
            "data": "Follow these instructions to transfer files into Solid Essential 10 from previous versions or different computers."
        },
        {
            "type": "text",
            "data": "The local hard drive is being referred to as \"C\" since that is the most common drive designation, however, it simply represents the drive where Solid has been installed. If Solid has been installed on a different drive on your computer, then that is the one you will use."
        },
        {
            "type": "text",
            "data": "This topic describes the procedures for a standalone computer, but it will be the same if you are using a network server."
        },
        {
            "type": "text",
            "data": "Step 1:"
        },
        {
            "type": "text",
            "data": "Open the Solid Backup Utility. From the Solid Splash Screen, click  Utilities  and then  Backup Utility."
        },
        {
            "type": "image",
            "data": "BUP_1.png",
            "description": "[Placeholder for AI-generated description]"
        },
        {
            "type": "text",
            "data": "Step 2:"
        },
        {
            "type": "text",
            "data": "From the left side of the screen, check all the choices."
        },
        {
            "type": "text",
            "data": "If you do not use the S2M Center, then do not check CNC Database or Posts."
        },
        {
            "type": "image",
            "data": "Information.png",
            "description": "[Placeholder for AI-generated description]"
        },
        {
            "type": "text",
            "data": "From the Right side of the screen, check \"Default.dat\" and any new Catalogs (.cvc) that you have added or any that you have modified."
        },
        {
            "type": "text",
            "data": "Click OK."
        },
        {
            "type": "image",
            "data": "image956.gif",
            "description": "[Placeholder for AI-generated description]"
        },
        {
            "type": "text",
            "data": "When the backup utility is finished running you must  CLOSE SOLID."
        },
        {
            "type": "text",
            "data": "Step 3:"
        },
        {
            "type": "text",
            "data": "This creates a folder that contains each of these selected files plus a zipped file called \"backup.zip\" which contains all the files in a compressed format. This new folder will be labeled with today\u2019s date and time and will be placed within the Automatic Backups folder. This folder is located on your hard drive under the Planit\\Solid_10_0 folder."
        },
        {
            "type": "text",
            "data": "Now we need to transfer this newly created backup folder to the Automatic Backups folder within Solid Essential 10. If both versions of Solid are on the same computer, simply copy and paste this folder from the older Automatic Backups folder to the Solid 10_0 \\ Automatic Backups folder."
        },
        {
            "type": "text",
            "data": "If you are transferring these files from one computer to another, simply copy and paste this backup folder to a USB memory stick or whatever method of transfer you prefer, then copy and paste it to the Solid 10_0 \\ Automatic Backups folder on the new computer."
        },
        {
            "type": "text",
            "data": "At this point, make sure that Solid Essential 10 is closed."
        },
        {
            "type": "image",
            "data": "Information.png",
            "description": "[Placeholder for AI-generated description]"
        },
        {
            "type": "text",
            "data": "Now that the new folder has been copied to the C: \\ Planit \\ Solid 10_0 \\ Automatic Backups folder, follow these steps:"
        },
        {
            "type": "text",
            "data": "On your computer, go to the Start button. \n \n \n Go to All Programs Solid Essential \\ Restore Settings. The following screen will appear:"
        },
        {
            "type": "text",
            "data": "On your computer, go to the Start button."
        },
        {
            "type": "text",
            "data": "On your computer, go to the Start button."
        },
        {
            "type": "text",
            "data": "Go to All Programs Solid Essential \\ Restore Settings. The following screen will appear:"
        },
        {
            "type": "text",
            "data": "Go to All Programs Solid Essential \\ Restore Settings. The following screen will appear:"
        },
        {
            "type": "image",
            "data": "image192.gif",
            "description": "[Placeholder for AI-generated description]"
        },
        {
            "type": "text",
            "data": "The screen that pops up shows the available Backup folders on the left and the Files within each folder on the right. \n \n \n Make sure you have the folder you just transferred highlighted on the left. \n \n \n Now check which (or all) files you want to restore (transfer) on the right. \n \n \n Click OK"
        },
        {
            "type": "text",
            "data": "The screen that pops up shows the available Backup folders on the left and the Files within each folder on the right."
        },
        {
            "type": "text",
            "data": "The screen that pops up shows the available Backup folders on the left and the Files within each folder on the right."
        },
        {
            "type": "text",
            "data": "Make sure you have the folder you just transferred highlighted on the left."
        },
        {
            "type": "text",
            "data": "Make sure you have the folder you just transferred highlighted on the left."
        },
        {
            "type": "text",
            "data": "Now check which (or all) files you want to restore (transfer) on the right."
        },
        {
            "type": "text",
            "data": "Now check which (or all) files you want to restore (transfer) on the right."
        },
        {
            "type": "text",
            "data": "Click OK"
        },
        {
            "type": "text",
            "data": "Click OK"
        },
        {
            "type": "text",
            "data": "This will copy the selected files into the appropriate Database folder and run the appropriate update routine. \u00a0Once the update routine has finished running, Solid is now ready for use and will contain the updated information."
        },
        {
            "type": "text",
            "data": "Moving Existing Jobs"
        },
        {
            "type": "text",
            "data": "If you want to also move your existing jobs, you can simply copy and paste all the existing job files (.cvj files) from one computer or folder location to another for use in Solid 10. These job files are usually contained within the C: \\ Planit \\ Solid 10.x \\ Jobs folder, but they may be stored in any folder you have designated."
        },
        {
            "type": "text",
            "data": "A job that is edited in Solid 10 can no longer be used in an earlier version. Use a copy of that original job for safety. No update routine has to be run after copying these files."
        },
        {
            "type": "image",
            "data": "Warning.png",
            "description": "[Placeholder for AI-generated description]"
        },
        {
            "type": "text",
            "data": "Door Catalog"
        },
        {
            "type": "text",
            "data": "Now that the new Door catalog has been copied over, you will need to update the Door icons. Open Solid Essential 10, go to Door Catalog \\ Setup and run Regenerate Door icons."
        },
        {
            "type": "image",
            "data": "image958.gif",
            "description": "[Placeholder for AI-generated description]"
        },
        {
            "type": "text",
            "data": "Usability of new files"
        },
        {
            "type": "text",
            "data": "While we make our best effort at making the older files compatible with the newer version of our software, we can\u2019t guarantee all files will work exactly as they did in the older version due to the updates and additions to the new version. Existing jobs may not perform as expected. Also, the Construction Methods and User Created Standards will have to be reviewed to account for new or updated routines. Sometimes, older User Created Standards no longer work or are no longer needed.  Please test the new information thoroughly before beginning production."
        },
        {
            "type": "text",
            "data": "Files and Descriptions"
        },
        {
            "type": "table",
            "data": {
                "headers": [
                    "File Name",
                    "Location",
                    "Purpose"
                ],
                "rows": [
                    [
                        "Default.dat",
                        "C:\\Planit\\Solid_10_0\\",
                        "This file contains all your Layer Schedules and Dimension Styles."
                    ],
                    [
                        ".cvj files",
                        "C:\\Planit\\Solid_10_0\\Jobs\\",
                        "These are your Job files."
                    ],
                    [
                        "*.cvc files",
                        "C:\\Planit\\Solid_10_0\\Database\\",
                        "These are the Cabinet\\Object Catalogs"
                    ],
                    [
                        "*.ddb files",
                        "C:\\Planit\\Solid_10_0\\Database\\",
                        "These are the Door Catalogs. Door.ddb is the default Custom Door Catalog."
                    ],
                    [
                        "Drawings.sym",
                        "C:\\Planit\\Solid_10_0\\Database\\",
                        "This is where your CAD Symbols and Titleblocks are stored."
                    ],
                    [
                        "CxMaterials.accdb \nOR \nCxMaterials.mdf",
                        "C:\\Planit\\Solid_10_0\\Database\\",
                        "This is where all Materials and Material Schedules are stored."
                    ],
                    [
                        "Report.mdb",
                        "C:\\Planit\\Solid_10_0\\Database\\",
                        "This is where all Report Groups and Bid Methods are stored."
                    ],
                    [
                        "Wiz_Data.wdb",
                        "C:\\Planit\\Solid_10_0\\Database\\",
                        "This is where Construction Methods, UCS\u2019s, and Intelli-Joints are stored."
                    ],
                    [
                        ".jpg",
                        "C:\\Planit\\Solid_10_0\\Database\\Graphics\\",
                        "These are your custom textures that have been imported."
                    ],
                    [
                        ".bmp files",
                        "C:\\Planit\\Solid_10_0\\Database\\Graphics\\",
                        "These are your custom textures that have been imported."
                    ]
                ]
            }
        },
        {
            "type": "text",
            "data": "File Name"
        },
        {
            "type": "text",
            "data": "Location"
        },
        {
            "type": "text",
            "data": "Purpose"
        },
        {
            "type": "text",
            "data": "Default.dat"
        },
        {
            "type": "text",
            "data": "C:\\Planit\\Solid_10_0\\"
        },
        {
            "type": "text",
            "data": "This file contains all your Layer Schedules and Dimension Styles."
        },
        {
            "type": "text",
            "data": ".cvj files"
        },
        {
            "type": "text",
            "data": "C:\\Planit\\Solid_10_0\\Jobs\\"
        },
        {
            "type": "text",
            "data": "These are your Job files."
        },
        {
            "type": "text",
            "data": "*.cvc files"
        },
        {
            "type": "text",
            "data": "C:\\Planit\\Solid_10_0\\Database\\"
        },
        {
            "type": "text",
            "data": "These are the Cabinet\\Object Catalogs"
        },
        {
            "type": "text",
            "data": "*.ddb files"
        },
        {
            "type": "text",
            "data": "C:\\Planit\\Solid_10_0\\Database\\"
        },
        {
            "type": "text",
            "data": "These are the Door Catalogs. Door.ddb is the default Custom Door Catalog."
        },
        {
            "type": "text",
            "data": "Drawings.sym"
        },
        {
            "type": "text",
            "data": "C:\\Planit\\Solid_10_0\\Database\\"
        },
        {
            "type": "text",
            "data": "This is where your CAD Symbols and Titleblocks are stored."
        },
        {
            "type": "text",
            "data": "CxMaterials.accdb \nOR \nCxMaterials.mdf"
        },
        {
            "type": "text",
            "data": "C:\\Planit\\Solid_10_0\\Database\\"
        },
        {
            "type": "text",
            "data": "This is where all Materials and Material Schedules are stored."
        },
        {
            "type": "text",
            "data": "Report.mdb"
        },
        {
            "type": "text",
            "data": "C:\\Planit\\Solid_10_0\\Database\\"
        },
        {
            "type": "text",
            "data": "This is where all Report Groups and Bid Methods are stored."
        },
        {
            "type": "text",
            "data": "Wiz_Data.wdb"
        },
        {
            "type": "text",
            "data": "C:\\Planit\\Solid_10_0\\Database\\"
        },
        {
            "type": "text",
            "data": "This is where Construction Methods, UCS\u2019s, and Intelli-Joints are stored."
        },
        {
            "type": "text",
            "data": ".jpg"
        },
        {
            "type": "text",
            "data": "C:\\Planit\\Solid_10_0\\Database\\Graphics\\"
        },
        {
            "type": "text",
            "data": "These are your custom textures that have been imported."
        },
        {
            "type": "text",
            "data": ".bmp files"
        },
        {
            "type": "text",
            "data": "C:\\Planit\\Solid_10_0\\Database\\Graphics\\"
        },
        {
            "type": "text",
            "data": "These are your custom textures that have been imported."
        }
    ],
    "source_file": "CVEnglish_Essential\\Tips_Tricks_&_FAQs\\Computer_Specific\\Transfer_Standards.htm",
    "version": "2024",
    "source_type": "help_file"
}