{
    "id": "4146cedf-46cc-4b3a-8bd7-0f12729bb17b",
    "title": "Weeke_ABD",
    "content": [
        {
            "type": "text",
            "data": "Weeke ABD"
        },
        {
            "type": "text",
            "data": "This is a Drill and Dowel Machine Link."
        },
        {
            "type": "text",
            "data": "This output will create program files for the Weeke ABD Drill / Dowel machines with Vertical Boring. Assign tools to this machine and to the boring operations to create output. Additional instructions such as dowel and glue can be set on tools assigned to this machine in tool catalog. One program will be created for each part or per edge depending on your setup."
        }
    ],
    "source_file": "NCEnglish\\Ribbonbar\\Main_Tab\\Machine\\NC_Links\\Drill_and_Dowel_Links\\Weeke_ABD.htm",
    "version": "2024",
    "source_type": "help_file"
}