{
    "id": "7c0ffb1d-199a-498b-9bd3-f6748cd0e2ad",
    "title": "What_s_New_in_Version_4_0",
    "content": [
        {
            "type": "text",
            "data": "What's New in Version 4.0 (2012 R1)"
        },
        {
            "type": "text",
            "data": "Machine Catalog"
        },
        {
            "type": "text",
            "data": "Setup Tab Redesigned for Ease of Use \n \n \n Define and Utilize Machine Sets \n \n \n Define Banding Operation Tool For Edgebanding Applicator Point-to-Points \n \n \n Pocket Waste Option"
        },
        {
            "type": "text",
            "data": "Setup Tab Redesigned for Ease of Use"
        },
        {
            "type": "text",
            "data": "Setup Tab Redesigned for Ease of Use"
        },
        {
            "type": "text",
            "data": "Define and Utilize Machine Sets"
        },
        {
            "type": "text",
            "data": "Define and Utilize Machine Sets"
        },
        {
            "type": "text",
            "data": "Define Banding Operation Tool For Edgebanding Applicator Point-to-Points"
        },
        {
            "type": "text",
            "data": "Define Banding Operation Tool For Edgebanding Applicator Point-to-Points"
        },
        {
            "type": "text",
            "data": "Pocket Waste Option"
        },
        {
            "type": "text",
            "data": "Pocket Waste Option"
        },
        {
            "type": "text",
            "data": "Tool Catalog"
        },
        {
            "type": "text",
            "data": "Establish a Tool Set as an Outline Tool \n \n \n Enter Decimal Values for Feedrate \n \n \n Tool Sets Optionally Follow Operation Depth \n \n \n Tool Set Finish Operation Type"
        },
        {
            "type": "text",
            "data": "Establish a Tool Set as an Outline Tool"
        },
        {
            "type": "text",
            "data": "Establish a Tool Set as an Outline Tool"
        },
        {
            "type": "text",
            "data": "Enter Decimal Values for Feedrate"
        },
        {
            "type": "text",
            "data": "Enter Decimal Values for Feedrate"
        },
        {
            "type": "text",
            "data": "Tool Sets Optionally Follow Operation Depth"
        },
        {
            "type": "text",
            "data": "Tool Sets Optionally Follow Operation Depth"
        },
        {
            "type": "text",
            "data": "Tool Set Finish Operation Type"
        },
        {
            "type": "text",
            "data": "Tool Set Finish Operation Type"
        }
    ],
    "source_file": "NCEnglish\\Introduction\\Whats_New_Previous_Versions\\What_s_New_in_Version_4_0.htm",
    "version": "2024",
    "source_type": "help_file"
}