{
    "id": "7b916ada-05ef-47eb-8d49-1d7e2a7f316a",
    "title": "What_s_New_2021",
    "content": [
        {
            "type": "text",
            "data": "What's New in 2021"
        },
        {
            "type": "text",
            "data": "General"
        },
        {
            "type": "text",
            "data": "Komo Auto Label Applicator - \n \n \n S2M CENTER Product Configuration Reimagined \n \n \n Customize Quick Access Toolbar \n \n \n Customize the Ribbonbar \n \n \n Add Keyboard Shortcuts for Ribbon Commands \n \n \n Updated modern button images throughout user interface \n \n \n New Modern User Interface Styles Available"
        },
        {
            "type": "text",
            "data": "Komo Auto Label Applicator -"
        },
        {
            "type": "text",
            "data": "Komo Auto Label Applicator -"
        },
        {
            "type": "image",
            "data": "Router.png",
            "description": "[Placeholder for AI-generated description]"
        },
        {
            "type": "text",
            "data": "S2M CENTER Product Configuration Reimagined"
        },
        {
            "type": "text",
            "data": "S2M CENTER Product Configuration Reimagined"
        },
        {
            "type": "link",
            "data": {
                "text": "S2M CENTER Product Configuration Reimagined",
                "uuid": "138be97a-1904-4435-9301-ef06a8eb1524",
                "description": "[Placeholder for AI-generated description]"
            }
        },
        {
            "type": "text",
            "data": "Customize Quick Access Toolbar"
        },
        {
            "type": "text",
            "data": "Customize Quick Access Toolbar"
        },
        {
            "type": "link",
            "data": {
                "text": "Customize Quick Access Toolbar",
                "uuid": "a5146ac1-ab67-41ca-b968-c6ff4a1450d1",
                "description": "[Placeholder for AI-generated description]"
            }
        },
        {
            "type": "text",
            "data": "Customize the Ribbonbar"
        },
        {
            "type": "text",
            "data": "Customize the Ribbonbar"
        },
        {
            "type": "link",
            "data": {
                "text": "Customize the Ribbonbar",
                "uuid": "a5146ac1-ab67-41ca-b968-c6ff4a1450d1",
                "description": "[Placeholder for AI-generated description]"
            }
        },
        {
            "type": "text",
            "data": "Add Keyboard Shortcuts for Ribbon Commands"
        },
        {
            "type": "text",
            "data": "Add Keyboard Shortcuts for Ribbon Commands"
        },
        {
            "type": "link",
            "data": {
                "text": "Add Keyboard Shortcuts for Ribbon Commands",
                "uuid": "a5146ac1-ab67-41ca-b968-c6ff4a1450d1",
                "description": "[Placeholder for AI-generated description]"
            }
        },
        {
            "type": "text",
            "data": "Updated modern button images throughout user interface"
        },
        {
            "type": "text",
            "data": "Updated modern button images throughout user interface"
        },
        {
            "type": "text",
            "data": "New Modern User Interface Styles Available"
        },
        {
            "type": "text",
            "data": "New Modern User Interface Styles Available"
        },
        {
            "type": "text",
            "data": "+Label"
        },
        {
            "type": "text",
            "data": "User interface updates -"
        },
        {
            "type": "text",
            "data": "User interface updates -"
        },
        {
            "type": "text",
            "data": "User interface updates -"
        },
        {
            "type": "image",
            "data": "Label.png",
            "description": "[Placeholder for AI-generated description]"
        },
        {
            "type": "text",
            "data": "Links"
        },
        {
            "type": "text",
            "data": "Other Machine - Anderson MLS (Material Lift System) - \n \n \n Other Machine - Homag Edgebander -"
        },
        {
            "type": "text",
            "data": "Other Machine - Anderson MLS (Material Lift System) -"
        },
        {
            "type": "text",
            "data": "Other Machine - Anderson MLS (Material Lift System) -"
        },
        {
            "type": "image",
            "data": "Special.png",
            "description": "[Placeholder for AI-generated description]"
        },
        {
            "type": "text",
            "data": "Other Machine - Homag Edgebander -"
        },
        {
            "type": "text",
            "data": "Other Machine - Homag Edgebander -"
        },
        {
            "type": "image",
            "data": "Special.png",
            "description": "[Placeholder for AI-generated description]"
        },
        {
            "type": "text",
            "data": "Nesting"
        },
        {
            "type": "text",
            "data": "Option to cut scrap up into manageable peices for disposal -"
        },
        {
            "type": "text",
            "data": "Option to cut scrap up into manageable peices for disposal -"
        },
        {
            "type": "image",
            "data": "Router.png",
            "description": "[Placeholder for AI-generated description]"
        },
        {
            "type": "text",
            "data": "Legend"
        },
        {
            "type": "text",
            "data": "- +Label"
        },
        {
            "type": "image",
            "data": "Label.png",
            "description": "[Placeholder for AI-generated description]"
        },
        {
            "type": "text",
            "data": "- +Router"
        },
        {
            "type": "image",
            "data": "Router.png",
            "description": "[Placeholder for AI-generated description]"
        },
        {
            "type": "text",
            "data": "- +Special"
        },
        {
            "type": "image",
            "data": "Special.png",
            "description": "[Placeholder for AI-generated description]"
        }
    ],
    "source_file": "NCEnglish\\Introduction\\Whats_New_Previous_Versions\\What_s_New_2021.htm",
    "version": "2024",
    "source_type": "help_file"
}