{
    "id": "1999df8c-dcb0-4a9e-920c-0a522bc672ae",
    "title": "Whats_New_in_Version_2_0",
    "content": [
        {
            "type": "text",
            "data": "What's New in Version 2.0"
        },
        {
            "type": "text",
            "data": "General"
        },
        {
            "type": "text",
            "data": "Select Design Product Version for Advanced S2M Center Material Import \n \n \n Specify Through Hole Outline Routing Only versus Pocketing \n \n \n Crystal Report Engine Updated to Crystal Version XI \n \n \n Change Zoom Window Function from Center Out to Corner to Corner (Stand-Alone S2M Center Only) \n \n \n Assign A ToolSet as the Outline Tool for a Material \n \n \n Escape key as hot key to Return/Home arrow \n \n \n QTY field to the Part Program reports in S2M Center \n \n \n Alpha-Numeric numbers for NC Run Numbers \n \n \n S2M Center for Alphacam Introduced (Alphacam Advanced Router Required) \n \n \n Part Library Added \n \n \n Import User Defined Part DXF Files \n \n \n Extend Dado Lengths by Tool Diameter \n \n \n Specify that Operations Should be Milled from the Unfinished Side Where Possible \n \n \n Redesigned and Expanded the Functionality of the Filter Parts Utility \n \n \n Redesigned and Expanded the Reports Functionality \n \n \n Redesigned and Expanded the Output NC Codes and Labels Utility \n \n \n View Secondary Parts and Operations \n \n \n Add Parts from the Library to a Sheet in the Patterns Area (Saw Optimization and Nesting) \n \n \n Cut, Copy, and Paste Parts from/to a Sheet in the Patterns Area (Saw Optimization and Nesting) \n \n \n Rotate Parts on a Sheet in the Patterns Area (Nesting) \n \n \n Allow 3 decimal places in Metric \n \n \n Support for Alphacam Version 6 \n \n \n Support for Alphacam Version 7 \n \n \n Post Option for Controls that do not Support Compensation on Arcs \n \n \n License Not Found for XXX Post/Link Error Message - Changed to Prompt for Post Code Entry"
        },
        {
            "type": "text",
            "data": "Select Design Product Version for Advanced S2M Center Material Import"
        },
        {
            "type": "text",
            "data": "Select Design Product Version for Advanced S2M Center Material Import"
        },
        {
            "type": "link",
            "data": {
                "text": "Select Design Product Version for Advanced S2M Center Material Import",
                "uuid": "d2033866-5d17-44c3-842e-3c12d56bb472",
                "description": "[Placeholder for AI-generated description]"
            }
        },
        {
            "type": "text",
            "data": "Specify Through Hole Outline Routing Only versus Pocketing"
        },
        {
            "type": "text",
            "data": "Specify Through Hole Outline Routing Only versus Pocketing"
        },
        {
            "type": "link",
            "data": {
                "text": "Specify Through Hole Outline Routing Only versus Pocketing",
                "uuid": "a6c6d306-c8da-4df8-8440-33f2f24a9c1d",
                "description": "[Placeholder for AI-generated description]"
            }
        },
        {
            "type": "text",
            "data": "Crystal Report Engine Updated to Crystal Version XI"
        },
        {
            "type": "text",
            "data": "Crystal Report Engine Updated to Crystal Version XI"
        },
        {
            "type": "text",
            "data": "Change Zoom Window Function from Center Out to Corner to Corner (Stand-Alone S2M Center Only)"
        },
        {
            "type": "text",
            "data": "Change Zoom Window Function from Center Out to Corner to Corner (Stand-Alone S2M Center Only)"
        },
        {
            "type": "text",
            "data": "Assign A ToolSet as the Outline Tool for a Material"
        },
        {
            "type": "text",
            "data": "Assign A ToolSet as the Outline Tool for a Material"
        },
        {
            "type": "text",
            "data": "Escape key as hot key to Return/Home arrow"
        },
        {
            "type": "text",
            "data": "Escape key as hot key to Return/Home arrow"
        },
        {
            "type": "text",
            "data": "QTY field to the Part Program reports in S2M Center"
        },
        {
            "type": "text",
            "data": "QTY field to the Part Program reports in S2M Center"
        },
        {
            "type": "text",
            "data": "Alpha-Numeric numbers for NC Run Numbers"
        },
        {
            "type": "text",
            "data": "Alpha-Numeric numbers for NC Run Numbers"
        },
        {
            "type": "link",
            "data": {
                "text": "Alpha-Numeric numbers for NC Run Numbers",
                "uuid": "a6c6d306-c8da-4df8-8440-33f2f24a9c1d",
                "description": "[Placeholder for AI-generated description]"
            }
        },
        {
            "type": "text",
            "data": "S2M Center for Alphacam Introduced (Alphacam Advanced Router Required)"
        },
        {
            "type": "text",
            "data": "S2M Center for Alphacam Introduced (Alphacam Advanced Router Required)"
        },
        {
            "type": "text",
            "data": "Part Library Added"
        },
        {
            "type": "text",
            "data": "Part Library Added"
        },
        {
            "type": "text",
            "data": "Import User Defined Part DXF Files"
        },
        {
            "type": "text",
            "data": "Import User Defined Part DXF Files"
        },
        {
            "type": "text",
            "data": "Extend Dado Lengths by Tool Diameter"
        },
        {
            "type": "text",
            "data": "Extend Dado Lengths by Tool Diameter"
        },
        {
            "type": "link",
            "data": {
                "text": "Extend Dado Lengths by Tool Diameter",
                "uuid": "a6c6d306-c8da-4df8-8440-33f2f24a9c1d",
                "description": "[Placeholder for AI-generated description]"
            }
        },
        {
            "type": "text",
            "data": "Specify that Operations Should be Milled from the Unfinished Side Where Possible"
        },
        {
            "type": "text",
            "data": "Specify that Operations Should be Milled from the Unfinished Side Where Possible"
        },
        {
            "type": "link",
            "data": {
                "text": "Specify that Operations Should be Milled from the Unfinished Side Where Possible",
                "uuid": "a6c6d306-c8da-4df8-8440-33f2f24a9c1d",
                "description": "[Placeholder for AI-generated description]"
            }
        },
        {
            "type": "text",
            "data": "Redesigned and Expanded the Functionality of the Filter Parts Utility"
        },
        {
            "type": "text",
            "data": "Redesigned and Expanded the Functionality of the Filter Parts Utility"
        },
        {
            "type": "text",
            "data": "Redesigned and Expanded the Reports Functionality"
        },
        {
            "type": "text",
            "data": "Redesigned and Expanded the Reports Functionality"
        },
        {
            "type": "text",
            "data": "Redesigned and Expanded the Output NC Codes and Labels Utility"
        },
        {
            "type": "text",
            "data": "Redesigned and Expanded the Output NC Codes and Labels Utility"
        },
        {
            "type": "text",
            "data": "View Secondary Parts and Operations"
        },
        {
            "type": "text",
            "data": "View Secondary Parts and Operations"
        },
        {
            "type": "text",
            "data": "Add Parts from the Library to a Sheet in the Patterns Area (Saw Optimization and Nesting)"
        },
        {
            "type": "text",
            "data": "Add Parts from the Library to a Sheet in the Patterns Area (Saw Optimization and Nesting)"
        },
        {
            "type": "text",
            "data": "Cut, Copy, and Paste Parts from/to a Sheet in the Patterns Area (Saw Optimization and Nesting)"
        },
        {
            "type": "text",
            "data": "Cut, Copy, and Paste Parts from/to a Sheet in the Patterns Area (Saw Optimization and Nesting)"
        },
        {
            "type": "text",
            "data": "Rotate Parts on a Sheet in the Patterns Area (Nesting)"
        },
        {
            "type": "text",
            "data": "Rotate Parts on a Sheet in the Patterns Area (Nesting)"
        },
        {
            "type": "text",
            "data": "Allow 3 decimal places in Metric"
        },
        {
            "type": "text",
            "data": "Allow 3 decimal places in Metric"
        },
        {
            "type": "text",
            "data": "Support for Alphacam Version 6"
        },
        {
            "type": "text",
            "data": "Support for Alphacam Version 6"
        },
        {
            "type": "text",
            "data": "Support for Alphacam Version 7"
        },
        {
            "type": "text",
            "data": "Support for Alphacam Version 7"
        },
        {
            "type": "text",
            "data": "Post Option for Controls that do not Support Compensation on Arcs"
        },
        {
            "type": "text",
            "data": "Post Option for Controls that do not Support Compensation on Arcs"
        },
        {
            "type": "text",
            "data": "License Not Found for XXX Post/Link Error Message - Changed to Prompt for Post Code Entry"
        },
        {
            "type": "text",
            "data": "License Not Found for XXX Post/Link Error Message - Changed to Prompt for Post Code Entry"
        },
        {
            "type": "text",
            "data": "Label-IT"
        },
        {
            "type": "text",
            "data": "Control Unit Output for Labels \n \n \n 2D Barcodes (Variable Driven) \n \n \n Option to Output Self-Contained Label-IT Job File"
        },
        {
            "type": "text",
            "data": "Control Unit Output for Labels"
        },
        {
            "type": "text",
            "data": "Control Unit Output for Labels"
        },
        {
            "type": "text",
            "data": "2D Barcodes (Variable Driven)"
        },
        {
            "type": "text",
            "data": "2D Barcodes (Variable Driven)"
        },
        {
            "type": "text",
            "data": "Option to Output Self-Contained Label-IT Job File"
        },
        {
            "type": "text",
            "data": "Option to Output Self-Contained Label-IT Job File"
        },
        {
            "type": "text",
            "data": "Links"
        },
        {
            "type": "text",
            "data": "New Intelli-CAM Part NcLinks for Outputting Point-To-Point Part Outline Cutting \n \n \n Casadei Saw NC Link \n \n \n Vitap Thunder Drill and Dowel NC Link \n \n \n Accu-Systems HPJ file format with Drill2 field NC Link \n \n \n Zone Count option for Accusystem-HPJ NcLink \n \n \n KOCH Maxi 5 Chop Saw NC Link \n \n \n Option for a 3rd Phase Trim Cut on SCMI Sezonia Saw NC Link \n \n \n Accusystems NC Link \n \n \n PNL File Export NC Link for 3rd Party Optimizers \n \n \n Ability to specify CPOUT NC program name \n \n \n WoodWOP 5 NC Link \n \n \n New CPOUT variation for Giben Panel Saws \n \n \n Create new machine type and output for RazorGage \n \n \n Added Support for Chop Saw Machine Types \n \n \n Output barcode string in CPOUT file"
        },
        {
            "type": "text",
            "data": "New Intelli-CAM Part NcLinks for Outputting Point-To-Point Part Outline Cutting"
        },
        {
            "type": "text",
            "data": "New Intelli-CAM Part NcLinks for Outputting Point-To-Point Part Outline Cutting"
        },
        {
            "type": "text",
            "data": "Casadei Saw NC Link"
        },
        {
            "type": "text",
            "data": "Casadei Saw NC Link"
        },
        {
            "type": "text",
            "data": "Vitap Thunder Drill and Dowel NC Link"
        },
        {
            "type": "text",
            "data": "Vitap Thunder Drill and Dowel NC Link"
        },
        {
            "type": "text",
            "data": "Accu-Systems HPJ file format with Drill2 field NC Link"
        },
        {
            "type": "text",
            "data": "Accu-Systems HPJ file format with Drill2 field NC Link"
        },
        {
            "type": "text",
            "data": "Zone Count option for Accusystem-HPJ NcLink"
        },
        {
            "type": "text",
            "data": "Zone Count option for Accusystem-HPJ NcLink"
        },
        {
            "type": "text",
            "data": "KOCH Maxi 5 Chop Saw NC Link"
        },
        {
            "type": "text",
            "data": "KOCH Maxi 5 Chop Saw NC Link"
        },
        {
            "type": "text",
            "data": "Option for a 3rd Phase Trim Cut on SCMI Sezonia Saw NC Link"
        },
        {
            "type": "text",
            "data": "Option for a 3rd Phase Trim Cut on SCMI Sezonia Saw NC Link"
        },
        {
            "type": "text",
            "data": "Accusystems NC Link"
        },
        {
            "type": "text",
            "data": "Accusystems NC Link"
        },
        {
            "type": "text",
            "data": "PNL File Export NC Link for 3rd Party Optimizers"
        },
        {
            "type": "text",
            "data": "PNL File Export NC Link for 3rd Party Optimizers"
        },
        {
            "type": "text",
            "data": "Ability to specify CPOUT NC program name"
        },
        {
            "type": "text",
            "data": "Ability to specify CPOUT NC program name"
        },
        {
            "type": "text",
            "data": "WoodWOP 5 NC Link"
        },
        {
            "type": "text",
            "data": "WoodWOP 5 NC Link"
        },
        {
            "type": "text",
            "data": "New CPOUT variation for Giben Panel Saws"
        },
        {
            "type": "text",
            "data": "New CPOUT variation for Giben Panel Saws"
        },
        {
            "type": "text",
            "data": "Create new machine type and output for RazorGage"
        },
        {
            "type": "text",
            "data": "Create new machine type and output for RazorGage"
        },
        {
            "type": "text",
            "data": "Added Support for Chop Saw Machine Types"
        },
        {
            "type": "text",
            "data": "Added Support for Chop Saw Machine Types"
        },
        {
            "type": "text",
            "data": "Output barcode string in CPOUT file"
        },
        {
            "type": "text",
            "data": "Output barcode string in CPOUT file"
        },
        {
            "type": "text",
            "data": "Machine Catalog"
        },
        {
            "type": "text",
            "data": "Offset Lead In from Bottom of Part \n \n \n Link Part Outlines for Nesting (Bridging) \n \n \n Graphic Multi-Drill Tool Assignment \n \n \n Output part image from S2M Center for Real Time Label Systems \n \n \n Add a Finish Pass to Pockets (To Utilize Cutter Compensation) \n \n \n Specify an Approach Offset for Lead-Ins \n \n \n Enable VBA posts in S2M Center 2.0"
        },
        {
            "type": "text",
            "data": "Offset Lead In from Bottom of Part"
        },
        {
            "type": "text",
            "data": "Offset Lead In from Bottom of Part"
        },
        {
            "type": "text",
            "data": "Link Part Outlines for Nesting (Bridging)"
        },
        {
            "type": "text",
            "data": "Link Part Outlines for Nesting (Bridging)"
        },
        {
            "type": "text",
            "data": "Graphic Multi-Drill Tool Assignment"
        },
        {
            "type": "text",
            "data": "Graphic Multi-Drill Tool Assignment"
        },
        {
            "type": "link",
            "data": {
                "text": "Graphic Multi-Drill Tool Assignment",
                "uuid": "8f3db61d-fccb-46e0-8dbf-d316d2e1d1b7",
                "description": "[Placeholder for AI-generated description]"
            }
        },
        {
            "type": "text",
            "data": "Output part image from S2M Center for Real Time Label Systems"
        },
        {
            "type": "text",
            "data": "Output part image from S2M Center for Real Time Label Systems"
        },
        {
            "type": "text",
            "data": "Add a Finish Pass to Pockets (To Utilize Cutter Compensation)"
        },
        {
            "type": "text",
            "data": "Add a Finish Pass to Pockets (To Utilize Cutter Compensation)"
        },
        {
            "type": "text",
            "data": "Specify an Approach Offset for Lead-Ins"
        },
        {
            "type": "text",
            "data": "Specify an Approach Offset for Lead-Ins"
        },
        {
            "type": "text",
            "data": "Enable VBA posts in S2M Center 2.0"
        },
        {
            "type": "text",
            "data": "Enable VBA posts in S2M Center 2.0"
        },
        {
            "type": "text",
            "data": "Nesting"
        },
        {
            "type": "text",
            "data": "Combine Edge Operations with Part Outline \n \n \n Nest by Cabinet"
        },
        {
            "type": "text",
            "data": "Combine Edge Operations with Part Outline"
        },
        {
            "type": "text",
            "data": "Combine Edge Operations with Part Outline"
        },
        {
            "type": "link",
            "data": {
                "text": "Combine Edge Operations with Part Outline",
                "uuid": "a6c6d306-c8da-4df8-8440-33f2f24a9c1d",
                "description": "[Placeholder for AI-generated description]"
            }
        },
        {
            "type": "text",
            "data": "Nest by Cabinet"
        },
        {
            "type": "text",
            "data": "Nest by Cabinet"
        },
        {
            "type": "link",
            "data": {
                "text": "Nest by Cabinet",
                "uuid": "a6c6d306-c8da-4df8-8440-33f2f24a9c1d",
                "description": "[Placeholder for AI-generated description]"
            }
        },
        {
            "type": "text",
            "data": "Tool Catalog"
        },
        {
            "type": "text",
            "data": "4 and 5 Axis Router Support"
        },
        {
            "type": "text",
            "data": "4 and 5 Axis Router Support"
        },
        {
            "type": "text",
            "data": "4 and 5 Axis Router Support"
        }
    ],
    "source_file": "NCEnglish\\Introduction\\Whats_New_Previous_Versions\\Whats_New_in_Version_2_0.htm",
    "version": "2024",
    "source_type": "help_file"
}