{
    "id": "b89ab1e7-a4de-4c2d-87a5-f3c50bbc4c04",
    "title": "What_s_New_in_Version_3_0",
    "content": [
        {
            "type": "text",
            "data": "What's New in Version 3.0 (2011 R1)"
        },
        {
            "type": "text",
            "data": "General"
        },
        {
            "type": "text",
            "data": "Allowances for Pre-Mill Edgebanding \n \n \n Expanded Operation Options for Filters \n \n \n Save and Recall Filters \n \n \n Prioritize Operation Machining Order \n \n \n Set Soft Corner Radius Added for MDF DoorMaker Doors \n \n \n Ability to Batch Import DXF Files from 3rd Party CAD Applications \n \n \n Mouse Scroll Wheel Zooming and Panning"
        },
        {
            "type": "text",
            "data": "Allowances for Pre-Mill Edgebanding"
        },
        {
            "type": "text",
            "data": "Allowances for Pre-Mill Edgebanding"
        },
        {
            "type": "link",
            "data": {
                "text": "Allowances for Pre-Mill Edgebanding",
                "uuid": "a6c6d306-c8da-4df8-8440-33f2f24a9c1d",
                "description": "[Placeholder for AI-generated description]"
            }
        },
        {
            "type": "text",
            "data": "Expanded Operation Options for Filters"
        },
        {
            "type": "text",
            "data": "Expanded Operation Options for Filters"
        },
        {
            "type": "text",
            "data": "Save and Recall Filters"
        },
        {
            "type": "text",
            "data": "Save and Recall Filters"
        },
        {
            "type": "text",
            "data": "Prioritize Operation Machining Order"
        },
        {
            "type": "text",
            "data": "Prioritize Operation Machining Order"
        },
        {
            "type": "link",
            "data": {
                "text": "Prioritize Operation Machining Order",
                "uuid": "a6c6d306-c8da-4df8-8440-33f2f24a9c1d",
                "description": "[Placeholder for AI-generated description]"
            }
        },
        {
            "type": "text",
            "data": "Set Soft Corner Radius Added for MDF DoorMaker Doors"
        },
        {
            "type": "text",
            "data": "Set Soft Corner Radius Added for MDF DoorMaker Doors"
        },
        {
            "type": "link",
            "data": {
                "text": "Set Soft Corner Radius Added for MDF DoorMaker Doors",
                "uuid": "a6c6d306-c8da-4df8-8440-33f2f24a9c1d",
                "description": "[Placeholder for AI-generated description]"
            }
        },
        {
            "type": "text",
            "data": "Ability to Batch Import DXF Files from 3rd Party CAD Applications"
        },
        {
            "type": "text",
            "data": "Ability to Batch Import DXF Files from 3rd Party CAD Applications"
        },
        {
            "type": "text",
            "data": "Mouse Scroll Wheel Zooming and Panning"
        },
        {
            "type": "text",
            "data": "Mouse Scroll Wheel Zooming and Panning"
        },
        {
            "type": "link",
            "data": {
                "text": "Mouse Scroll Wheel Zooming and Panning",
                "uuid": "ed9fe117-2c68-442f-ae7c-911b981be33e",
                "description": "[Placeholder for AI-generated description]"
            }
        },
        {
            "type": "text",
            "data": "Machine Catalog"
        },
        {
            "type": "text",
            "data": "New Drill Optimization Options for Older or Entry Level Machines \n \n \n 6th Face Nesting \n \n \n Common Line Cutting \n \n \n New Nest Rotation Options \n \n \n Rough Cut for Onion Skins \n \n \n Specify Part Spacing Pad for Outline Tool to Control Part Spacing"
        },
        {
            "type": "text",
            "data": "New Drill Optimization Options for Older or Entry Level Machines"
        },
        {
            "type": "text",
            "data": "New Drill Optimization Options for Older or Entry Level Machines"
        },
        {
            "type": "text",
            "data": "6th Face Nesting"
        },
        {
            "type": "text",
            "data": "6th Face Nesting"
        },
        {
            "type": "text",
            "data": "Common Line Cutting"
        },
        {
            "type": "text",
            "data": "Common Line Cutting"
        },
        {
            "type": "text",
            "data": "New Nest Rotation Options"
        },
        {
            "type": "text",
            "data": "New Nest Rotation Options"
        },
        {
            "type": "text",
            "data": "Rough Cut for Onion Skins"
        },
        {
            "type": "text",
            "data": "Rough Cut for Onion Skins"
        },
        {
            "type": "text",
            "data": "Specify Part Spacing Pad for Outline Tool to Control Part Spacing"
        },
        {
            "type": "text",
            "data": "Specify Part Spacing Pad for Outline Tool to Control Part Spacing"
        },
        {
            "type": "text",
            "data": "Nesting"
        },
        {
            "type": "text",
            "data": "Completely New True Shape Nesting Engine \n \n \n Rotate Part Clockwise 90 \n \n \n Rotate Part Counter Clockwise 90 \n \n \n Rotate Part 180 \n \n \n Flip Part Over \n \n \n Add a Blank Sheet \n \n \n Ability to Save Optimizer Parameter Changes Back to the Machine Catalog"
        },
        {
            "type": "text",
            "data": "Completely New True Shape Nesting Engine"
        },
        {
            "type": "text",
            "data": "Completely New True Shape Nesting Engine"
        },
        {
            "type": "text",
            "data": "Rotate Part Clockwise 90"
        },
        {
            "type": "text",
            "data": "Rotate Part Clockwise 90"
        },
        {
            "type": "text",
            "data": "Rotate Part Counter Clockwise 90"
        },
        {
            "type": "text",
            "data": "Rotate Part Counter Clockwise 90"
        },
        {
            "type": "text",
            "data": "Rotate Part 180"
        },
        {
            "type": "text",
            "data": "Rotate Part 180"
        },
        {
            "type": "text",
            "data": "Flip Part Over"
        },
        {
            "type": "text",
            "data": "Flip Part Over"
        },
        {
            "type": "text",
            "data": "Add a Blank Sheet"
        },
        {
            "type": "text",
            "data": "Add a Blank Sheet"
        },
        {
            "type": "link",
            "data": {
                "text": "Add a Blank Sheet",
                "uuid": "105cc583-293b-4a15-83e6-5e724ce28c9b",
                "description": "[Placeholder for AI-generated description]"
            }
        },
        {
            "type": "text",
            "data": "Ability to Save Optimizer Parameter Changes Back to the Machine Catalog"
        },
        {
            "type": "text",
            "data": "Ability to Save Optimizer Parameter Changes Back to the Machine Catalog"
        }
    ],
    "source_file": "NCEnglish\\Introduction\\Whats_New_Previous_Versions\\What_s_New_in_Version_3_0.htm",
    "version": "2024",
    "source_type": "help_file"
}