{
    "id": "ef181e60-4f23-4078-ac9e-8b39fd24eb2d",
    "title": "What_s_New_in_Version_3_1",
    "content": [
        {
            "type": "text",
            "data": "What's New in Version 3.1 (2011 R2)"
        },
        {
            "type": "text",
            "data": "General"
        },
        {
            "type": "text",
            "data": "Determine Which Columns for the Part List are Included on Pattern Printouts \n \n \n Part Comments Optionally Displayed on Pattern Printouts \n \n \n Change Unit of Measure Precision via Statusbar Menu \n \n \n Setup Package Utility Added \n \n \n Option to Combine Boring to Through Boring \n \n \n Option to Control Labels General Position on Part \n \n \n Keyword for Secondary Face Added to DXF Layer Schemes \n \n \n Show Parts Not Set for Optimization or Output"
        },
        {
            "type": "text",
            "data": "Determine Which Columns for the Part List are Included on Pattern Printouts"
        },
        {
            "type": "text",
            "data": "Determine Which Columns for the Part List are Included on Pattern Printouts"
        },
        {
            "type": "link",
            "data": {
                "text": "Determine Which Columns for the Part List are Included on Pattern Printouts",
                "uuid": "a6c6d306-c8da-4df8-8440-33f2f24a9c1d",
                "description": "[Placeholder for AI-generated description]"
            }
        },
        {
            "type": "text",
            "data": "Part Comments Optionally Displayed on Pattern Printouts"
        },
        {
            "type": "text",
            "data": "Part Comments Optionally Displayed on Pattern Printouts"
        },
        {
            "type": "link",
            "data": {
                "text": "Part Comments Optionally Displayed on Pattern Printouts",
                "uuid": "a6c6d306-c8da-4df8-8440-33f2f24a9c1d",
                "description": "[Placeholder for AI-generated description]"
            }
        },
        {
            "type": "text",
            "data": "Change Unit of Measure Precision via Statusbar Menu"
        },
        {
            "type": "text",
            "data": "Change Unit of Measure Precision via Statusbar Menu"
        },
        {
            "type": "link",
            "data": {
                "text": "Change Unit of Measure Precision via Statusbar Menu",
                "uuid": "89b75d7b-fdd8-4aab-880e-c3d5f93759ed",
                "description": "[Placeholder for AI-generated description]"
            }
        },
        {
            "type": "text",
            "data": "Setup Package Utility Added"
        },
        {
            "type": "text",
            "data": "Setup Package Utility Added"
        },
        {
            "type": "text",
            "data": "Option to Combine Boring to Through Boring"
        },
        {
            "type": "text",
            "data": "Option to Combine Boring to Through Boring"
        },
        {
            "type": "link",
            "data": {
                "text": "Option to Combine Boring to Through Boring",
                "uuid": "a6c6d306-c8da-4df8-8440-33f2f24a9c1d",
                "description": "[Placeholder for AI-generated description]"
            }
        },
        {
            "type": "text",
            "data": "Option to Control Labels General Position on Part"
        },
        {
            "type": "text",
            "data": "Option to Control Labels General Position on Part"
        },
        {
            "type": "link",
            "data": {
                "text": "Option to Control Labels General Position on Part",
                "uuid": "a6c6d306-c8da-4df8-8440-33f2f24a9c1d",
                "description": "[Placeholder for AI-generated description]"
            }
        },
        {
            "type": "text",
            "data": "Keyword for Secondary Face Added to DXF Layer Schemes"
        },
        {
            "type": "text",
            "data": "Keyword for Secondary Face Added to DXF Layer Schemes"
        },
        {
            "type": "text",
            "data": "Show Parts Not Set for Optimization or Output"
        },
        {
            "type": "text",
            "data": "Show Parts Not Set for Optimization or Output"
        },
        {
            "type": "link",
            "data": {
                "text": "Show Parts Not Set for Optimization or Output",
                "uuid": "a6c6d306-c8da-4df8-8440-33f2f24a9c1d",
                "description": "[Placeholder for AI-generated description]"
            }
        },
        {
            "type": "text",
            "data": "Label-IT"
        },
        {
            "type": "text",
            "data": "Warning Displayed When Deleting Label Designs"
        },
        {
            "type": "text",
            "data": "Warning Displayed When Deleting Label Designs"
        },
        {
            "type": "text",
            "data": "Warning Displayed When Deleting Label Designs"
        },
        {
            "type": "text",
            "data": "Machine Catalog"
        },
        {
            "type": "text",
            "data": "First Pass Offset Part of Nest Gap Calculation"
        },
        {
            "type": "text",
            "data": "First Pass Offset Part of Nest Gap Calculation"
        },
        {
            "type": "text",
            "data": "First Pass Offset Part of Nest Gap Calculation"
        },
        {
            "type": "text",
            "data": "Tool Catalog"
        },
        {
            "type": "text",
            "data": "More Flexible Tool Machine Assignment Options \n \n \n Control Whether a Tool is Available for Automatic Tool Selection Logic \n \n \n More Flexible Tool Display Filter \n \n \n Dovetail Fit Adjustment Option \n \n \n Tool Number Assignment for Tool Sets for Use With DXF Imports \n \n \n Definition of MDF Door Horizontal Slats"
        },
        {
            "type": "text",
            "data": "More Flexible Tool Machine Assignment Options"
        },
        {
            "type": "text",
            "data": "More Flexible Tool Machine Assignment Options"
        },
        {
            "type": "text",
            "data": "Control Whether a Tool is Available for Automatic Tool Selection Logic"
        },
        {
            "type": "text",
            "data": "Control Whether a Tool is Available for Automatic Tool Selection Logic"
        },
        {
            "type": "text",
            "data": "More Flexible Tool Display Filter"
        },
        {
            "type": "text",
            "data": "More Flexible Tool Display Filter"
        },
        {
            "type": "link",
            "data": {
                "text": "More Flexible Tool Display Filter",
                "uuid": "4a9e45c0-035c-40b8-abaf-ecce4bd2184c",
                "description": "[Placeholder for AI-generated description]"
            }
        },
        {
            "type": "text",
            "data": "Dovetail Fit Adjustment Option"
        },
        {
            "type": "text",
            "data": "Dovetail Fit Adjustment Option"
        },
        {
            "type": "text",
            "data": "Tool Number Assignment for Tool Sets for Use With DXF Imports"
        },
        {
            "type": "text",
            "data": "Tool Number Assignment for Tool Sets for Use With DXF Imports"
        },
        {
            "type": "text",
            "data": "Definition of MDF Door Horizontal Slats"
        },
        {
            "type": "text",
            "data": "Definition of MDF Door Horizontal Slats"
        }
    ],
    "source_file": "NCEnglish\\Introduction\\Whats_New_Previous_Versions\\What_s_New_in_Version_3_1.htm",
    "version": "2024",
    "source_type": "help_file"
}