{
    "id": "983c9c1b-bba7-4a58-bbfb-3cae8cb9ffef",
    "title": "What_s_New_In_Version_12",
    "content": [
        {
            "type": "text",
            "data": "What's New in Version 12"
        },
        {
            "type": "text",
            "data": "General"
        },
        {
            "type": "text",
            "data": "Miters as Intelli-CAM Operation on Ordering Tab \n \n \n Radial Right Click Menu Option"
        },
        {
            "type": "text",
            "data": "Miters as Intelli-CAM Operation on Ordering Tab"
        },
        {
            "type": "text",
            "data": "Miters as Intelli-CAM Operation on Ordering Tab"
        },
        {
            "type": "link",
            "data": {
                "text": "Miters as Intelli-CAM Operation on Ordering Tab",
                "uuid": "a6c6d306-c8da-4df8-8440-33f2f24a9c1d",
                "description": "[Placeholder for AI-generated description]"
            }
        },
        {
            "type": "text",
            "data": "Radial Right Click Menu Option"
        },
        {
            "type": "text",
            "data": "Radial Right Click Menu Option"
        },
        {
            "type": "link",
            "data": {
                "text": "Radial Right Click Menu Option",
                "uuid": "a6c6d306-c8da-4df8-8440-33f2f24a9c1d",
                "description": "[Placeholder for AI-generated description]"
            }
        },
        {
            "type": "text",
            "data": "Label-IT"
        },
        {
            "type": "text",
            "data": "Rotate Labels to Align with Sheet Length -"
        },
        {
            "type": "text",
            "data": "Rotate Labels to Align with Sheet Length -"
        },
        {
            "type": "link",
            "data": {
                "text": "Rotate Labels to Align with Sheet Length",
                "uuid": "a6c6d306-c8da-4df8-8440-33f2f24a9c1d",
                "description": "[Placeholder for AI-generated description]"
            }
        },
        {
            "type": "image",
            "data": "S2M_LIT.jpg",
            "description": "[Placeholder for AI-generated description]"
        },
        {
            "type": "text",
            "data": "Links"
        },
        {
            "type": "text",
            "data": "Saw Link - Kappa Automatic \n Saw Link - KDT XML \n \n Saw Link -SCM MaestroCUT \n \n \n Chop Saw -Supercut \n \n \n Drill & Dowel -CNC Factory Scorpion \n \n \n Dill & Dowel - TpaCAD \n \n \n Other Machine -OSync \n \n \n Other Machine - Pillar PLT \n \n \n Other Machine - Voorwood Shape and Sand \n \n \n Material Handling - Storemaster \n \n P2P Barcode Output Option For Mayer Saw Link"
        },
        {
            "type": "text",
            "data": "Saw Link - Kappa Automatic"
        },
        {
            "type": "text",
            "data": "Saw Link - KDT XML"
        },
        {
            "type": "text",
            "data": "Saw Link -SCM MaestroCUT"
        },
        {
            "type": "text",
            "data": "Saw Link -SCM MaestroCUT"
        },
        {
            "type": "text",
            "data": "Chop Saw -Supercut"
        },
        {
            "type": "text",
            "data": "Chop Saw -Supercut"
        },
        {
            "type": "text",
            "data": "Drill & Dowel -CNC Factory Scorpion"
        },
        {
            "type": "text",
            "data": "Drill & Dowel -CNC Factory Scorpion"
        },
        {
            "type": "text",
            "data": "Dill & Dowel - TpaCAD"
        },
        {
            "type": "text",
            "data": "Dill & Dowel - TpaCAD"
        },
        {
            "type": "text",
            "data": "Other Machine -OSync"
        },
        {
            "type": "text",
            "data": "Other Machine -OSync"
        },
        {
            "type": "text",
            "data": "Other Machine - Pillar PLT"
        },
        {
            "type": "text",
            "data": "Other Machine - Pillar PLT"
        },
        {
            "type": "text",
            "data": "Other Machine - Voorwood Shape and Sand"
        },
        {
            "type": "text",
            "data": "Other Machine - Voorwood Shape and Sand"
        },
        {
            "type": "text",
            "data": "Material Handling - Storemaster"
        },
        {
            "type": "text",
            "data": "Material Handling - Storemaster"
        },
        {
            "type": "text",
            "data": "P2P Barcode Output Option For Mayer Saw Link"
        },
        {
            "type": "text",
            "data": "Machine Catalog"
        },
        {
            "type": "text",
            "data": "Pre-Band Control in Machine Sets"
        },
        {
            "type": "text",
            "data": "Pre-Band Control in Machine Sets"
        },
        {
            "type": "text",
            "data": "Nesting"
        },
        {
            "type": "text",
            "data": "Square Off Nest Machine Catalog Option"
        },
        {
            "type": "text",
            "data": "Square Off Nest Machine Catalog Option"
        },
        {
            "type": "text",
            "data": "Reports"
        },
        {
            "type": "text",
            "data": "Label Image Available to Combit Reports -"
        },
        {
            "type": "text",
            "data": "Label Image Available to Combit Reports -"
        },
        {
            "type": "image",
            "data": "S2M_LIT.jpg",
            "description": "[Placeholder for AI-generated description]"
        },
        {
            "type": "text",
            "data": "Tool Catalog"
        },
        {
            "type": "text",
            "data": "Add an adjustment to the Rabbet operation of Dovetail"
        },
        {
            "type": "text",
            "data": "Add an adjustment to the Rabbet operation of Dovetail"
        },
        {
            "type": "text",
            "data": "Legend"
        },
        {
            "type": "text",
            "data": "- Label-IT Add-On"
        },
        {
            "type": "image",
            "data": "S2M_LIT.jpg",
            "description": "[Placeholder for AI-generated description]"
        }
    ],
    "source_file": "NCEnglish\\Introduction\\Whats_New_Previous_Versions\\What_s_New_In_Version_12.htm",
    "version": "2024",
    "source_type": "help_file"
}