{
    "id": "fe8334e2-75e9-44ed-b2c8-390234510b8b",
    "title": "What_s_New_2024",
    "content": [
        {
            "type": "text",
            "data": "What's New 2024"
        },
        {
            "type": "text",
            "data": "General"
        },
        {
            "type": "text",
            "data": "Show Part Sizes on Patterns - \n \n \n Show Part Names on Patterns - \n \n \n Machine, Tool, Materials, Offcut, & Part Library information moved from PSNC.accdb to  CVData.mdf \n \n \n PSNC-xx.accdb change from MS Access (ACCDB) to SQL LocalDB (MDF) \n \n \n Control Legend Font Height Seperate from Part Label Font Height - 2024.2 - \n \n \n Double Click +Label Job Files to Open them - 2024.2 - \n \n \n CABINET VISION Paperless Traveller Setup -2024.3 - \n \n \n CABINET VISION Paperless Traveller Output - 2024.3 -"
        },
        {
            "type": "text",
            "data": "Show Part Sizes on Patterns -"
        },
        {
            "type": "text",
            "data": "Show Part Sizes on Patterns -"
        },
        {
            "type": "image",
            "data": "Router.png",
            "description": "[Placeholder for AI-generated description]"
        },
        {
            "type": "image",
            "data": "MachSaw.png",
            "description": "[Placeholder for AI-generated description]"
        },
        {
            "type": "text",
            "data": "Show Part Names on Patterns -"
        },
        {
            "type": "text",
            "data": "Show Part Names on Patterns -"
        },
        {
            "type": "image",
            "data": "Router.png",
            "description": "[Placeholder for AI-generated description]"
        },
        {
            "type": "image",
            "data": "MachSaw.png",
            "description": "[Placeholder for AI-generated description]"
        },
        {
            "type": "text",
            "data": "Machine, Tool, Materials, Offcut, & Part Library information moved from PSNC.accdb to  CVData.mdf"
        },
        {
            "type": "text",
            "data": "Machine, Tool, Materials, Offcut, & Part Library information moved from PSNC.accdb to  CVData.mdf"
        },
        {
            "type": "text",
            "data": "PSNC-xx.accdb change from MS Access (ACCDB) to SQL LocalDB (MDF)"
        },
        {
            "type": "text",
            "data": "PSNC-xx.accdb change from MS Access (ACCDB) to SQL LocalDB (MDF)"
        },
        {
            "type": "text",
            "data": "Control Legend Font Height Seperate from Part Label Font Height - 2024.2 -"
        },
        {
            "type": "text",
            "data": "Control Legend Font Height Seperate from Part Label Font Height - 2024.2 -"
        },
        {
            "type": "image",
            "data": "Router.png",
            "description": "[Placeholder for AI-generated description]"
        },
        {
            "type": "image",
            "data": "MachSaw.png",
            "description": "[Placeholder for AI-generated description]"
        },
        {
            "type": "text",
            "data": "Double Click +Label Job Files to Open them - 2024.2 -"
        },
        {
            "type": "text",
            "data": "Double Click +Label Job Files to Open them - 2024.2 -"
        },
        {
            "type": "image",
            "data": "Label.png",
            "description": "[Placeholder for AI-generated description]"
        },
        {
            "type": "text",
            "data": "CABINET VISION Paperless Traveller Setup -2024.3 -"
        },
        {
            "type": "text",
            "data": "CABINET VISION Paperless Traveller Setup -2024.3 -"
        },
        {
            "type": "link",
            "data": {
                "text": "CABINET VISION Paperless Traveller Setup",
                "uuid": "a6c6d306-c8da-4df8-8440-33f2f24a9c1d",
                "description": "[Placeholder for AI-generated description]"
            }
        },
        {
            "type": "image",
            "data": "Router.png",
            "description": "[Placeholder for AI-generated description]"
        },
        {
            "type": "image",
            "data": "MachSaw.png",
            "description": "[Placeholder for AI-generated description]"
        },
        {
            "type": "text",
            "data": "CABINET VISION Paperless Traveller Output - 2024.3 -"
        },
        {
            "type": "text",
            "data": "CABINET VISION Paperless Traveller Output - 2024.3 -"
        },
        {
            "type": "image",
            "data": "Router.png",
            "description": "[Placeholder for AI-generated description]"
        },
        {
            "type": "image",
            "data": "MachSaw.png",
            "description": "[Placeholder for AI-generated description]"
        },
        {
            "type": "text",
            "data": "xLabel"
        },
        {
            "type": "text",
            "data": "Autotext for CABINET VISION Paperless Traveller WorkOrder  - 2024.3"
        },
        {
            "type": "text",
            "data": "Autotext for CABINET VISION Paperless Traveller WorkOrder  - 2024.3"
        },
        {
            "type": "text",
            "data": "Machine Catalog"
        },
        {
            "type": "text",
            "data": "Label Format and Zone Information added for Part Router - 2024.2 - \n Options added for ALPHACAM multi-drill support - 2024.3 \n Specify Comment Characters for G-Code Output  - 2024.3 \n Specify Hover Tool Comp on Arc  - 2024.3 \n Display Machine ID on Machine Catalog screen - 2024.4"
        },
        {
            "type": "text",
            "data": "Label Format and Zone Information added for Part Router - 2024.2 -"
        },
        {
            "type": "image",
            "data": "Router.png",
            "description": "[Placeholder for AI-generated description]"
        },
        {
            "type": "text",
            "data": "Options added for ALPHACAM multi-drill support - 2024.3"
        },
        {
            "type": "link",
            "data": {
                "text": "Options added for ALPHACAM multi-drill support",
                "uuid": "8f3db61d-fccb-46e0-8dbf-d316d2e1d1b7",
                "description": "[Placeholder for AI-generated description]"
            }
        },
        {
            "type": "text",
            "data": "Specify Comment Characters for G-Code Output  - 2024.3"
        },
        {
            "type": "text",
            "data": "Specify Hover Tool Comp on Arc  - 2024.3"
        },
        {
            "type": "text",
            "data": "Display Machine ID on Machine Catalog screen - 2024.4"
        },
        {
            "type": "text",
            "data": "NC Links"
        },
        {
            "type": "text",
            "data": "Control the Origin for the Holzma Saw Link  - 2024.3 \n Control the Origin for the SCM Ottimo Saw Link  - 2024.3 \n Control the Origin for the SCM PTX Saw Link  - 2024.3 \n Split XML into 1 XML per Pattern for the Selco XML Saw Link  - 2024.3 \n Selco XML Draw Parameter Improvements  - 2024.4 \n Drill & Dowel Link - Gannomat Express S1  - 2024.4"
        },
        {
            "type": "text",
            "data": "Control the Origin for the Holzma Saw Link  - 2024.3"
        },
        {
            "type": "text",
            "data": "Control the Origin for the SCM Ottimo Saw Link  - 2024.3"
        },
        {
            "type": "text",
            "data": "Control the Origin for the SCM PTX Saw Link  - 2024.3"
        },
        {
            "type": "text",
            "data": "Split XML into 1 XML per Pattern for the Selco XML Saw Link  - 2024.3"
        },
        {
            "type": "text",
            "data": "Selco XML Draw Parameter Improvements  - 2024.4"
        },
        {
            "type": "text",
            "data": "Drill & Dowel Link - Gannomat Express S1  - 2024.4"
        },
        {
            "type": "text",
            "data": "Nesting"
        },
        {
            "type": "text",
            "data": "Square Off Nest improved to outline cut offcuts from largest to smallest within a nest  - 2024.3 - \n Options added to cover the legacy Square Off Nest and the new Outline Offcuts  - 2024.4 -"
        },
        {
            "type": "text",
            "data": "Square Off Nest improved to outline cut offcuts from largest to smallest within a nest  - 2024.3 -"
        },
        {
            "type": "image",
            "data": "Router.png",
            "description": "[Placeholder for AI-generated description]"
        },
        {
            "type": "text",
            "data": "Options added to cover the legacy Square Off Nest and the new Outline Offcuts  - 2024.4 -"
        },
        {
            "type": "image",
            "data": "Router.png",
            "description": "[Placeholder for AI-generated description]"
        },
        {
            "type": "text",
            "data": "Reports"
        },
        {
            "type": "text",
            "data": "New 'Large Format' style Pattern Reports (2 Patterns per page) \n Control max Font size for Part Sizes and Part Names on Patterns  - 2024.3"
        },
        {
            "type": "text",
            "data": "New 'Large Format' style Pattern Reports (2 Patterns per page)"
        },
        {
            "type": "text",
            "data": "Control max Font size for Part Sizes and Part Names on Patterns  - 2024.3"
        },
        {
            "type": "text",
            "data": "Legend"
        },
        {
            "type": "text",
            "data": "- +Label"
        },
        {
            "type": "image",
            "data": "Label.png",
            "description": "[Placeholder for AI-generated description]"
        },
        {
            "type": "text",
            "data": "- +Router"
        },
        {
            "type": "image",
            "data": "Router.png",
            "description": "[Placeholder for AI-generated description]"
        },
        {
            "type": "text",
            "data": "- +Saw"
        },
        {
            "type": "image",
            "data": "MachSaw.png",
            "description": "[Placeholder for AI-generated description]"
        }
    ],
    "source_file": "NCEnglish\\Introduction\\What_s_New_2024.htm",
    "version": "2024",
    "source_type": "help_file"
}