{
    "id": "bfd6c47b-ad4b-4496-b5c1-1c1f24dacef8",
    "title": "WoodWop_25",
    "content": [
        {
            "type": "text",
            "data": "WoodWop 25"
        },
        {
            "type": "text",
            "data": "This is a Parts Router and/or Point-to-Point Link."
        },
        {
            "type": "text",
            "data": "WoodWop version 2.5 does not support Tool Compensation. All router and saw tools should be set to output Center Line paths. The following information from the Tool Catalog can not be used by WoodWop 2.5 and is therefore ignored: Tool Compensation, Feed Rate, Descent Rate, Maximum Depth Per Pass. Layer names will be generated automatically to the default settings:"
        },
        {
            "type": "text",
            "data": "Panel Dimensions: S_ + Part Thickness \n \n \n Routing: FZ + Distance Off Table + T + Tool Number \n \n \n Grooving Operations: NZ + Depth \n \n \n Vertical Boring: ZG + Depth \n \n \n Vertical Through Boring: ZD + Depth \n \n \n Horizontal Boring: HO + Z Position"
        },
        {
            "type": "text",
            "data": "Panel Dimensions: S_ + Part Thickness"
        },
        {
            "type": "text",
            "data": "Panel Dimensions: S_ + Part Thickness"
        },
        {
            "type": "text",
            "data": "Routing: FZ + Distance Off Table + T + Tool Number"
        },
        {
            "type": "text",
            "data": "Routing: FZ + Distance Off Table + T + Tool Number"
        },
        {
            "type": "text",
            "data": "Grooving Operations: NZ + Depth"
        },
        {
            "type": "text",
            "data": "Grooving Operations: NZ + Depth"
        },
        {
            "type": "text",
            "data": "Vertical Boring: ZG + Depth"
        },
        {
            "type": "text",
            "data": "Vertical Boring: ZG + Depth"
        },
        {
            "type": "text",
            "data": "Vertical Through Boring: ZD + Depth"
        },
        {
            "type": "text",
            "data": "Vertical Through Boring: ZD + Depth"
        },
        {
            "type": "text",
            "data": "Horizontal Boring: HO + Z Position"
        },
        {
            "type": "text",
            "data": "Horizontal Boring: HO + Z Position"
        },
        {
            "type": "text",
            "data": "Tool selection for routing is made by Tool Number. Be sure to have accurate tool numbers for all routers in the Tool Catalog. Tool selection for boring is made by a size match between the tool and the operation. This output will create a JobName_25.bat file that can be used to automate the process of running BPP and converting the DXF files to the WoodWop file format."
        }
    ],
    "source_file": "NCEnglish\\Ribbonbar\\Main_Tab\\Machine\\NC_Links\\Parts_Router_P-2-P_Links\\WoodWop_25.htm",
    "version": "2024",
    "source_type": "help_file"
}