{
    "id": "d708550b-0128-4849-a93f-c7b3b3eaa8bd",
    "title": "WoodWop_5",
    "content": [
        {
            "type": "text",
            "data": "WoodWop 5"
        },
        {
            "type": "text",
            "data": "This is a Parts Router and/or Point-to-Point Link."
        },
        {
            "type": "text",
            "data": "This link does not support tool compensation for saws. All saw tools should be set to output center line paths. Routers can be output with tool compensation. The following information from the tool catalog can not be used by this link and is therefore ignored: Feed rate, descent rate, maximum depth per pass."
        },
        {
            "type": "text",
            "data": "Layer names will be generated automatically to the default settings:"
        },
        {
            "type": "text",
            "data": "Panel Dimensions: ProcPart_ + Part Thickness"
        },
        {
            "type": "text",
            "data": "Routing: V_Trim_ + Distance Off Table + T + Tool Number + Tool Comp"
        },
        {
            "type": "text",
            "data": "Grooving Operations: V_Saw0_ + Depth"
        },
        {
            "type": "text",
            "data": "Vertical Boring: V_DrillSF_ + Depth"
        },
        {
            "type": "text",
            "data": "Vertical Through Boring: V_DrillSFS"
        },
        {
            "type": "text",
            "data": "Horizontal Boring: H_Drill_ + Z Position"
        },
        {
            "type": "text",
            "data": "Tool selection for routing is made by tool number. Be sure to have accurate tool numbers for all routers in the tool catalog. Tool selection for boring is made by a size match between the tool and the operation. This output will create a RunNumber_50.bat file that can be used to automate the process of running BPP and converting the DXF files to the WoodWop file format."
        }
    ],
    "source_file": "NCEnglish\\Ribbonbar\\Main_Tab\\Machine\\NC_Links\\Parts_Router_P-2-P_Links\\WoodWop_5.htm",
    "version": "2024",
    "source_type": "help_file"
}