{
    "id": "dd9fc58d-4386-48a7-bdd6-61ace173c4f2",
    "title": "Zoom_Group",
    "content": [
        {
            "type": "text",
            "data": "Zoom Group"
        },
        {
            "type": "image",
            "data": "image1154.gif",
            "description": "[Placeholder for AI-generated description]"
        },
        {
            "type": "text",
            "data": "The Zoom Group has three options:"
        },
        {
            "type": "text",
            "data": "Window"
        },
        {
            "type": "image",
            "data": "image1155.gif",
            "description": "[Placeholder for AI-generated description]"
        },
        {
            "type": "text",
            "data": "The Zoom Window option is used for increasing the size of an area or Part on your screen to see a detail or examine a condition. By clicking on the Zoom Window tool, then clicking in the center of the area you would like to Zoom In to, and, while holding the mouse button down, dragging the cursor diagonally across the item you wish to Zoom In on, finally releasing the mouse button at the end of the area, your screen will Zoom In."
        },
        {
            "type": "text",
            "data": "You can also change the Window from Center out to Corner to Corner in  Preferences | Tools  Tab."
        },
        {
            "type": "link",
            "data": {
                "text": "Preferences | Tools",
                "uuid": "a6c6d306-c8da-4df8-8440-33f2f24a9c1d",
                "description": "[Placeholder for AI-generated description]"
            }
        },
        {
            "type": "text",
            "data": "Out"
        },
        {
            "type": "image",
            "data": "image1156.gif",
            "description": "[Placeholder for AI-generated description]"
        },
        {
            "type": "text",
            "data": "The Zoom Out option isn't a click and drag task, instead, simply clicking the Zoom Out option will incrementally Zoom the drawing out."
        },
        {
            "type": "text",
            "data": "All"
        },
        {
            "type": "image",
            "data": "image1157.gif",
            "description": "[Placeholder for AI-generated description]"
        },
        {
            "type": "text",
            "data": "The Zoom All option will restore the object size to the original size and re-center the object in the process."
        }
    ],
    "source_file": "NCEnglish_Optimizer\\Ribbonbar\\Main_Tab\\Zoom_Group.htm",
    "version": "2024",
    "source_type": "help_file"
}